date_afran,close_afran,date_yaghoot,close_yaghoot,date_goldMofid,close_goldMofid,date_nahal,close_nahal,date_sahar,close_sahar,date_agas,close_agas,date_sarv,close_sarv,date_atlas,close_atlas
20210213,12663,20210213,11878,20210213,31124.36,20210213,9865.96,20210213,10908.05,20210213,69174.34,20210213,6360.23,20210213,20902.53
20210214,12670,20210214,11885,20210214,30422.25,20210214,9865.96,20210214,10460.16,20210214,67565.87,20210214,6227.35,20210214,20681.29
20210215,12679,20210215,11889,20210215,29835.98,20210215,9442.51,20210215,9787.82,20210215,66848.65,20210215,6194.58,20210215,20439.37
20210216,12699,20210216,11899,20210216,30236.31,20210216,9003.23,20210216,9680.08,20210216,65842.73,20210216,6099.01,20210216,20134.64
20210217,12711,20210217,11909,20210217,30045.29,20210217,9003.23,20210217,9772.85,20210217,66009.71,20210217,6114.49,20210217,19921.05
20210220,12727,20210220,11920,20210220,29032.26,20210220,9003.23,20210220,9539.43,20210220,65434.32,20210220,6005.27,20210220,19498.34
20210221,12737,20210221,11933,20210221,28417.54,20210221,9003.23,20210221,9150.39,20210221,63808.75,20210221,5829.6,20210221,19225.22
20210222,12743,20210222,11936,20210222,28592.3,20210222,9003.23,20210222,9087.55,20210222,62962.77,20210222,5715.83,20210222,18785.31
20210223,12754,20210223,11938,20210223,28675.62,20210223,9003.23,20210223,9283.07,20210223,64643.66,20210223,5923.35,20210223,19277
20210224,12763,20210224,11943,20210224,28933.7,20210224,9003.23,20210224,9405.76,20210224,65284.44,20210224,5958.85,20210224,19530.15
20210227,12780,20210227,11966,20210227,28497.81,20210227,8940.9,20210227,9478.58,20210227,63078.45,20210227,5737.68,20210227,19228.1
20210228,12778,20210228,11985,20210228,28347.43,20210228,9003.23,20210228,9469.6,20210228,62272.7,20210228,5642.11,20210228,19028.52
20210301,12788,20210301,11988,20210301,28557.76,20210301,9353.47,20210301,9501.53,20210301,63494.9,20210301,5818.68,20210301,19291.91
20210302,12799,20210302,11981,20210302,28042.61,20210302,9319.83,20210302,9481.57,20210302,64171.89,20210302,5929.72,20210302,19554.4
20210303,12810,20210303,11993,20210303,28132.02,20210303,9407.88,20210303,9465.61,20210303,62794.78,20210303,5781.37,20210303,19498.64
20210306,12822,20210306,12011,20210306,26675.99,20210306,9515.72,20210306,9589.31,20210306,61917.61,20210306,5729.49,20210306,19168.17
20210307,12823,20210307,12010,20210307,26597.75,20210307,9688.86,20210307,9688.06,20210307,63035.19,20210307,5828.69,20210307,19581.23
20210308,12830,20210308,12010,20210308,26678.02,20210308,9519.68,20210308,9628.21,20210308,64751.3,20210308,6023.47,20210308,20031.87
20210309,12833,20210309,12019,20210309,26443.31,20210309,9344.56,20210309,9555.39,20210309,65392.07,20210309,6075.35,20210309,20615.89
20210310,12845,20210310,12027,20210310,26712.57,20210310,9300.04,20210310,9509.51,20210310,65094.32,20210310,5967.04,20210310,20356.08
20210313,12866,20210313,12043,20210313,27419.76,20210313,9219.9,20210313,9515.49,20210313,66594.15,20210313,6125.41,20210313,20905.51
20210314,12882,20210314,12049,20210314,27509.17,20210314,9321.81,20210314,9506.51,20210314,67497.47,20210314,6182.75,20210314,20976.68
20210315,12889,20210315,12062,20210315,27021.45,20210315,9380.18,20210315,9519.48,20210315,67977.3,20210315,6229.17,20210315,20818.45
20210316,12892,20210316,12062,20210316,27538.64,20210316,9348.52,20210316,9529.46,20210316,71251.58,20210316,6458.53,20210316,21435.66
20210317,12915,20210317,12082,20210317,27860.73,20210317,9293.12,20210317,9737.94,20210317,72678.98,20210317,6568.66,20210317,21718.73
20210327,12971,20210327,12142,20210327,27996.88,20210327,9291.14,20210327,9685.07,20210327,73165.85,20210327,6604.15,20210327,21692.69
20210328,12980,20210328,12150,20210328,28591.29,20210328,9204.07,20210328,9729.96,20210328,72551.23,20210328,6590.5,20210328,21497.08
20210330,12991,20210330,12168,20210330,28492.73,20210330,9185.27,20210330,9668.11,20210330,72112.65,20210330,6566.84,20210330,21656.31
20210331,13001,20210331,12173,20210331,28465.29,20210331,9195.17,20210331,9616.24,20210331,70960.86,20210331,6472.18,20210331,21432.88
20210403,13016,20210403,12178,20210403,27465.48,20210403,9194.18,20210403,9551.4,20210403,69523.4,20210403,6256.47,20210403,21174.46
20210404,13022,20210404,12190,20210404,27475.64,20210404,9184.28,20210404,9493.55,20210404,67932.03,20210404,6057.15,20210404,20777.4
20210405,13026,20210405,12205,20210405,27470.56,20210405,9193.19,20210405,9460.63,20210405,68903.75,20210405,6197.31,20210405,20938.41
20210406,13036,20210406,12196,20210406,27549.81,20210406,9197.15,20210406,9440.68,20210406,68845.41,20210406,6269.21,20210406,21071.3
20210407,13042,20210407,12202,20210407,27490.88,20210407,9241.67,20210407,9433.69,20210407,66932.14,20210407,6106.29,20210407,20742.11
20210410,13056,20210410,12222,20210410,26759.31,20210410,9193.19,20210410,9410.75,20210410,64766.39,20210410,5987.06,20210410,20447.12
20210411,13064,20210411,12242,20210411,26558.12,20210411,9206.05,20210411,9382.82,20210411,64503.84,20210411,6014.37,20210411,20339.18
20210412,13077,20210412,12245,20210412,26799.95,20210412,9714.58,20210412,9679.09,20210412,65513.79,20210412,6083.54,20210412,20448.71
20210413,13078,20210413,12251,20210413,26612.99,20210413,10149.91,20210413,9936.45,20210413,67739.9,20210413,6250.1,20210413,20969.92
20210414,13083,20210414,12248,20210414,26870.06,20210414,10448.69,20210414,9971.36,20210414,67087.05,20210414,6126.32,20210414,20673.73
20210417,13109,20210417,12267,20210417,26915.78,20210417,10265.66,20210417,9995.31,20210417,64695.97,20210417,5919.71,20210417,20405.18
20210418,13118,20210418,12282,20210418,26574.38,20210418,10087.58,20210418,9795.8,20210418,62944.66,20210418,5719.47,20210418,20269.31
20210419,13132,20210419,12292,20210419,26066.35,20210419,10456.61,20210419,9920.49,20210419,64577.27,20210419,5856.91,20210419,20208.78
20210420,13141,20210420,12292,20210420,25451.62,20210420,10751.44,20210420,10043.19,20210420,65959.41,20210420,5899.69,20210420,20320.9
20210421,13147,20210421,12305,20210421,25556.28,20210421,10650.53,20210421,9984.33,20210421,64253.37,20210421,5801.39,20210421,20133.65
20210424,13161,20210424,12307,20210424,25306.32,20210424,10427.92,20210424,9838.69,20210424,63761.47,20210424,5750.42,20210424,19902.26
20210425,13166,20210425,12327,20210425,25659.92,20210425,10000.51,20210425,9679.09,20210425,62529.21,20210425,5647.57,20210425,19682.51
20210426,13172,20210426,12326,20210426,25309.37,20210426,9775.93,20210426,9568.36,20210426,63842.95,20210426,5749.51,20210426,19902.66
20210427,13179,20210427,12308,20210427,25260.6,20210427,9709.64,20210427,9577.34,20210427,65419.23,20210427,5880.57,20210427,20218.13
20210428,13186,20210428,12313,20210428,25306.32,20210428,9445.48,20210428,9508.51,20210428,66231.01,20210428,5907.88,20210428,20365.03
20210501,13208,20210501,12346,20210501,24596.09,20210501,9269.37,20210501,9420.72,20210501,64773.43,20210501,5778.64,20210501,20003.05
20210502,13220,20210502,12355,20210502,23963.07,20210502,9090.3,20210502,9162.36,20210502,63438.57,20210502,5675.79,20210502,19729.52
20210503,13234,20210503,12351,20210503,23999.65,20210503,8917.16,20210503,9039.67,20210503,63033.18,20210503,5616.63,20210503,19518.52
20210505,13248,20210505,12361,20210505,23460.12,20210505,8945.85,20210505,8975.82,20210505,63697.09,20210505,5658.49,20210505,19635.4
20210508,13274,20210508,12344,20210508,24118.53,20210508,8913.2,20210508,8896.02,20210508,62647.91,20210508,5520.15,20210508,19629.04
20210509,13285,20210509,12350,20210509,24369.5,20210509,8739.07,20210509,8677.56,20210509,61494.12,20210509,5435.5,20210509,19104.75
20210510,13287,20210510,12350,20210510,25415.04,20210510,8809.32,20210510,8619.7,20210510,62681.11,20210510,5536.53,20210510,19001.79
20210511,13287,20210511,12351,20210511,26050.09,20210511,8839,20210511,8444.14,20210511,64385.14,20210511,5713.1,20210511,19400.64
20210512,13294,20210512,12353,20210512,25905.81,20210512,8698.51,20210512,8385.28,20210512,64308.69,20210512,5747.69,20210512,19632.42
20210515,13313,20210515,12355,20210515,26519.51,20210515,8653.98,20210515,8418.2,20210515,64975.62,20210515,5784.1,20210515,19867.28
20210516,13321,20210516,12355,20210516,26547.96,20210516,8540.21,20210516,8399.25,20210516,64716.09,20210516,5797.75,20210516,19882.29
20210517,13328,20210517,12355,20210517,25788.96,20210517,8617.38,20210517,8402.24,20210517,63598.51,20210517,5719.47,20210517,19727.44
20210518,13342,20210518,12356,20210518,26306.14,20210518,8469.96,20210518,8409.22,20210518,64282.54,20210518,5660.31,20210518,19702.29
20210519,13343,20210519,12358,20210519,25588.79,20210519,8551.09,20210519,8292.51,20210519,62902.41,20210519,5479.19,20210519,19457.19
20210522,13355,20210522,12368,20210522,25546.12,20210522,8387.85,20210522,8240.64,20210522,61603.76,20210522,5298.07,20210522,19079.41
20210523,13366,20210523,12370,20210523,25856.02,20210523,8466.99,20210523,8108.97,20210523,60318.19,20210523,5099.65,20210523,18690.79
20210524,13376,20210524,12363,20210524,26440.26,20210524,8435.33,20210524,8138.89,20210524,60095.88,20210524,5064.16,20210524,18590.9
20210525,13381,20210525,12367,20210525,26491.06,20210525,8401.7,20210525,8281.54,20210525,61377.43,20210525,5194.31,20210525,18871.29
20210526,13389,20210526,12374,20210526,27126.11,20210526,8323.54,20210526,8200.74,20210526,61369.38,20210526,5188.85,20210526,19070.36
20210529,13405,20210529,12382,20210529,28335.24,20210529,8419.5,20210529,8461.1,20210529,64485.73,20210529,5459.17,20210529,19746.82
20210530,13414,20210530,12387,20210530,28112.72,20210530,8480.85,20210530,8530.92,20210530,65784.38,20210530,5541.08,20210530,19962
20210531,13422,20210531,12394,20210531,27347.61,20210531,8299.79,20210531,8422.19,20210531,64693.96,20210531,5408.2,20210531,19525.67
20210601,13433,20210601,12401,20210601,27699.18,20210601,8414.56,20210601,8488.03,20210601,64069.28,20210601,5363.6,20210601,19413.86
20210602,13442,20210602,12410,20210602,28016.19,20210602,8417.53,20210602,8611.72,20210602,65027.93,20210602,5483.74,20210602,19749.8
20210607,13477,20210607,12434,20210607,27911.53,20210607,8420.49,20210607,8554.86,20210607,65518.82,20210607,5584.77,20210607,19709.35
20210608,13489,20210608,12439,20210608,27534.57,20210608,8456.11,20210608,8557.86,20210608,65887.99,20210608,5623.91,20210608,19901.17
20210609,13498,20210609,12449,20210609,27558.96,20210609,8372.02,20210609,8480.05,20210609,64845.86,20210609,5531.98,20210609,19538.4
20210612,13516,20210612,12465,20210612,27000.12,20210612,8493.71,20210612,8582.8,20210612,65022.9,20210612,5510.14,20210612,19447.06
20210613,13530,20210613,12476,20210613,27415.69,20210613,8298.8,20210613,8588.78,20210613,64922.31,20210613,5496.48,20210613,19529.55
20210614,13536,20210614,12493,20210614,27248.04,20210614,8361.13,20210614,8649.63,20210614,65550,20210614,5560.2,20210614,19656.97
20210615,13542,20210615,12480,20210615,27289.7,20210615,8276.05,20210615,8560.85,20210615,64942.42,20210615,5509.23,20210615,19653.69
20210616,13551,20210616,12486,20210616,27723.56,20210616,8446.22,20210616,8590.78,20210616,64504.85,20210616,5475.55,20210616,19611.45
20210619,13578,20210619,12505,20210619,27033.65,20210619,8675.75,20210619,8729.43,20210619,65234.14,20210619,5559.29,20210619,19792.64
20210620,13585,20210620,12512,20210620,26647.54,20210620,8693.56,20210620,8632.67,20210620,64839.82,20210620,5531.98,20210620,20181.35
20210621,13586,20210621,12515,20210621,26705.46,20210621,8604.52,20210621,8589.78,20210621,64870,20210621,5532.89,20210621,20284.32
20210622,13601,20210622,12523,20210622,26901.56,20210622,8743.03,20210622,8699.51,20210622,65627.46,20210622,5629.37,20210622,20404.38
20210623,13606,20210623,12528,20210623,26577.43,20210623,8650.03,20210623,8718.46,20210623,67129.3,20210623,5758.61,20210623,20713.89
20210626,13620,20210626,12546,20210626,27080.39,20210626,8673.77,20210626,8870.09,20210626,70261.75,20210626,6002.54,20210626,21463.59
20210627,13630,20210627,12555,20210627,27169.8,20210627,8693.56,20210627,8861.11,20210627,70591.69,20210627,6042.58,20210627,21408.83
20210628,13642,20210628,12559,20210628,27550.83,20210628,9001.25,20210628,8872.08,20210628,70116.89,20210628,6011.64,20210628,21400.08
20210629,13646,20210629,12561,20210629,27951.16,20210629,9154.6,20210629,8966.85,20210629,70549.44,20210629,6074.44,20210629,21508.51
20210630,13654,20210630,12568,20210630,27835.33,20210630,9283.22,20210630,8968.84,20210630,71085.6,20210630,6132.69,20210630,21763.15
20210703,13675,20210703,12588,20210703,27668.69,20210703,9050.72,20210703,8980.81,20210703,70056.54,20210703,6076.26,20210703,21905.28
20210704,13685,20210704,12595,20210704,27808.91,20210704,9134.82,20210704,8990.79,20210704,69791.98,20210704,6076.26,20210704,21877.15
20210705,13695,20210705,12603,20210705,27520.35,20210705,9230.78,20210705,9021.71,20210705,70872.34,20210705,6165.45,20210705,22171.75
20210706,13704,20210706,12606,20210706,27636.18,20210706,9205.06,20210706,8972.83,20210706,72773.54,20210706,6338.39,20210706,22682.52
20210707,13715,20210707,12612,20210707,27577.25,20210707,9063.58,20210707,9070.59,20210707,72388.27,20210707,6291.06,20210707,22799.9
20210710,13730,20210710,12629,20210710,27562.01,20210710,9206.05,20210710,9135.43,20210710,71400.45,20210710,6194.58,20210710,22555.99
20210711,13738,20210711,12645,20210711,27582.33,20210711,9148.67,20210711,9121.46,20210711,72589.45,20210711,6316.54,20210711,22818.78
20210712,13751,20210712,12648,20210712,27517.3,20210712,9197.15,20210712,9129.44,20210712,73562.18,20210712,6400.28,20210712,23077.49
20210713,13758,20210713,12648,20210713,27164.72,20210713,9239.69,20210713,9128.45,20210713,73603.43,20210713,6400.28,20210713,22994.9
20210714,13766,20210714,12662,20210714,26907.65,20210714,9180.33,20210714,9126.45,20210714,73596.38,20210714,6383.89,20210714,23114.07
20210717,13786,20210717,12675,20210717,27008.25,20210717,9207.04,20210717,9119.47,20210717,74081.24,20210717,6435.77,20210717,23365.03
20210718,13793,20210718,12680,20210718,26833.48,20210718,9187.25,20210718,9106.5,20210718,73237.27,20210718,6319.27,20210718,23119.24
20210719,13803,20210719,12688,20210719,26910.7,20210719,9156.58,20210719,9125.45,20210719,73692.95,20210719,6324.73,20210719,23191.5
20210726,13857,20210726,12734,20210726,27765.22,20210726,9258.49,20210726,9111.49,20210726,74452.43,20210726,6393,20210726,23452.99
20210727,13865,20210727,12742,20210727,28253.95,20210727,9212.98,20210727,9117.47,20210727,73943.43,20210727,6324.73,20210727,23325.47
20210728,13874,20210728,12747,20210728,28765.04,20210728,9347.53,20210728,9110.49,20210728,74443.37,20210728,6336.57,20210728,23424.86
20210731,13911,20210731,12768,20210731,30135.72,20210731,9659.18,20210731,9256.13,20210731,77035.64,20210731,6474,20210731,23955.21
20210801,13917,20210801,12773,20210801,29997.53,20210801,9819.46,20210801,9200.27,20210801,78723.58,20210801,6513.14,20210801,24151.81
20210802,13922,20210802,12781,20210802,29559.61,20210802,9973.8,20210802,9225.21,20210802,78604.88,20210802,6540.44,20210802,24118.31
20210803,13929,20210803,12787,20210803,29899.99,20210803,9858.04,20210803,9249.15,20210803,79677.19,20210803,6624.18,20210803,24162.04
20210804,13936,20210804,12794,20210804,30217.01,20210804,9943.13,20210804,9223.21,20210804,81492.88,20210804,6892.68,20210804,24703.52
20210807,13957,20210807,12815,20210807,29338.1,20210807,9894.65,20210807,9915.5,20210807,81807.74,20210807,7012.82,20210807,24893.06
20210808,13965,20210808,12821,20210808,29610.41,20210808,10096.48,20210808,10274.62,20210808,82674.84,20210808,7079.26,20210808,24762.36
20210809,13972,20210809,12832,20210809,29415.32,20210809,9928.29,20210809,10061.14,20210809,83921.18,20210809,7269.48,20210809,24964.13
20210810,13979,20210810,12837,20210810,29643.94,20210810,10156.83,20210810,10048.17,20210810,84455.33,20210810,7372.33,20210810,25319.84
20210811,13987,20210811,12847,20210811,30477.12,20210811,10088.57,20210811,10035.21,20210811,86585.88,20210811,7588.04,20210811,25930.8
20210814,14009,20210814,12874,20210814,30817.5,20210814,9933.23,20210814,10118,20210814,85634.27,20210814,7548,20210814,25967.08
20210815,14018,20210815,12905,20210815,31119.28,20210815,10117.26,20210815,10145.93,20210815,86022.56,20210815,7659.95,20210815,26292.68
20210822,14065,20210822,12929,20210822,32246.1,20210822,10264.67,20210822,10273.62,20210822,87861.39,20210822,7844.71,20210822,27144.85
20210823,14076,20210823,12933,20210823,31739.08,20210823,10354.7,20210823,10451.18,20210823,88431.74,20210823,7879.29,20210823,27192.66
20210824,14083,20210824,12940,20210824,32212.57,20210824,10424.95,20210824,10469.13,20210824,91201.05,20210824,8054.05,20210824,28006.87
20210825,14091,20210825,12960,20210825,31780.74,20210825,10323.05,20210825,10447.19,20210825,91268.45,20210825,8137.78,20210825,27802.12
20210828,14119,20210828,12977,20210828,32080.48,20210828,10252.8,20210828,10479.11,20210828,91907.21,20210828,8171.46,20210828,27968.6
20210829,14121,20210829,12982,20210829,31132.49,20210829,10055.92,20210829,10336.46,20210829,90116.67,20210829,8040.39,20210829,27701.74
20210830,14126,20210830,13010,20210830,30162.14,20210830,9656.21,20210830,9998.3,20210830,84582.08,20210830,7584.4,20210830,26184.14
20210831,14147,20210831,13003,20210831,30823.6,20210831,9603.78,20210831,9932.46,20210831,85450.19,20210831,7538.89,20210831,25787.97
20210901,14155,20210901,13009,20210901,30933.34,20210901,9860.02,20210901,9971.36,20210901,88319.08,20210901,7738.22,20210901,26999.35
20210904,14170,20210904,13028,20210904,30823.6,20210904,9879.81,20210904,9970.37,20210904,89866.19,20210904,7854.72,20210904,27685.14
20210905,14187,20210905,13029,20210905,31078.64,20210905,9815.5,20210905,9870.61,20210905,88491.09,20210905,7740.04,20210905,27138.29
20210906,14196,20210906,13038,20210906,30886.6,20210906,9597.84,20210906,9678.09,20210906,88411.63,20210906,7626.27,20210906,27098.74
20210907,14204,20210907,13051,20210907,30898.79,20210907,9408.87,20210907,9448.66,20210907,86310.25,20210907,7472.45,20210907,26428.94
20210908,14211,20210908,13053,20210908,31065.43,20210908,9196.16,20210908,9261.12,20210908,87110.97,20210908,7535.25,20210908,26717.47
20210911,14236,20210911,13076,20210911,31118.26,20210911,9432.62,20210911,9602.28,20210911,87526.41,20210911,7569.84,20210911,26800.57
20210912,14245,20210912,13105,20210912,30857.13,20210912,9529.57,20210912,9817.74,20210912,84849.65,20210912,7215.78,20210912,26056.33
20210913,14254,20210913,13121,20210913,30413.11,20210913,9535.51,20210913,9721.98,20210913,83754.2,20210913,7079.26,20210913,25755.18
20210914,14262,20210914,13125,20210914,30628.51,20210914,9796.7,20210914,9866.62,20210914,85212.79,20210914,7281.32,20210914,26388.29
20210915,14270,20210915,13130,20210915,30498.46,20210915,9720.52,20210915,9700.03,20210915,84829.53,20210915,7247.64,20210915,25999.08
20210918,14290,20210918,13146,20210918,30055.45,20210918,9634.45,20210918,9695.05,20210918,82589.34,20210918,7000.08,20210918,25299.07
20210919,14298,20210919,13142,20210919,29788.22,20210919,9767.02,20210919,9713,20210919,81364.13,20210919,6927.26,20210919,24985.79
20210920,14306,20210920,13146,20210920,29955.87,20210920,10025.25,20210920,9891.56,20210920,82349.93,20210920,7011,20210920,25379.08
20210921,14313,20210921,13165,20210921,29881.7,20210921,10329.97,20210921,10110.02,20210921,79550.45,20210921,6780.73,20210921,24696.86
20210922,14321,20210922,13180,20210922,30099.14,20210922,10583.25,20210922,10334.47,20210922,79505.18,20210922,6814.4,20210922,24694.78
20210925,14344,20210925,13197,20210925,30105.24,20210925,10621.83,20210925,10250.67,20210925,82877.04,20210925,7082.9,20210925,25492.09
20210926,14353,20210926,13218,20210926,30042.24,20210926,10610.95,20210926,10140.95,20210926,82635.61,20210926,7050.13,20210926,25339.42
20210928,14371,20210928,13229,20210928,30263.74,20210928,10368.56,20210928,10163.89,20210928,82576.26,20210928,7021.01,20210928,25398.96
20210929,14378,20210929,13231,20210929,30659,20210929,10401.2,20210929,10242.69,20210929,82973.6,20210929,7062.88,20210929,25626.86
20211002,14401,20211002,13248,20211002,30967.88,20211002,11250.08,20211002,10603.8,20211002,86171.43,20211002,7334.11,20211002,26377.06
20211003,14408,20211003,13256,20211003,30609.21,20211003,12017.83,20211003,10819.27,20211003,86016.52,20211003,7326.83,20211003,26216.84
20211004,14418,20211004,13273,20211004,30618.35,20211004,12226.59,20211004,10835.23,20211004,86486.29,20211004,7384.17,20211004,26305.1
20211006,14433,20211006,13295,20211006,30634.61,20211006,11681.44,20211006,10639.71,20211006,87080.79,20211006,7411.47,20211006,26303.91
20211009,14456,20211009,13306,20211009,30211.92,20211009,11031.43,20211009,10205.79,20211009,84835.57,20211009,7163.91,20211009,25734.3
20211010,14465,20211010,13297,20211010,30083.9,20211010,11255.03,20211010,10191.82,20211010,83701.89,20211010,7047.4,20211010,25351.95
20211011,14472,20211011,13303,20211011,29955.87,20211011,11374.74,20211011,10358.41,20211011,84239.06,20211011,7054.69,20211011,25613.54
20211012,14480,20211012,13318,20211012,29343.18,20211012,10975.04,20211012,10379.36,20211012,82107.5,20211012,6778.91,20211012,24889.28
20211013,14488,20211013,13342,20211013,29336.07,20211013,10699,20211013,10374.37,20211013,80995.96,20211013,6662.4,20211013,24599.16
20211016,14506,20211016,13344,20211016,29941.65,20211016,10726.71,20211016,10512.03,20211016,85212.79,20211016,6944.56,20211016,25718.3
20211017,14513,20211017,13362,20211017,29862.4,20211017,10768.26,20211017,10421.25,20211017,83453.43,20211017,6775.27,20211017,25394.59
20211018,14521,20211018,13387,20211018,29658.16,20211018,10977.02,20211018,10495.07,20211018,83031.95,20211018,6789.83,20211018,25366.66
20211019,14529,20211019,13385,20211019,29895.93,20211019,11252.06,20211019,10484.1,20211019,84592.13,20211019,6929.08,20211019,25717.51
20211020,14538,20211020,13375,20211020,29824.8,20211020,11400.46,20211020,10550.93,20211020,83867.87,20211020,6808.03,20211020,25467.14
20211023,14562,20211023,13395,20211023,30135.72,20211023,11549.86,20211023,10671.63,20211023,82199.04,20211023,6694.26,20211023,24914.13
20211025,14576,20211025,13411,20211025,30339.95,20211025,11794.23,20211025,11142.47,20211025,81378.21,20211025,6656.94,20211025,24628.38
20211026,14584,20211026,13428,20211026,30235.29,20211026,12502.62,20211026,12047.24,20211026,81877.15,20211026,6694.26,20211026,24681.76
20211027,14592,20211027,13449,20211027,30274.92,20211027,12795.47,20211027,12859.23,20211027,82259.4,20211027,6692.44,20211027,24818.22
20211030,14616,20211030,13469,20211030,30073.74,20211030,12467,20211030,12460.22,20211030,80350.16,20211030,6507.68,20211030,24275.55
20211031,14624,20211031,13487,20211031,29904.05,20211031,12791.51,20211031,12645.76,20211031,77608.01,20211031,6204.59,20211031,23591.44
20211101,14632,20211101,13483,20211101,30144.86,20211101,12838.01,20211101,12367.44,20211101,80068.5,20211101,6414.84,20211101,24379.41
20211102,14640,20211102,13502,20211102,30119.46,20211102,12926.07,20211102,12639.77,20211102,80223.41,20211102,6465.81,20211102,24434.67
20211103,14648,20211103,13491,20211103,30258.66,20211103,13708.66,20211103,13701.15,20211103,81158.92,20211103,6602.33,20211103,24704.62
20211106,14671,20211106,13503,20211106,30599.05,20211106,14715.83,20211106,14872.26,20211106,84876.81,20211106,6978.23,20211106,25620.6
20211107,14678,20211107,13511,20211107,30614.29,20211107,14959.21,20211107,15657.32,20211107,83024.91,20211107,6817.13,20211107,25352.84
20211108,14686,20211108,13520,20211108,31022.75,20211108,15332.21,20211108,16891.27,20211108,83074.2,20211108,6854.45,20211108,25355.53
20211109,14694,20211109,13530,20211109,30875.42,20211109,15808.09,20211109,17398.02,20211109,83958.4,20211109,6968.22,20211109,25604.7
20211110,14702,20211110,13548,20211110,31376.34,20211110,16216.7,20211110,17438.92,20211110,84180.71,20211110,7012.82,20211110,25559.48
20211113,14726,20211113,13566,20211113,32804.94,20211113,17129.88,20211113,18061.38,20211113,82387.15,20211113,6809.85,20211113,25084.19
20211114,14733,20211114,13568,20211114,32601.73,20211114,18171.69,20211114,18374.6,20211114,83214.02,20211114,6861.73,20211114,25254.15
20211115,14743,20211115,13585,20211115,31976.84,20211115,18068.79,20211115,18020.48,20211115,81414.42,20211115,6647.84,20211115,25282.08
20211116,14754,20211116,13591,20211116,32295.89,20211116,17265.43,20211116,17065.84,20211116,81231.34,20211116,6626,20211116,24794.76
20211117,14763,20211117,13588,20211117,32385.31,20211117,18436.84,20211117,17860.87,20211117,81446.61,20211117,6642.38,20211117,24833.23
20211120,14788,20211120,13610,20211120,31826.47,20211120,20014.87,20211120,18745.69,20211120,79382.46,20211120,6461.26,20211120,24342.54
20211121,14798,20211121,13617,20211121,32057.11,20211121,20995.34,20211121,20089.37,20211121,80003.11,20211121,6515.87,20211121,24403.96
20211122,14807,20211122,13630,20211122,32205.46,20211122,21187.27,20211122,20726.79,20211122,81826.85,20211122,6647.84,20211122,24843.27
20211123,14815,20211123,13654,20211123,31891.49,20211123,20910.25,20211123,20689.88,20211123,80811.87,20211123,6587.77,20211123,24710.98
20211124,14823,20211124,13661,20211124,32607.83,20211124,21152.65,20211124,21134.78,20211124,80222.4,20211124,6525.88,20211124,24588.13
20211127,14848,20211127,13675,20211127,32638.31,20211127,21018.09,20211127,21218.58,20211127,78485.17,20211127,6295.61,20211127,24056.39
20211128,14856,20211128,13692,20211128,32581.41,20211128,20403.7,20211128,20460.45,20211128,78649.14,20211128,6352.04,20211128,24261.24
20211129,14864,20211129,13700,20211129,33005.11,20211129,19885.27,20211129,19709.31,20211129,78423.81,20211129,6321.09,20211129,24159.26
20211130,14873,20211130,13704,20211130,32484.88,20211130,20944.88,20211130,20511.32,20211130,78155.23,20211130,6281.05,20211130,24074.78
20211201,14882,20211201,13711,20211201,32711.47,20211201,21237.73,20211201,20942.26,20211201,76881.73,20211201,6176.38,20211201,23881.66
20211204,14905,20211204,13713,20211204,33911.45,20211204,20080.17,20211204,19911.81,20211204,76845.52,20211204,6192.76,20211204,23895.78
20211205,14914,20211205,13715,20211205,33963.27,20211205,20073.25,20211205,20103.33,20211205,77848.42,20211205,6249.19,20211205,24093.86
20211206,14921,20211206,13729,20211206,34444.89,20211206,19307.48,20211206,19234.48,20211206,77483.27,20211206,6211.87,20211206,24128.25
20211207,14930,20211207,13728,20211207,34640.99,20211207,19728.95,20211207,19412.04,20211207,77136.23,20211207,6132.69,20211207,23970.32
20211208,14938,20211208,13740,20211208,34386.97,20211208,19775.45,20211208,19121.76,20211208,78100.91,20211208,6208.23,20211208,24121.69
20211211,14962,20211211,13756,20211211,33696.04,20211211,18723.75,20211211,17996.54,20211211,77957.06,20211211,6218.24,20211211,24110.36
20211212,14969,20211212,13760,20211212,33558.87,20211212,17012.15,20211212,16475.3,20211212,76192.67,20211212,6071.71,20211212,23676.22
20211213,14978,20211213,13769,20211213,32113,20211213,17726.47,20211213,17381.06,20211213,74516.8,20211213,5956.12,20211213,23374.77
20211214,14985,20211214,13772,20211214,32532.64,20211214,18699.02,20211214,18409.52,20211214,74169.76,20211214,5953.39,20211214,23258.88
20211215,14993,20211215,13779,20211215,33749.89,20211215,19212.5,20211215,19037.96,20211215,74023.9,20211215,5947.02,20211215,23375.37
20211218,15016,20211218,13800,20211218,33444.04,20211218,18116.99,20211218,18029.93,20211218,75063.02,20211218,6022.56,20211218,23554.27
20211219,15024,20211219,13806,20211219,33081.3,20211219,18079.38,20211219,17994,20211219,73764.37,20211219,5895.14,20211219,23178.57
20211220,15033,20211220,13813,20211220,33206.28,20211220,18162.51,20211220,17951.08,20211220,74496.69,20211220,5953.39,20211220,23348.83
20211221,15041,20211221,13819,20211221,33595.44,20211221,18795.87,20211221,18284.43,20211221,76330.48,20211221,6134.51,20211221,23784.76
20211222,15049,20211222,13825,20211222,33593.41,20211222,19453.97,20211222,18486.04,20211222,80393.41,20211222,6420.3,20211222,24333.69
20211225,15073,20211225,13845,20211225,32958.35,20211225,19118.48,20211225,18004.97,20211225,80629.8,20211225,6421.21,20211225,24463.3
20211226,15083,20211226,13851,20211226,33119.91,20211226,19189.74,20211226,17942.1,20211226,79220.5,20211226,6372.06,20211226,24188.28
20211227,15093,20211227,13858,20211227,33213.39,20211227,20582.13,20211227,18489.03,20211227,80205.3,20211227,6515.87,20211227,24609.6
20211228,15100,20211228,13865,20211228,32938.03,20211228,19923.05,20211228,18152.69,20211228,80151.99,20211228,6519.51,20211228,24571.53
20211229,15110,20211229,13871,20211229,33028.46,20211229,19985.39,20211229,18193.61,20211229,79638.97,20211229,6503.13,20211229,24427.81
20220101,15135,20220101,13891,20220101,33119.91,20220101,20485.15,20220101,18800.43,20220101,77772.98,20220101,6336.57,20220101,24165.12
20220102,15142,20220102,13898,20220102,33048.78,20220102,20689.01,20220102,19545.98,20220102,77999.31,20220102,6343.85,20220102,24220.39
20220103,15152,20220103,13904,20220103,32950.22,20220103,20533.64,20220103,20007.08,20220103,78090.85,20220103,6333.84,20220103,24149.72
20220104,15162,20220104,13911,20220104,32531.58,20220104,20549.48,20220104,20301.51,20220104,77040.67,20220104,6249.19,20220104,23879.97
20220105,15170,20220105,13918,20220105,31972.73,20220105,20205.09,20220105,19806.47,20220105,77044.69,20220105,6246.46,20220105,23944.58
20220108,15194,20220108,13940,20220108,31519.54,20220108,19992.32,20220108,19556.95,20220108,77350.49,20220108,6324.73,20220108,23928.87
20220109,15203,20220109,13955,20220109,30594.89,20220109,19299.59,20220109,18723.58,20220109,75410.06,20220109,6129.05,20220109,23405.38
20220110,15212,20220110,13975,20220110,30306.32,20220110,18639.51,20220110,18517.98,20220110,75229,20220110,6109.93,20220110,23332.33
20220111,15221,20220111,13984,20220111,31104.97,20220111,18951.24,20220111,18754.52,20220111,75686.69,20220111,6166.37,20220111,23415.32
20220112,15230,20220112,13988,20220112,31122.25,20220112,18787.95,20220112,18272.45,20220112,75395.98,20220112,6099.92,20220112,23333.13
20220115,15254,20220115,13992,20220115,30503.44,20220115,18425.75,20220115,17926.13,20220115,74754.2,20220115,6007.09,20220115,23247.55
20220116,15263,20220116,13992,20220116,30597.94,20220116,18154.59,20220116,17236.47,20220116,74193.9,20220116,5988.88,20220116,22994.2
20220117,15272,20220117,13995,20220117,30309.36,20220117,17683.53,20220117,16926.07,20220117,73728.16,20220117,5999.81,20220117,22971.25
20220118,15280,20220118,14001,20220118,30220.96,20220118,17464.83,20220118,16911.1,20220118,72786.62,20220118,5811.4,20220118,22470.22
20220119,15289,20220119,14008,20220119,30620.29,20220119,18369.34,20220119,18104.78,20220119,72968.69,20220119,5872.38,20220119,22521.4
20220122,15313,20220122,14027,20220122,30556.28,20220122,18489.09,20220122,18445.12,20220122,73416.32,20220122,5930.63,20220122,22831.4
20220123,15321,20220123,14033,20220123,30924.11,20220123,17936.88,20220123,17487.98,20220123,71064.47,20220123,5741.32,20220123,22143.12
20220124,15329,20220124,14039,20220124,31529.7,20220124,17904.22,20220124,17572.81,20220124,70542.4,20220124,5633.92,20220124,21778.96
20220125,15337,20220125,14046,20220125,31107.01,20220125,17465.82,20220125,17267.41,20220125,68210.67,20220125,5480.1,20220125,21296.71
20220126,15345,20220126,14052,20220126,31386.43,20220126,17722.13,20220126,17370.21,20220126,71226.43,20220126,5683.07,20220126,21968.39
20220129,15369,20220129,14071,20220129,31336.65,20220129,17562.8,20220129,17172.59,20220129,73587.33,20220129,5982.51,20220129,22610.36
20220130,15377,20220130,14078,20220130,30936.3,20220130,18000.21,20220130,17093.75,20220130,72515.02,20220130,5941.55,20220130,22539.59
20220131,15387,20220131,14084,20220131,30706.66,20220131,17349.04,20220131,16804.31,20220131,72666.91,20220131,5961.58,20220131,22539.49
20220201,15396,20220201,14102,20220201,30671.1,20220201,16941.32,20220201,16686.54,20220201,72473.77,20220201,5957.03,20220201,22641.07
20220202,15405,20220202,14113,20220202,30551.2,20220202,16881.94,20220202,17006.92,20220202,73161.83,20220202,5935.18,20220202,22635.01
20220205,15428,20220205,14127,20220205,29778.96,20220205,17044.24,20220205,16843.23,20220205,72053.3,20220205,5901.51,20220205,22602.8
20220206,15437,20220206,14135,20220206,29646.86,20220206,16379.21,20220206,16240.41,20220206,69548.55,20220206,5680.34,20220206,22137.46
20220207,15445,20220207,14137,20220207,29896.83,20220207,16611.78,20220207,16658.59,20220207,70055.53,20220207,5679.43,20220207,22128.91
20220208,15454,20220208,14147,20220208,29470.06,20220208,16559.33,20220208,16465.97,20220208,70800.92,20220208,5756.79,20220208,22327.89
20220209,15463,20220209,14153,20220209,29705.8,20220209,16988.82,20220209,16800.32,20220209,69860.38,20220209,5716.74,20220209,22252.06
20220212,15486,20220212,14166,20220212,30432.31,20220212,17095.7,20220212,16803.31,20220212,69876.48,20220212,5695.81,20220212,22232.57
20220213,15495,20220213,14177,20220213,30718.85,20220213,16553.39,20220213,16410.08,20220213,69416.77,20220213,5630.28,20220213,22142.23
20220214,15503,20220214,14185,20220214,30560.34,20220214,16421.77,20220214,16428.04,20220214,70188.32,20220214,5711.28,20220214,22291.12
20220216,15519,20220216,14197,20220216,30421.14,20220216,16114,20220216,16285.32,20220216,70065.59,20220216,5693.99,20220216,22238.74
20220219,15544,20220219,14214,20220219,29772.86,20220219,15489.55,20220219,15866.13,20220219,70116.89,20220219,5678.52,20220219,22166.58
20220220,15553,20220220,14221,20220220,29806.39,20220220,14852.23,20220220,15305.23,20220220,70008.26,20220220,5690.35,20220220,22041.55
20220221,15562,20220221,14226,20220221,29851.1,20220221,15220.37,20220221,15405.03,20220221,71560.4,20220221,5788.65,20220221,22115.99
20220222,15571,20220222,14227,20220222,30213.85,20220222,15453.92,20220222,15561.73,20220222,71478.92,20220222,5829.6,20220222,22129.9
20220223,15579,20220223,14236,20220223,30103.1,20220223,15545.95,20220223,15309.22,20220223,71279.74,20220223,5892.41,20220223,22197.89
20220226,15604,20220226,14250,20220226,30396.75,20220226,15138.23,20220226,14978.86,20220226,70971.93,20220226,5868.74,20220226,22244.7
20220227,15613,20220227,14255,20220227,30328.67,20220227,14951.19,20220227,14598.6,20220227,70523.29,20220227,5866.92,20220227,22114
20220228,15622,20220228,14261,20220228,30447.55,20220228,15283.7,20220228,15347.14,20220228,70849.21,20220228,5898.78,20220228,22239.43
20220302,15638,20220302,14273,20220302,30720.89,20220302,15386.62,20220302,15307.22,20220302,70899.5,20220302,5897.87,20220302,22270.94
20220305,15663,20220305,14292,20220305,30220.96,20220305,14934.37,20220305,14859.09,20220305,72052.29,20220305,6004.36,20220305,22566.13
20220306,15671,20220306,14297,20220306,30021.81,20220306,15132.29,20220306,14983.85,20220306,74602.31,20220306,6193.67,20220306,22938.65
20220307,15680,20220307,14304,20220307,30485.15,20220307,15462.83,20220307,15045.73,20220307,75847.64,20220307,6268.3,20220307,23370.3
20220308,15689,20220308,14309,20220308,31086.68,20220308,15426.21,20220308,14980.86,20220308,75255.15,20220308,6225.53,20220308,23203.02
20220309,15699,20220309,14316,20220309,31094.81,20220309,15539.03,20220309,14913.99,20220309,76304.33,20220309,6315.63,20220309,23421.48
20220312,15726,20220312,14335,20220312,31246.21,20220312,15474.7,20220312,14900.01,20220312,74634.5,20220312,6155.44,20220312,23082.46
20220313,15736,20220313,14346,20220313,31753.25,20220313,15724.09,20220313,15025.77,20220313,74525.86,20220313,6151.8,20220313,23147.96
20220314,15746,20220314,14352,20220314,31512.43,20220314,16114,20220314,15231.37,20220314,74321.66,20220314,6139.97,20220314,23163.47
20220315,15756,20220315,14354,20220315,31607.94,20220315,15955.66,20220315,15351.14,20220315,74369.94,20220315,6146.34,20220315,23520.38
20220316,15765,20220316,14364,20220316,31375.26,20220316,15708.25,20220316,15356.13,20220316,75489.53,20220316,6267.39,20220316,23560.53
20220319,15798,20220319,14417,20220319,31018.6,20220319,15543.97,20220319,15361.12,20220319,77961.09,20220319,6439.41,20220319,23844.09
20220326,15857,20220326,14433,20220326,31148.67,20220326,15732,20220326,15365.11,20220326,79729.5,20220326,6510.41,20220326,24163.24
20220327,15866,20220327,14445,20220327,31301.08,20220327,15529.13,20220327,15277.28,20220327,80787.73,20220327,6595.05,20220327,24456.34
20220328,15874,20220328,14450,20220328,31520.56,20220328,15652.83,20220328,15269.3,20220328,80787.73,20220328,6690.62,20220328,24456.34
20220329,15883,20220329,14460,20220329,31721.75,20220329,15467.77,20220329,15241.35,20220329,80759.57,20220329,6600.51,20220329,24737.81
20220330,15895,20220330,14465,20220330,31978.82,20220330,15474.7,20220330,15258.32,20220330,80410.51,20220330,6625.09,20220330,24978.64
20220403,15930,20220403,14492,20220403,31891.44,20220403,16565.26,20220403,16044.79,20220403,82703.01,20220403,6833.52,20220403,25669
20220404,15938,20220404,14499,20220404,31981.87,20220404,18110.06,20220404,17163.61,20220404,82912.24,20220404,6831.7,20220404,25464.95
20220405,15946,20220405,14508,20220405,32503.13,20220405,18677.11,20220405,17832.31,20220405,82991.71,20220405,6821.68,20220405,25467.54
20220406,15956,20220406,14516,20220406,32425.91,20220406,18656.33,20220406,17096.74,20220406,81599.51,20220406,6709.73,20220406,25634.02
20220409,15982,20220409,14534,20220409,33008.14,20220409,18486.12,20220409,16826.27,20220409,80577.49,20220409,6636.92,20220409,25447.36
20220410,15993,20220410,14548,20220410,33541.59,20220410,17962.61,20220410,16714.48,20220410,82342.89,20220410,6816.22,20220410,25881.8
20220411,16001,20220411,14555,20220411,34097.4,20220411,18203.09,20220411,16990.95,20220411,82664.79,20220411,6818.04,20220411,26114.97
20220412,16009,20220412,14554,20220412,33955.15,20220412,17842.86,20220412,16676.56,20220412,79757.67,20220412,6588.68,20220412,25321.04
20220413,16020,20220413,14562,20220413,33218.47,20220413,18436.64,20220413,16987.95,20220413,80511.1,20220413,6670.6,20220413,25619.21
20220416,16047,20220416,14583,20220416,33674.7,20220416,18479.19,20220416,17073.79,20220416,81379.21,20220416,6740.68,20220416,26111.39
20220417,16058,20220417,14597,20220417,34170.56,20220417,18563.31,20220417,17014.9,20220417,81980.76,20220417,6791.65,20220417,26351.52
20220418,16066,20220418,14596,20220418,34269.12,20220418,18430.7,20220418,16956.01,20220418,83955.39,20220418,6964.58,20220418,26897.87
20220419,16077,20220419,14604,20220419,33832.2,20220419,18489.09,20220419,16940.05,20220419,84559.95,20220419,7040.12,20220419,27120.01
20220420,16086,20220420,14611,20220420,33753.96,20220420,18418.82,20220420,17053.82,20220420,84192.78,20220420,7009.18,20220420,27018.63
20220424,16122,20220424,14638,20220424,33574.11,20220424,18369.34,20220424,17182.57,20220424,83162.72,20220424,6912.7,20220424,26847.48
20220425,16133,20220425,14650,20220425,33352.6,20220425,18654.35,20220425,17295.35,20220425,83531.89,20220425,6893.59,20220425,26913.57
20220426,16144,20220426,14660,20220426,33473.51,20220426,18801.81,20220426,17998.99,20220426,83932.25,20220426,6945.47,20220426,27043.67
20220427,16155,20220427,14659,20220427,33682.83,20220427,18879,20220427,18308.38,20220427,83655.62,20220427,6904.51,20220427,26913.67
20220430,16180,20220430,14683,20220430,33689.94,20220430,19208.54,20220430,18727.57,20220430,84230,20220430,6903.6,20220430,26872.92
20220501,16191,20220501,14694,20220501,33671.65,20220501,19145.2,20220501,18662.69,20220501,84293.38,20220501,6913.61,20220501,27053.61
20220502,16202,20220502,14711,20220502,33602.56,20220502,19163.02,20220502,18725.57,20220502,84354.74,20220502,6913.61,20220502,26878.39
20220507,16234,20220507,14730,20220507,34254.9,20220507,19246.15,20220507,18892.25,20220507,85153.44,20220507,6965.49,20220507,27150.22
20220508,16244,20220508,14744,20220508,34286.39,20220508,19231.3,20220508,18808.41,20220508,85523.62,20220508,6980.96,20220508,27442.43
20220509,16255,20220509,14749,20220509,34191.9,20220509,19083.85,20220509,18931.17,20220509,85067.94,20220509,6962.76,20220509,27408.04
20220510,16266,20220510,14751,20220510,34579.03,20220510,19192.71,20220510,18807.41,20220510,85208.77,20220510,6963.67,20220510,27332.3
20220511,16275,20220511,14758,20220511,35515.88,20220511,19143.23,20220511,18714.59,20220511,88021.33,20220511,7104.74,20220511,27875.67
20220514,16302,20220514,14780,20220514,36005.64,20220514,19260,20220514,18933.17,20220514,90414.42,20220514,7302.25,20220514,28268.07
20220515,16312,20220515,14793,20220515,36224.11,20220515,19497.51,20220515,19029.98,20220515,89886.31,20220515,7257.65,20220515,28150.09
20220516,16323,20220516,14800,20220516,36186.51,20220516,19531.16,20220516,19067.91,20220516,90832.88,20220516,7339.57,20220516,28306.53
20220517,16332,20220517,14800,20220517,36021.9,20220517,19621.21,20220517,18912.21,20220517,91389.16,20220517,7507.95,20220517,28467.64
20220518,16342,20220518,14807,20220518,35743.49,20220518,19644.96,20220518,18822.38,20220518,89406.48,20220518,7411.47,20220518,28126.34
20220521,16370,20220521,14828,20220521,36623.43,20220521,19664.76,20220521,18924.19,20220521,88804.94,20220521,7323.18,20220521,27855.79
20220522,16381,20220522,14834,20220522,37208.71,20220522,19684.55,20220522,18795.44,20220522,89238.5,20220522,7307.71,20220522,28112.42
20220523,16392,20220523,14846,20220523,36904.89,20220523,20085.34,20220523,18883.27,20220523,87360.44,20220523,7090.18,20220523,27478.21
20220524,16403,20220524,14851,20220524,37264.6,20220524,20630.63,20220524,19591.89,20220524,86906.76,20220524,7215.78,20220524,27385.58
20220525,16414,20220525,14862,20220525,37071.54,20220525,20812.72,20220525,19979.13,20220525,87776.89,20220525,7354.13,20220525,27573.33
20220528,16441,20220528,14887,20220528,37757.41,20220528,21171.95,20220528,20504.11,20220528,86561.73,20220528,7282.23,20220528,27334.19
20220529,16452,20220529,14888,20220529,38165.88,20220529,21291.69,20220529,21450.27,20220529,85662.44,20220529,7294.06,20220529,26939.91
20220530,16462,20220530,14894,20220530,38831.43,20220530,21294.66,20220530,20731.67,20220530,86151.32,20220530,7325,20220530,27133.42
20220531,16472,20220531,14901,20220531,38779.61,20220531,21342.16,20220531,20856.43,20220531,86278.06,20220531,7331.38,20220531,27327.14
20220601,16484,20220601,14909,20220601,38465.63,20220601,21333.26,20220601,20781.57,20220601,86048.71,20220601,7391.45,20220601,27147.14
20220606,16528,20220606,14946,20220606,37970.79,20220606,21292.68,20220606,20868.4,20220606,84480.48,20220606,7265.84,20220606,26494.14
20220607,16539,20220607,14953,20220607,38352.84,20220607,21244.19,20220607,21053.04,20220607,84229,20220607,7226.71,20220607,26615.2
20220608,16550,20220608,14963,20220608,38561.14,20220608,20561.35,20220608,20258.59,20220608,84466.39,20220608,7273.13,20220608,26863.38
20220611,16576,20220611,14985,20220611,39731.7,20220611,20780.06,20220611,19989.11,20220611,84069.05,20220611,7228.53,20220611,26770.85
20220612,16585,20220612,14993,20220612,41793.37,20220612,21114.55,20220612,20839.46,20220612,86071.85,20220612,7346.85,20220612,27219.2
20220613,16596,20220613,15000,20220613,41007.92,20220613,21102.67,20220613,21162.83,20220613,88902.52,20220613,7496.12,20220613,28009.05
20220614,16607,20220614,15008,20220614,40077.17,20220614,21226.38,20220614,21006.14,20220614,88350.27,20220614,7487.01,20220614,28086.98
20220615,16618,20220615,15023,20220615,39268.35,20220615,21246.17,20220615,20776.58,20220615,87029.49,20220615,7414.2,20220615,27772.51
20220618,16644,20220618,15038,20220618,40239.75,20220618,21221.43,20220618,20875.39,20220618,85892.79,20220618,7336.84,20220618,27493.32
20220619,16655,20220619,15047,20220619,40453.13,20220619,21303.57,20220619,21215.73,20220619,85921.97,20220619,7305.89,20220619,27476.62
20220620,16664,20220620,15053,20220620,39996.9,20220620,21269.92,20220620,20917.31,20220620,86493.33,20220620,7333.2,20220620,27663.18
20220621,16675,20220621,15061,20220621,40028.4,20220621,20847.35,20220621,20720.69,20220621,86101.02,20220621,7274.04,20220621,27371.76
20220622,16684,20220622,15077,20220622,40525.27,20220622,20957.2,20220622,20623.88,20220622,85780.13,20220622,7225.8,20220622,27196.64
20220625,16713,20220625,15092,20220625,39290.71,20220625,20781.05,20220625,20033.03,20220625,84671.6,20220625,7138.42,20220625,26692.53
20220626,16722,20220626,15102,20220626,37538.94,20220626,20962.15,20220626,19763.55,20220626,82692.95,20220626,7001.9,20220626,26438.29
20220627,16733,20220627,15110,20220627,36224.11,20220627,20776.1,20220627,19546.97,20220627,82766.38,20220627,7020.1,20220627,26423.58
20220628,16743,20220628,15115,20220628,36325.72,20220628,20470.31,20220628,19697.68,20220628,84026.81,20220628,7161.18,20220628,26594.23
20220629,16753,20220629,15134,20220629,36877.46,20220629,20613.8,20220629,19636.8,20220629,83968.46,20220629,7132.05,20220629,26686.56
20220702,16780,20220702,15143,20220702,39601.63,20220702,21169.97,20220702,20477.16,20220702,82843.84,20220702,7066.52,20220702,26354.8
20220703,16790,20220703,15155,20220703,39636.18,20220703,20988.87,20220703,20528.07,20220703,83125.5,20220703,7054.69,20220703,26508.65
20220704,16800,20220704,15158,20220704,38284.76,20220704,20978.97,20220704,20366.38,20220704,83199.94,20220704,7061.06,20220704,26643.63
20220705,16811,20220705,15168,20220705,38880.2,20220705,20991.84,20220705,20427.26,20220705,83181.83,20220705,7067.43,20220705,26591.05
20220706,16822,20220706,15184,20220706,38610.93,20220706,21075.95,20220706,20393.33,20220706,82259.4,20220706,7031.93,20220706,26462.94
20220709,16850,20220709,15206,20220709,38329.47,20220709,21504.46,20220709,20802.53,20220709,82212.12,20220709,6978.23,20220709,26347.54
20220711,16869,20220711,15214,20220711,38679.01,20220711,22673.2,20220711,22397.43,20220711,81600.52,20220711,6931.81,20220711,26185.24
20220712,16878,20220712,15220,20220712,38427.02,20220712,22824.61,20220712,23013.23,20220712,81743.36,20220712,6928.17,20220712,26125.9
20220713,16888,20220713,15234,20220713,38087.64,20220713,22855.29,20220713,23399.48,20220713,82861.95,20220713,6997.35,20220713,26379.15
20220716,16915,20220716,15250,20220716,38469.69,20220716,22845.4,20220716,22989.28,20220716,82134.66,20220716,6903.6,20220716,26024.13
20220717,16925,20220717,15263,20220717,38047,20220717,22929.51,20220717,23399.48,20220717,81326.91,20220717,6829.88,20220717,25849.1
20220719,16943,20220719,15270,20220719,37891.53,20220719,22967.12,20220719,23425.43,20220719,81643.77,20220719,6836.25,20220719,26008.32
20220720,16954,20220720,15287,20220720,37866.13,20220720,23210.57,20220720,24039.24,20220720,82180.94,20220720,6891.77,20220720,26203.23
20220723,16983,20220723,15299,20220723,38268.51,20220723,23402.55,20220723,24201.92,20220723,83216.03,20220723,6990.06,20220723,26306.2
20220724,16993,20220724,15307,20220724,38221.77,20220724,22907.74,20220724,23861.58,20220724,82308.69,20220724,6879.93,20220724,25832.6
20220725,17003,20220725,15314,20220725,37981.96,20220725,22552.47,20220725,23727.84,20220725,80525.19,20220725,6683.34,20220725,25323.42
20220726,17013,20220726,15321,20220726,38069.35,20220726,22716.75,20220726,23418.44,20220726,80998.98,20220726,6694.26,20220726,25394.29
20220727,17023,20220727,15340,20220727,38016.51,20220727,22541.58,20220727,23042.17,20220727,81750.4,20220727,6752.51,20220727,25540.69
20220730,17051,20220730,15351,20220730,38278.67,20220730,22750.39,20220730,22612.01,20220730,81926.44,20220730,6761.61,20220730,25497.55
20220731,17062,20220731,15358,20220731,38244.12,20220731,22616.79,20220731,22733.77,20220731,80844.06,20220731,6648.75,20220731,25248.08
20220801,17071,20220801,15371,20220801,38129.3,20220801,22726.64,20220801,23166.93,20220801,81185.07,20220801,6684.25,20220801,25429.47
20220802,17080,20220802,15374,20220802,38140.48,20220802,22591.06,20220802,22983.29,20220802,81644.78,20220802,6683.34,20220802,25506.8
20220803,17091,20220803,15389,20220803,38009.4,20220803,22587.11,20220803,22795.65,20220803,82442.48,20220803,6750.69,20220803,25708.96
20220806,17121,20220806,15412,20220806,37706.6,20220806,22447.57,20220806,22894.46,20220806,83789.41,20220806,6826.23,20220806,25952.76
20220809,17149,20220809,15428,20220809,37933.19,20220809,22088.34,20220809,22588.06,20220809,83547.99,20220809,6831.7,20220809,25939.74
20220810,17160,20220810,15443,20220810,37536.91,20220810,22219.96,20220810,22389.44,20220810,83049.05,20220810,6812.58,20220810,25898.1
20220813,17188,20220813,15456,20220813,36589.9,20220813,22723.67,20220813,22836.57,20220813,85019.65,20220813,6965.49,20220813,26214.26
20220814,17199,20220814,15465,20220814,35749.58,20220814,22222.93,20220814,22524.18,20220814,84681.66,20220814,6876.29,20220814,25895.22
20220815,17209,20220815,15474,20220815,35110.46,20220815,22006.2,20220815,22438.35,20220815,84975.39,20220815,6914.52,20220815,25954.45
20220816,17219,20220816,15482,20220816,35111.47,20220816,22028.96,20220816,22141.93,20220816,84337.64,20220816,6899.05,20220816,25834.29
20220817,17229,20220817,15497,20220817,34229.49,20220817,21735.04,20220817,22046.11,20220817,83495.68,20220817,6833.52,20220817,25664.33
20220820,17258,20220820,15514,20220820,33238.79,20220820,21391.64,20220820,21214.73,20220820,82664.79,20220820,6767.07,20220820,25569.71
20220821,17269,20220821,15520,20220821,33339.39,20220821,21661.81,20220821,20803.53,20220821,82247.33,20220821,6775.27,20220821,25503.52
20220822,17278,20220822,15531,20220822,34794.45,20220822,21491.6,20220822,21795.6,20220822,82036.08,20220822,6754.33,20220822,25425.7
20220823,17288,20220823,15535,20220823,34422.55,20220823,21389.66,20220823,21985.23,20220823,82854.9,20220823,6833.52,20220823,25599.33
20220824,17298,20220824,15549,20220824,33674.7,20220824,20710.78,20220824,21262.64,20220824,84057.99,20220824,6921.8,20220824,25897.8
20220827,17327,20220827,15570,20220827,34949.91,20220827,20735.53,20220827,21359.45,20220827,84542.84,20220827,6919.07,20220827,25973.54
20220828,17338,20220828,15578,20220828,34509.94,20220828,20476.24,20220828,21003.14,20220828,83929.23,20220828,6859,20220828,25878.32
20220829,17347,20220829,15586,20220829,34401.21,20220829,20187.28,20220829,21006.14,20220829,84385.92,20220829,6895.41,20220829,25986.56
20220830,17358,20220830,15590,20220830,34417.47,20220830,20076.44,20220830,20654.82,20220830,84116.33,20220830,6869.92,20220830,25859.04
20220831,17368,20220831,15605,20220831,34738.56,20220831,20023,20220831,20151.8,20220831,84104.26,20220831,6872.65,20220831,25951.07
20220903,17397,20220903,15623,20220903,35217.15,20220903,19928.98,20220903,20212.68,20220903,83155.68,20220903,6808.03,20220903,25796.52
20220904,17408,20220904,15630,20220904,35371.59,20220904,19613.3,20220904,20101.89,20220904,83246.21,20220904,6815.31,20220904,25840.55
20220905,17417,20220905,15637,20220905,35030.18,20220905,19432.19,20220905,19994.1,20220905,83349.82,20220905,6825.32,20220905,25906.45
20220906,17428,20220906,15646,20220906,35083.02,20220906,19288.7,20220906,19961.17,20220906,82942.42,20220906,6787.1,20220906,25717.9
20220907,17438,20220907,15661,20220907,34699.95,20220907,19245.16,20220907,19893.3,20220907,82570.23,20220907,6782.55,20220907,25643.76
20220910,17467,20220910,15678,20220910,35238.48,20220910,19470.79,20220910,20058.98,20220910,81733.3,20220910,6716.1,20220910,25438.12
20220911,17478,20220911,15683,20220911,35506.74,20220911,19140.26,20220911,19894.3,20220911,81487.85,20220911,6752.51,20220911,25394.78
20220912,17488,20220912,15691,20220912,36278.97,20220912,18780.03,20220912,19647.78,20220912,82060.23,20220912,6752.51,20220912,25448.56
20220913,17497,20220913,15699,20220913,37169.08,20220913,17957.66,20220913,19013.01,20220913,82229.22,20220913,6758.88,20220913,25535.42
20220914,17508,20220914,15725,20220914,36662.05,20220914,17891.35,20220914,19005.03,20220914,81977.74,20220914,6786.19,20220914,25484.73
20220918,17546,20220918,15743,20220918,36754.51,20220918,18141.73,20220918,19396.27,20220918,81290.69,20220918,6707.91,20220918,25253.75
20220919,17556,20220919,15748,20220919,36115.38,20220919,18727.58,20220919,20134.83,20220919,81227.32,20220919,6705.18,20220919,25212.5
20220920,17566,20220920,15760,20220920,36244.43,20220920,18892.85,20220920,20007.08,20220920,80823.95,20220920,6683.34,20220920,25079.52
20220921,17577,20220921,15775,20220921,35953.82,20220921,17962.61,20220921,19222.61,20220921,80447.73,20220921,6627.82,20220921,24907.37
20220924,17609,20220924,15788,20220924,36292.18,20220924,17335.19,20220924,18431.14,20220924,78829.2,20220924,6505.86,20220924,24612.98
20220926,17629,20220926,15807,20220926,36468.99,20220926,17491.55,20220926,18571.87,20220926,79566.54,20220926,6581.4,20220926,24674.9
20220928,17648,20220928,15828,20220928,36276.94,20220928,17756.77,20220928,18823.38,20220928,80573.47,20220928,6665.14,20220928,25050.1
20221001,17679,20221001,15845,20221001,37994.16,20221001,17385.66,20221001,18325.35,20221001,78528.43,20221001,6484.01,20221001,24553.84
20221002,17688,20221002,15852,20221002,38479.86,20221002,17497.49,20221002,18177.64,20221002,78431.86,20221002,6447.61,20221002,24455.44
20221003,17699,20221003,15860,20221003,38758.27,20221003,17852.76,20221003,18421.16,20221003,78358.43,20221003,6455.8,20221003,24447.99
20221004,17710,20221004,15888,20221004,38626.17,20221004,17925,20221004,18371.26,20221004,78532.45,20221004,6456.71,20221004,24443.52
20221008,17749,20221008,15904,20221008,37845.81,20221008,17930.94,20221008,18237.52,20221008,78880.5,20221008,6496.75,20221008,24592.21
20221009,17759,20221009,15910,20221009,37573.49,20221009,18017.04,20221009,18546.92,20221009,77871.56,20221009,6395.73,20221009,24272.57
20221010,17770,20221010,15920,20221010,37622.26,20221010,18212.98,20221010,18886.26,20221010,78082.8,20221010,6393.91,20221010,24279.23
20221011,17780,20221011,15928,20221011,38124.22,20221011,17748.85,20221011,18374.26,20221011,78611.92,20221011,6474,20221011,24635.34
20221012,17795,20221012,15944,20221012,38154.7,20221012,17741.92,20221012,18262.47,20221012,79231.57,20221012,6607.79,20221012,25206.34
20221015,17821,20221015,15958,20221015,38047,20221015,17830.99,20221015,18247.5,20221015,79118.9,20221015,6526.79,20221015,24763.16
20221016,17830,20221016,15969,20221016,38459.53,20221016,17959.64,20221016,18357.29,20221016,78800.03,20221016,6458.53,20221016,24591.21
20221017,17843,20221017,15978,20221017,38218.72,20221017,17809.22,20221017,18230.54,20221017,78868.43,20221017,6463.99,20221017,24662.28
20221018,17852,20221018,15984,20221018,37858,20221018,17724.11,20221018,18249.5,20221018,79091.74,20221018,6499.49,20221018,24709.69
20221019,17864,20221019,16000,20221019,37801.1,20221019,17682.54,20221019,18274.45,20221019,79114.88,20221019,6476.73,20221019,24669.73
20221022,17893,20221022,16016,20221022,38026.67,20221022,17674.63,20221022,18345.31,20221022,79248.67,20221022,6479.46,20221022,24654.23
20221023,17904,20221023,16023,20221023,37898.64,20221023,17594.47,20221023,18303.39,20221023,78884.52,20221023,6428.49,20221023,24482.78
20221024,17915,20221024,16031,20221024,37592.8,20221024,17260.97,20221024,18177.64,20221024,77571.79,20221024,6341.12,20221024,24143.46
20221025,17925,20221025,16039,20221025,37765.53,20221025,16623.65,20221025,17787.4,20221025,76710.72,20221025,6241,20221025,24018.42
20221026,17935,20221026,16058,20221026,37991.11,20221026,15786.43,20221026,17012.9,20221026,75019.77,20221026,6162.72,20221026,23473.27
20221029,17965,20221029,16073,20221029,38192.3,20221029,16786.94,20221029,17748.47,20221029,75041.9,20221029,6151.8,20221029,23619.87
20221030,17975,20221030,16080,20221030,38230.91,20221030,17243.15,20221030,18250.5,20221030,75765.16,20221030,6189.12,20221030,23839.22
20221031,17985,20221031,16089,20221031,38745.06,20221031,17047.21,20221031,17913.15,20221031,76907.88,20221031,6278.32,20221031,24005.4
20221101,17997,20221101,16097,20221101,39505.1,20221101,16860.17,20221101,17884.21,20221101,77840.38,20221101,6366.6,20221101,24197.03
20221102,18007,20221102,16113,20221102,40602.5,20221102,16905.69,20221102,18214.57,20221102,77653.27,20221102,6307.44,20221102,24104.79
20221105,18037,20221105,16129,20221105,41267.03,20221105,16888.87,20221105,18574.87,20221105,81186.08,20221105,6620.54,20221105,25223.14
20221106,18049,20221106,16140,20221106,40301.73,20221106,16833.45,20221106,18807.41,20221106,82553.13,20221106,6695.17,20221106,25572.79
20221107,18061,20221107,16151,20221107,40868.72,20221107,16709.75,20221107,18836.36,20221107,85449.18,20221107,6904.51,20221107,26330.45
20221108,18073,20221108,16158,20221108,39912.56,20221108,17016.53,20221108,18988.06,20221108,85527.64,20221108,7043.76,20221108,26854.83
20221109,18085,20221109,16174,20221109,39995.88,20221109,16714.7,20221109,18670.68,20221109,85308.35,20221109,7000.99,20221109,26849.27
20221112,18116,20221112,16194,20221112,39850.58,20221112,16581.1,20221112,18356.29,20221112,85877.7,20221112,7070.16,20221112,26884.95
20221113,18129,20221113,16204,20221113,40075.14,20221113,15431.16,20221113,18165.66,20221113,85163.5,20221113,7008.27,20221113,26597.41
20221114,18141,20221114,16211,20221114,40794.54,20221114,15690.44,20221114,18489.03,20221114,84477.46,20221114,6971.86,20221114,26431.93
20221115,18152,20221115,16220,20221115,41355.43,20221115,15387.61,20221115,18458.09,20221115,85359.65,20221115,6993.7,20221115,26599.4
20221116,18165,20221116,16234,20221116,41096.32,20221116,15126.35,20221116,18190.61,20221116,85644.33,20221116,6966.4,20221116,26673.74
20221119,18195,20221119,16254,20221119,40938.83,20221119,14719.62,20221119,18024.94,20221119,83887.99,20221119,6848.08,20221119,26212.27
20221120,18207,20221120,16257,20221120,41526.14,20221120,14630.55,20221120,18217.56,20221120,84932.14,20221120,6996.44,20221120,26480.23
20221121,18218,20221121,16267,20221121,41596.25,20221121,14580.08,20221121,18139.71,20221121,84467.4,20221121,6965.49,20221121,26506.47
20221122,18229,20221122,16275,20221122,41901.08,20221122,14247.57,20221122,18066.85,20221122,84175.68,20221122,6953.66,20221122,26568.19
20221123,18241,20221123,16292,20221123,41868.56,20221123,13997.2,20221123,18054.88,20221123,84616.28,20221123,6982.78,20221123,26607.55
20221126,18273,20221126,16314,20221126,42477.21,20221126,13918.03,20221126,18022.94,20221126,84428.17,20221126,7036.48,20221126,26479.14
20221127,18285,20221127,16319,20221127,43052.32,20221127,13961.57,20221127,18124.74,20221127,84304.44,20221127,6950.93,20221127,26413.54
20221128,18297,20221128,16327,20221128,43433.36,20221128,13843.81,20221128,18387.23,20221128,84452.31,20221128,6940.01,20221128,26533.7
20221129,18309,20221129,16332,20221129,42789.15,20221129,13900.21,20221129,18731.56,20221129,84658.53,20221129,6991.88,20221129,26719.96
20221130,18325,20221130,16355,20221130,43047.24,20221130,13873.49,20221130,18596.82,20221130,84792.31,20221130,7013.73,20221130,26825.51
20221203,18353,20221203,16369,20221203,43311.43,20221203,13858.65,20221203,18326.35,20221203,84770.18,20221203,6999.17,20221203,26829.19
20221204,18364,20221204,16375,20221204,44068.43,20221204,13580.57,20221204,18168.66,20221204,84532.79,20221204,6993.7,20221204,26756.54
20221205,18376,20221205,16392,20221205,44722.8,20221205,13655.78,20221205,18384.24,20221205,84666.57,20221205,7011.91,20221205,26813.39
20221206,18387,20221206,16418,20221206,44224.91,20221206,13463.79,20221206,18432.14,20221206,84575.03,20221206,6980.96,20221206,26743.81
20221207,18403,20221207,16443,20221207,43795.1,20221207,13088.73,20221207,18181.63,20221207,84326.57,20221207,6929.08,20221207,26576.04
20221210,18432,20221210,16457,20221210,45036.77,20221210,12942.26,20221210,18368.27,20221210,83172.78,20221210,6833.52,20221210,26249.64
20221211,18444,20221211,16468,20221211,45769.39,20221211,13166.91,20221211,18425.16,20221211,83792.43,20221211,6949.11,20221211,26437.69
20221212,18455,20221212,16485,20221212,47173.64,20221212,13197.58,20221212,18377.25,20221212,85605.1,20221212,7056.51,20221212,27095.36
20221213,18466,20221213,16497,20221213,47562.81,20221213,13263.89,20221213,18625.77,20221213,88769.74,20221213,7375.06,20221213,28099.2
20221214,18480,20221214,16513,20221214,47570.94,20221214,13243.11,20221214,18614.79,20221214,90122.7,20221214,7507.04,20221214,28589.1
20221217,18508,20221217,16528,20221217,47447.99,20221217,13516.24,20221217,18585.84,20221217,89558.38,20221217,7435.13,20221217,28407.41
20221218,18519,20221218,16536,20221218,47312.85,20221218,13692.39,20221218,18714.59,20221218,91023,20221218,7617.17,20221218,29117.76
20221219,18530,20221219,16540,20221219,46809.88,20221219,14214.91,20221219,19720.64,20221219,90969.69,20221219,7578.03,20221219,29062.2
20221220,18542,20221220,16557,20221220,46925.71,20221220,14642.43,20221220,20256.59,20221220,89636.84,20221220,7499.76,20221220,28600.23
20221221,18558,20221221,16578,20221221,46660.51,20221221,14172.36,20221221,19495.08,20221221,89853.11,20221221,7508.86,20221221,28658.67
20221224,18587,20221224,16583,20221224,48378.74,20221224,14174.34,20221224,19531.01,20221224,93457.34,20221224,7705.45,20221224,29954.43
20221225,18600,20221225,16603,20221225,49425.33,20221225,14080.33,20221225,19514.04,20221225,94606.1,20221225,7921.16,20221225,30496.2
20221226,18612,20221226,16619,20221226,50916.97,20221226,14070.43,20221226,19613.84,20221226,94727.82,20221226,7878.38,20221226,30761.58
20221228,18637,20221228,16636,20221228,54016.08,20221228,14287.16,20221228,20595.93,20221228,98761.57,20221228,8344.39,20221228,32420.6
20221231,18670,20221231,16646,20221231,48721.17,20221231,14194.13,20221231,19852.38,20221231,93683.67,20221231,7906.6,20221231,30522.54
20230101,18684,20230101,16664,20230101,48765.88,20230101,14181.27,20230101,19511.04,20230101,93241.07,20230101,7814.67,20230101,29843.11
20230102,18698,20230102,16673,20230102,50235.16,20230102,14302.99,20230102,19917.25,20230102,95702.56,20230102,8081.35,20230102,30722.42
20230103,18712,20230103,16672,20230103,48980.27,20230103,14408.88,20230103,19624.82,20230103,94884.74,20230103,8067.7,20230103,30509.72
20230104,18726,20230104,16702,20230104,49283.07,20230104,14293.09,20230104,19537.99,20230104,93596.16,20230104,8042.21,20230104,30128.56
20230107,18761,20230107,16717,20230107,50715.78,20230107,14281.22,20230107,19416.23,20230107,95902.74,20230107,8204.22,20230107,30738.12
20230108,18774,20230108,16727,20230108,52578.3,20230108,14385.13,20230108,19638.8,20230108,98451.75,20230108,8418.11,20230108,31473.01
20230109,18787,20230109,16738,20230109,52201.32,20230109,14266.37,20230109,19756.57,20230109,98558.38,20230109,8435.41,20230109,31490.11
20230110,18800,20230110,16747,20230110,52326.3,20230110,14303.98,20230110,19785.51,20230110,99340.99,20230110,8639.28,20230110,31904.67
20230111,18817,20230111,16751,20230111,52455.35,20230111,14227.78,20230111,19767.55,20230111,97532.34,20230111,8489.11,20230111,31152.48
20230114,18847,20230114,16780,20230114,53878.91,20230114,14029.85,20230114,19604.86,20230114,97765.71,20230114,8404.46,20230114,31057.96
20230116,18869,20230116,16798,20230116,54818.81,20230116,14107.04,20230116,19841.4,20230116,101455.44,20230116,8674.78,20230116,31997.3
20230117,18882,20230117,16802,20230117,57175.15,20230117,14118.92,20230117,19862.36,20230117,101141.59,20230117,8691.16,20230117,32131.58
20230118,18901,20230118,16824,20230118,60487.65,20230118,14014.02,20230118,19700.68,20230118,101099.34,20230118,8718.47,20230118,32049.58
20230121,18931,20230121,16829,20230121,65117.02,20230121,14216.89,20230121,19853.38,20230121,99731.28,20230121,8531.88,20230121,31603.91
20230122,18942,20230122,16851,20230122,71199.42,20230122,14734.46,20230122,21239.68,20230122,100661.76,20230122,8505.49,20230122,31724.97
20230123,18956,20230123,16861,20230123,66070.13,20230123,15482.62,20230123,22400.42,20230123,101834.67,20230123,8564.65,20230123,32091.42
20230124,18970,20230124,16870,20230124,61083.09,20230124,15188.7,20230124,21640.9,20230124,100587.32,20230124,8448.15,20230124,31632.34
20230125,18985,20230125,16874,20230125,60295.61,20230125,14669.15,20230125,20566.99,20230125,98208.32,20230125,8226.98,20230125,30729.18
20230128,19017,20230128,16903,20230128,65496.03,20230128,14917.54,20230128,21370.43,20230128,97288.9,20230128,8193.3,20230128,30520.95
20230129,19029,20230129,16913,20230129,68573.81,20230129,14715.66,20230129,21203.75,20230129,94057.88,20230129,7819.22,20230129,29606.16
20230130,19043,20230130,16922,20230130,68229.35,20230130,14777.02,20230130,21072.01,20230130,94586.99,20230130,7847.44,20230130,29695.02
20230131,19056,20230131,16932,20230131,64679.08,20230131,14914.58,20230131,21476.22,20230131,95726.7,20230131,8026.74,20230131,30351.59
20230201,19077,20230201,16945,20230201,65061.13,20230201,14934.37,20230201,21705.77,20230201,95064.8,20230201,7984.87,20230201,30197.04
20230205,19117,20230205,16961,20230205,61632.8,20230205,14908.64,20230205,21733.72,20230205,93682.67,20230205,7850.17,20230205,29880.28
20230206,19128,20230206,16983,20230206,62768.8,20230206,14866.08,20230206,21743.7,20230206,93936.16,20230206,7815.58,20230206,29830.59
20230207,19141,20230207,16985,20230207,62408.09,20230207,14912.6,20230207,21575.03,20230207,95873.57,20230207,8111.39,20230207,30413.41
20230208,19162,20230208,17007,20230208,62258.72,20230208,14833.43,20230208,21496.18,20230208,95757.89,20230208,8052.23,20230208,30541.33
20230212,19202,20230212,17024,20230212,65596.62,20230212,15374.75,20230212,22361.5,20230212,94636.28,20230212,8049.5,20230212,30177.16
20230213,19215,20230213,17038,20230213,65592.56,20230213,15793.36,20230213,23111.04,20230213,94678.53,20230213,8040.39,20230213,30181.93
20230214,19228,20230214,17042,20230214,66818.99,20230214,15830.96,20230214,22951.35,20230214,94175.57,20230214,7939.37,20230214,30028.77
20230215,19254,20230215,17071,20230215,69836.82,20230215,16266.4,20230215,23381.51,20230215,93591.13,20230215,7868.37,20230215,29795.5
20230219,19288,20230219,17099,20230219,76266.73,20230219,17068.98,20230219,23800.7,20230219,95400.78,20230219,7946.65,20230219,30394.63
20230220,19301,20230220,17107,20230220,75177.47,20230220,16744.38,20230220,23092.08,20230220,100659.75,20230220,8406.28,20230220,32390.59
20230221,19314,20230221,17109,20230221,71937.11,20230221,16370.31,20230221,22917.42,20230221,102377.87,20230221,8775.81,20230221,34241.64
20230222,19333,20230222,17135,20230222,74790.33,20230222,16831.47,20230222,23555.18,20230222,101435.32,20230222,8639.28,20230222,33531.79
20230225,19363,20230225,17151,20230225,82060.55,20230225,18112.04,20230225,25238.9,20230225,110368.93,20230225,9331.01,20230225,36835.73
20230226,19376,20230226,17159,20230226,84710.55,20230226,18330.75,20230226,25672.06,20230226,113722.67,20230226,9645.92,20230226,38787.17
20230227,19390,20230227,17171,20230227,78992.94,20230227,17789.42,20230227,24131.06,20230227,110499.7,20230227,9533.97,20230227,36861.18
20230228,19403,20230228,17180,20230228,77712.64,20230228,17119.45,20230228,23826.65,20230228,111260.17,20230228,9559.46,20230228,36541.14
20230301,19426,20230301,17197,20230301,72663.62,20230301,15962.58,20230301,22585.06,20230301,108678.97,20230301,9279.13,20230301,35618.2
20230304,19455,20230304,17206,20230304,75880.61,20230304,16195.14,20230304,22839.57,20230304,107186.18,20230304,9256.37,20230304,34980.71
20230305,19468,20230305,17461,20230305,72278.52,20230305,16306.97,20230305,22576.08,20230305,108260.51,20230305,9275.49,20230305,35508.37
20230306,19481,20230306,17471,20230306,69120.47,20230306,15619.19,20230306,21897.4,20230306,107398.43,20230306,9235.44,20230306,34854.98
20230307,19507,20230307,17509,20230307,66394.26,20230307,15834.92,20230307,21957.29,20230307,110496.68,20230307,9525.78,20230307,35914.38
20230311,19546,20230311,17520,20230311,60682.74,20230311,15349.02,20230311,21167.82,20230311,109323.77,20230311,9496.66,20230311,35964.08
20230312,19562,20230312,17527,20230312,62825.71,20230312,14963.07,20230312,20327.46,20230312,106980.98,20230312,9221.79,20230312,35108.72
20230313,19578,20230313,17539,20230313,64441.31,20230313,15371.78,20230313,20617.89,20230313,108047.25,20230313,9362.86,20230313,35279.97
20230314,19593,20230314,17558,20230314,68848.15,20230314,15885.39,20230314,21306.55,20230314,109078.33,20230314,9382.89,20230314,35576.65
20230315,19615,20230315,17563,20230315,69423.27,20230315,16271.35,20230315,21838.52,20230315,112609.12,20230315,9640.46,20230315,36614.99
20230318,19647,20230318,17595,20230318,74200.99,20230318,16538.54,20230318,22121.96,20230318,117592.46,20230318,10014.54,20230318,39169.62
20230319,19685,20230319,17631,20230319,76150.89,20230319,16222.85,20230319,21849.5,20230319,118708.03,20230319,10191.11,20230319,39856.81
20230325,19741,20230325,17658,20230325,80711.17,20230325,16418.8,20230325,21987.23,20230325,120494.55,20230325,10355.85,20230325,39701.16
20230326,19754,20230326,17670,20230326,77041,20230326,16495,20230326,22618,20230326,120231,20230326,10361.31,20230326,39776.1
20230327,19767,20230327,17679,20230327,77041,20230327,16495,20230327,22618,20230327,120231,20230327,10361.31,20230327,39776.1
20230328,19780,20230328,17688,20230328,77954,20230328,16833,20230328,22731,20230328,122543,20230328,10505.9,20230328,40296.4
20230329,19817,20230329,17704,20230329,80660,20230329,17362,20230329,23078,20230329,124210,20230329,10582.29,20230329,40776.5
20230403,19859,20230403,17746,20230403,79461,20230403,17354,20230403,22900,20230403,123554,20230403,10561.37,20230403,40719.2
20230404,19872,20230404,17762,20230404,75719,20230404,16977,20230404,22405,20230404,123353,20230404,10828.73,20230404,41134.2
20230405,19897,20230405,17770,20230405,78805,20230405,16870,20230405,22132,20230405,124223,20230405,10845.1,20230405,41206
20230408,19923,20230408,17800,20230408,78117,20230408,17177,20230408,22601,20230408,129524,20230408,11408.9,20230408,43029.79
20230409,19937,20230409,17813,20230409,77492,20230409,17113,20230409,22364,20230409,131196,20230409,11648.07,20230409,43363.79
20230410,19950,20230410,17823,20230410,74967,20230410,17037,20230410,22186,20230410,128922,20230410,11557.13,20230410,43021.59
20230411,19983,20230411,17853,20230411,77370,20230411,16877,20230411,22226,20230411,129907,20230411,11409.81,20230411,42941.59
20230415,20013,20230415,17873,20230415,76236,20230415,16834,20230415,22153,20230415,134834,20230415,11859.95,20230415,44677.49
20230416,20027,20230416,17887,20230416,75947,20230416,16885,20230416,22340,20230416,134533,20230416,12010.9,20230416,44874.19
20230417,20041,20230417,17898,20230417,77412,20230417,17478,20230417,23041,20230417,135261,20230417,12062.74,20230417,44857.19
20230418,20055,20230418,17905,20230418,77215,20230418,17778,20230418,24019,20230418,137878,20230418,12175.5,20230418,45500.19
20230419,20098,20230419,17946,20230419,77833,20230419,18087,20230419,24143,20230419,137234,20230419,12140.94,20230419,45348.59
20230424,20128,20230424,17973,20230424,77345,20230424,17491,20230424,23784,20230424,137473,20230424,12067.28,20230424,45402.89
20230425,20142,20230425,17985,20230425,77213,20230425,17679,20230425,23493,20230425,139804,20230425,12282.8,20230425,46419.99
20230426,20167,20230426,18006,20230426,79866,20230426,17359,20230426,23163,20230426,139488,20230426,12280.08,20230426,46271.39
20230429,20195,20230429,18028,20230429,86366,20230429,17702,20230429,23935,20230429,144358,20230429,12703.84,20230429,48194.68
20230430,20209,20230430,18038,20230430,91762,20230430,18147,20230430,25158,20230430,147069,20230430,12869.34,20230430,49351.68
20230501,20223,20230501,18049,20230501,96899,20230501,17931,20230501,24913,20230501,146960,20230501,12872.07,20230501,49100.38
20230502,20237,20230502,18059,20230502,92548,20230502,17764,20230502,24711,20230502,149549,20230502,13173.98,20230502,49628.08
20230503,20263,20230503,18081,20230503,90117,20230503,17698,20230503,24683,20230503,149118,20230503,13254.92,20230503,49426.58
20230506,20291,20230506,18104,20230506,90618,20230506,17766,20230506,25138,20230506,151000,20230506,13538.64,20230506,49831.48
20230507,20305,20230507,18114,20230507,84013,20230507,16682,20230507,23193,20230507,143102,20230507,12762.04,20230507,47118.38
20230508,20322,20230508,18127,20230508,85453,20230508,16327,20230508,22194,20230508,133752,20230508,11693.53,20230508,43415.49
20230509,20338,20230509,18138,20230509,87144,20230509,16771,20230509,22942,20230509,138545,20230509,12247.34,20230509,45316.69
20230510,20366,20230510,18159,20230510,83876,20230510,16582,20230510,22801,20230510,135366,20230510,12063.65,20230510,44761.99
20230513,20394,20230513,18181,20230513,79703,20230513,16249,20230513,22323,20230513,129281,20230513,11438,20230513,42395.1
20230514,20408,20230514,18191,20230514,80470,20230514,16690,20230514,23190,20230514,137018,20230514,12124.57,20230514,44399.89
20230515,20429,20230515,18201,20230515,78120,20230515,16447,20230515,22814,20230515,135215,20230515,12060.01,20230515,44406.09
20230517,20464,20230517,18234,20230517,75554,20230517,16485,20230517,23095,20230517,137751,20230517,12213.69,20230517,44749.59
20230520,20493,20230520,18257,20230520,76463,20230520,16516,20230520,22672,20230520,136115,20230520,12158.22,20230520,44245.89
20230521,20507,20230521,18267,20230521,80322,20230521,16604,20230521,22782,20230521,137099,20230521,12242.79,20230521,44487.69
20230522,20521,20230522,18280,20230522,82088,20230522,16643,20230522,22832,20230522,138134,20230522,12322.82,20230522,44961.19
20230523,20535,20230523,18291,20230523,80372,20230523,16625,20230523,22632,20230523,139148,20230523,12375.56,20230523,45019.19
20230524,20561,20230524,18314,20230524,79631,20230524,16518,20230524,22501,20230524,140019,20230524,12395.57,20230524,45415.19
20230527,20591,20230527,18335,20230527,76944,20230527,16357,20230527,22162,20230527,137186,20230527,12247.34,20230527,44567.39
20230528,20605,20230528,18347,20230528,74873,20230528,15899,20230528,21610,20230528,132715,20230528,11829.03,20230528,43214.19
20230529,20619,20230529,18358,20230529,76877,20230529,16121,20230529,21869,20230529,133649,20230529,11879.05,20230529,43422.29
20230530,20634,20230530,18370,20230530,75935,20230530,16117,20230530,21775,20230530,134949,20230530,11981.8,20230530,43743.79
20230531,20659,20230531,18392,20230531,73950,20230531,15825,20230531,21414,20230531,132956,20230531,11834.49,20230531,43252.89
20230603,20700,20230603,18426,20230603,74098,20230603,15656,20230603,21335,20230603,133662,20230603,11919.06,20230603,43344.29
20230606,20731,20230606,18448,20230606,74181,20230606,15692,20230606,21566,20230606,134483,20230606,12035.46,20230606,43504.99
20230607,20756,20230607,18471,20230607,71746,20230607,15751,20230607,21430,20230607,134048,20230607,12003.63,20230607,43343.69
20230610,20789,20230610,18494,20230610,70966,20230610,15688,20230610,20796,20230610,128645,20230610,11529.85,20230610,41675.7
20230611,20803,20230611,18506,20230611,69069,20230611,15774,20230611,20630,20230611,129003,20230611,11524.39,20230611,41532.3
20230612,20817,20230612,18518,20230612,68007,20230612,15127,20230612,19904,20230612,124975,20230612,11394.35,20230612,40571.4
20230613,20832,20230613,18529,20230613,71402,20230613,15349,20230613,20492,20230613,126278,20230613,11438.91,20230613,40428.7
20230614,20859,20230614,18555,20230614,70970,20230614,15478,20230614,20674,20230614,128329,20230614,11658.98,20230614,41214
20230617,20888,20230617,18579,20230617,71179,20230617,15605,20230617,20609,20230617,128448,20230617,11581.68,20230617,41024.9
20230618,20902,20230618,18591,20230618,69591,20230618,15664,20230618,20534,20230618,127645,20230618,11415.27,20230618,40477
20230619,20916,20230619,18603,20230619,67944,20230619,16061,20230619,20728,20230619,127677,20230619,11553.49,20230619,40731.8
20230620,20930,20230620,18615,20230620,68789,20230620,16342,20230620,21164,20230620,128234,20230620,11501.66,20230620,40686.5
20230621,20959,20230621,18640,20230621,68308,20230621,16371,20230621,21207,20230621,129097,20230621,11578.05,20230621,41108.6
20230624,20988,20230624,18664,20230624,69477,20230624,16386,20230624,21044,20230624,128439,20230624,11530.76,20230624,41145.2
20230625,21002,20230625,18676,20230625,69583,20230625,16515,20230625,21772,20230625,129911,20230625,11636.24,20230625,41966.8
20230626,21016,20230626,18689,20230626,68992,20230626,16538,20230626,21813,20230626,130129,20230626,11608.96,20230626,41952.3
20230627,21032,20230627,18701,20230627,69108,20230627,16507,20230627,21406,20230627,129279,20230627,11515.3,20230627,41463.4
20230628,21067,20230628,18725,20230628,68887,20230628,16597,20230628,21193,20230628,128360,20230628,11382.53,20230628,40757
20230701,21091,20230701,18750,20230701,70142,20230701,16434,20230701,20941,20230701,127939,20230701,11374.35,20230701,40536.5
20230702,21105,20230702,18762,20230702,71528,20230702,16535,20230702,21057,20230702,129341,20230702,11614.42,20230702,41041.7
20230703,21119,20230703,18774,20230703,71786,20230703,16774,20230703,21413,20230703,132056,20230703,11839.94,20230703,41580.9
20230704,21133,20230704,18787,20230704,70770,20230704,17352,20230704,21958,20230704,133828,20230704,12012.72,20230704,41966.6
20230705,21168,20230705,18811,20230705,70427,20230705,17659,20230705,22176,20230705,133501,20230705,11937.24,20230705,41823.7
20230708,21189,20230708,18836,20230708,70407,20230708,17785,20230708,22311,20230708,133219,20230708,11962.71,20230708,41680.5
20230709,21203,20230709,18848,20230709,69791,20230709,17948,20230709,22683,20230709,132230,20230709,11960.89,20230709,41371.1
20230710,21217,20230710,18861,20230710,69000,20230710,17801,20230710,22701,20230710,130324,20230710,11795.38,20230710,40979.5
20230711,21231,20230711,18874,20230711,67962,20230711,17873,20230711,22355,20230711,128484,20230711,11635.34,20230711,40545.8
20230712,21267,20230712,18899,20230712,67956,20230712,17615,20230712,21841,20230712,125497,20230712,11366.16,20230712,39491.7
20230715,21288,20230715,18916,20230715,68683,20230715,17699,20230715,21970,20230715,125679,20230715,11324.33,20230715,39372.8
20230716,21302,20230716,18929,20230716,67158,20230716,17667,20230716,21794,20230716,122276,20230716,11031.52,20230716,38438.91
20230717,21316,20230717,18942,20230717,67451,20230717,17680,20230717,22001,20230717,120322,20230717,10968.77,20230717,37508.71
20230718,21330,20230718,18954,20230718,67977,20230718,17950,20230718,22485,20230718,124445,20230718,11212.48,20230718,38852.4
20230719,21366,20230719,18979,20230719,67394,20230719,18498,20230719,22852,20230719,124673,20230719,11173.38,20230719,38829.7
20230722,21387,20230722,19004,20230722,66955,20230722,18607,20230722,23128,20230722,122010,20230722,10855.1,20230722,37738.61
20230723,21401,20230723,19017,20230723,65843,20230723,18422,20230723,23088,20230723,123697,20230723,10907.84,20230723,38078.71
20230724,21415,20230724,19029,20230724,66432,20230724,18108,20230724,22812,20230724,124193,20230724,11117,20230724,38717.9
20230725,21429,20230725,19042,20230725,67674,20230725,18321,20230725,22875,20230725,123417,20230725,11017.88,20230725,38846.9
20230726,21465,20230726,19067,20230726,68858,20230726,18548,20230726,23300,20230726,122594,20230726,11058.8,20230726,38820.9
20230729,21486,20230729,19092,20230729,68718,20230729,18863,20230729,23752,20230729,122740,20230729,11033.34,20230729,38899.5
20230730,21502,20230730,19105,20230730,68683,20230730,19225,20230730,23819,20230730,120693,20230730,10822.36,20230730,38329.71
20230731,21516,20230731,19118,20230731,69392,20230731,18945,20230731,23684,20230731,121250,20230731,10863.28,20230731,38585
20230801,21538,20230801,19153,20230801,72378,20230801,18738,20230801,23766,20230801,122923,20230801,11072.44,20230801,39146.9
20230805,21580,20230805,19181,20230805,70975,20230805,18928,20230805,23969,20230805,126208,20230805,11287.96,20230805,39959.8
20230806,21593,20230806,19194,20230806,70370,20230806,19224,20230806,23996,20230806,125174,20230806,11148.82,20230806,39624.2
20230807,21608,20230807,19206,20230807,70239,20230807,19093,20230807,23510,20230807,126155,20230807,11220.66,20230807,39834.4
20230808,21623,20230808,19219,20230808,69512,20230808,18999,20230808,23437,20230808,124835,20230808,11363.43,20230808,39390.4
20230809,21658,20230809,19244,20230809,70044,20230809,19145,20230809,23900,20230809,124925,20230809,11271.59,20230809,39663.7
20230812,21681,20230812,19270,20230812,67366,20230812,18797,20230812,23604,20230812,120556,20230812,10923.3,20230812,38681.8
20230813,21696,20230813,19283,20230813,68726,20230813,18758,20230813,23686,20230813,120842,20230813,10974.23,20230813,38705.7
20230814,21711,20230814,19295,20230814,68659,20230814,19199,20230814,23730,20230814,122079,20230814,11014.24,20230814,38868.1
20230815,21727,20230815,19309,20230815,68326,20230815,18913,20230815,23520,20230815,120273,20230815,10846.92,20230815,38443.01
20230816,21763,20230816,19335,20230816,68236,20230816,19199,20230816,23309,20230816,120043,20230816,10806.9,20230816,38203.71
20230819,21784,20230819,19360,20230819,67342,20230819,18671,20230819,22967,20230819,118152,20230819,10677.77,20230819,37850.91
20230820,21799,20230820,19373,20230820,67513,20230820,18980,20230820,22818,20230820,118032,20230820,10617.75,20230820,37764.31
20230821,21814,20230821,19383,20230821,67298,20230821,18877,20230821,22798,20230821,118332,20230821,10702.33,20230821,37952.51
20230822,21830,20230822,19396,20230822,67866,20230822,18795,20230822,22683,20230822,115815,20230822,10567.74,20230822,37470.31
20230823,21867,20230823,19421,20230823,68271,20230823,18883,20230823,22905,20230823,118085,20230823,10823.27,20230823,38084.51
20230826,21888,20230826,19447,20230826,67751,20230826,19009,20230826,22918,20230826,122446,20230826,11160.65,20230826,39244.6
20230827,21903,20230827,19460,20230827,68043,20230827,18981,20230827,22846,20230827,125853,20230827,11445.28,20230827,40286.9
20230828,21918,20230828,19473,20230828,67764,20230828,18943,20230828,22984,20230828,126008,20230828,11559.86,20230828,40945.8
20230829,21934,20230829,19486,20230829,67702,20230829,18831,20230829,23039,20230829,125685,20230829,11540.76,20230829,40724.1
20230830,21969,20230830,19511,20230830,68019,20230830,18899,20230830,23438,20230830,125768,20230830,11677.17,20230830,40917.4
20230902,21990,20230902,19537,20230902,68069,20230902,18912,20230902,23791,20230902,125909,20230902,11653.52,20230902,40940.1
20230903,22006,20230903,19550,20230903,69303,20230903,18967,20230903,23859,20230903,126183,20230903,11694.44,20230903,41074.6
20230904,22022,20230904,19563,20230904,68813,20230904,19180,20230904,23738,20230904,128162,20230904,11832.67,20230904,41826.5
20230905,22066,20230905,19602,20230905,68363,20230905,19068,20230905,23798,20230905,129928,20230905,11979.08,20230905,42146
20230909,22087,20230909,19628,20230909,68749,20230909,19234,20230909,23819,20230909,127276,20230909,11816.3,20230909,41188.3
20230910,22102,20230910,19641,20230910,68361,20230910,19108,20230910,23760,20230910,127040,20230910,11622.6,20230910,41207
20230911,22117,20230911,19654,20230911,68309,20230911,19109,20230911,23910,20230911,127415,20230911,11655.34,20230911,41391.6
20230912,22133,20230912,19666,20230912,67857,20230912,19088,20230912,23912,20230912,128445,20230912,11803.57,20230912,41624.7
20230913,22183,20230913,19706,20230913,68394,20230913,19106,20230913,23950,20230913,128992,20230913,11809.02,20230913,41566
20230917,22207,20230917,19732,20230917,68162,20230917,19149,20230917,23999,20230917,129777,20230917,11864.5,20230917,41736
20230918,22222,20230918,19745,20230918,67513,20230918,19429,20230918,24465,20230918,129156,20230918,11889.96,20230918,41654.2
20230919,22237,20230919,19758,20230919,67515,20230919,19248,20230919,24561,20230919,128510,20230919,11825.39,20230919,41493.3
20230920,22274,20230920,19784,20230920,67059,20230920,19011,20230920,24563,20230920,127782,20230920,11916.33,20230920,41274.7
20230923,22306,20230923,19811,20230923,66649,20230923,18935,20230923,24821,20230923,127710,20230923,11797.2,20230923,41222.9
20230925,22328,20230925,19837,20230925,66236,20230925,18912,20230925,24994,20230925,126060,20230925,11668.07,20230925,40884.1
20230926,22344,20230926,19850,20230926,66049,20230926,18921,20230926,24813,20230926,125881,20230926,11683.53,20230926,40764
20230927,22381,20230927,19877,20230927,65749,20230927,18876,20230927,24835,20230927,125933,20230927,11619.88,20230927,40822.1
20230930,22403,20230930,19903,20230930,65111,20230930,18890,20230930,24697,20230930,125294,20230930,11603.51,20230930,40664.1
20231001,22419,20231001,19916,20231001,65481,20231001,19057,20231001,24811,20231001,123899,20231001,11484.38,20231001,40073.4
20231002,22446,20231002,19930,20231002,65576,20231002,19155,20231002,24844,20231002,124428,20231002,11533.49,20231002,40265.1
20231004,22487,20231004,19969,20231004,65333,20231004,19476,20231004,25291,20231004,124954,20231004,11543.49,20231004,40472.3
20231007,22509,20231007,19996,20231007,67074,20231007,19896,20231007,25902,20231007,123431,20231007,11448.01,20231007,40425.3
20231008,22524,20231008,20009,20231008,72093,20231008,19790,20231008,25935,20231008,119480,20231008,11052.43,20231008,39127.9
20231009,22539,20231009,20023,20231009,73527,20231009,20008,20231009,26269,20231009,121133,20231009,11048.79,20231009,39203.5
20231010,22554,20231010,20036,20231010,70298,20231010,19726,20231010,26226,20231010,122019,20231010,11190.66,20231010,39579.7
20231011,22592,20231011,20063,20231011,70143,20231011,19561,20231011,25994,20231011,122840,20231011,11177.01,20231011,39955.5
20231014,22614,20231014,20089,20231014,71196,20231014,19164,20231014,25708,20231014,120825,20231014,11059.71,20231014,39265.3
20231015,22629,20231015,20103,20231015,70444,20231015,18954,20231015,25088,20231015,121069,20231015,11009.69,20231015,39443.1
20231016,22644,20231016,20116,20231016,69175,20231016,18766,20231016,24769,20231016,123078,20231016,11188.84,20231016,39948.2
20231017,22659,20231017,20128,20231017,69747,20231017,18912,20231017,24977,20231017,123414,20231017,11261.59,20231017,40009.5
20231018,22697,20231018,20155,20231018,71227,20231018,18778,20231018,25027,20231018,121916,20231018,11087.9,20231018,39508.6
20231021,22719,20231021,20182,20231021,70440,20231021,18758,20231021,24967,20231021,123054,20231021,11147.92,20231021,39850.9
20231022,22734,20231022,20195,20231022,70832,20231022,18600,20231022,25077,20231022,123831,20231022,11239.76,20231022,40077.3
20231023,22749,20231023,20209,20231023,70840,20231023,18344,20231023,24813,20231023,122423,20231023,11119.72,20231023,39717.7
20231024,22764,20231024,20222,20231024,70869,20231024,17957,20231024,24458,20231024,121114,20231024,11082.44,20231024,39604.9
20231025,22802,20231025,20249,20231025,71324,20231025,18073,20231025,24486,20231025,121389,20231025,11032.43,20231025,39428.4
20231028,22824,20231028,20277,20231028,74334,20231028,19053,20231028,24844,20231028,117391,20231028,10675.95,20231028,38363.71
20231029,22840,20231029,20291,20231029,72554,20231029,19752,20231029,24968,20231029,119331,20231029,10754.16,20231029,38722.2
20231030,22855,20231030,20303,20231030,71890,20231030,19621,20231030,24971,20231030,121288,20231030,10921.48,20231030,39187.7
20231031,22871,20231031,20318,20231031,72482,20231031,20031,20231031,25058,20231031,121055,20231031,10890.56,20231031,39174
20231101,22909,20231101,20344,20231101,72670,20231101,21363,20231101,25934,20231101,119731,20231101,10785.99,20231101,38989.5
20231104,22931,20231104,20372,20231104,71802,20231104,22674,20231104,26642,20231104,123439,20231104,11144.28,20231104,39828.4
20231105,22947,20231105,20385,20231105,72020,20231105,22224,20231105,26283,20231105,123007,20231105,11182.47,20231105,39906.7
20231106,22963,20231106,20398,20231106,71627,20231106,22450,20231106,26141,20231106,124201,20231106,11332.52,20231106,40478.4
20231107,22978,20231107,20413,20231107,71111,20231107,22582,20231107,26067,20231107,126086,20231107,11576.23,20231107,41344.6
20231108,23017,20231108,20439,20231108,71285,20231108,22820,20231108,26099,20231108,125815,20231108,11563.5,20231108,41288.9
20231111,23039,20231111,20467,20231111,71184,20231111,23124,20231111,26429,20231111,125251,20231111,11549.85,20231111,41270.5
20231112,23056,20231112,20480,20231112,71003,20231112,22539,20231112,26291,20231112,124788,20231112,11488.93,20231112,41034.5
20231113,23072,20231113,20494,20231113,71083,20231113,22466,20231113,26270,20231113,124996,20231113,11534.4,20231113,41076.1
20231114,23088,20231114,20508,20231114,70692,20231114,22730,20231114,26586,20231114,123713,20231114,11473.47,20231114,40720.9
20231115,23127,20231115,20534,20231115,70941,20231115,22771,20231115,26359,20231115,122911,20231115,11437.09,20231115,40606
20231118,23149,20231118,20563,20231118,70672,20231118,22265,20231118,25997,20231118,122297,20231118,11444.37,20231118,40606
20231119,23166,20231119,20575,20231119,70524,20231119,22213,20231119,25974,20231119,122433,20231119,11447.1,20231119,40606
20231120,23182,20231120,20589,20231120,69934,20231120,21863,20231120,25959,20231120,121513,20231120,11379.8,20231120,40606
20231121,23198,20231121,20603,20231121,70351,20231121,21728,20231121,25992,20231121,122167,20231121,11390.72,20231121,40306
20231122,23237,20231122,20630,20231122,70486,20231122,21793,20231122,26015,20231122,122727,20231122,11430.73,20231122,40373
20231125,23260,20231125,20658,20231125,70883,20231125,22287,20231125,26465,20231125,122518,20231125,11449.82,20231125,40343
20231126,23276,20231126,20672,20231126,70773,20231126,22893,20231126,26772,20231126,122652,20231126,11452.55,20231126,40398
20231127,23293,20231127,20686,20231127,70843,20231127,22988,20231127,26660,20231127,122801,20231127,11468.92,20231127,40421
20231128,23309,20231128,20699,20231128,70784,20231128,22954,20231128,26848,20231128,123012,20231128,11521.66,20231128,40821
20231129,23348,20231129,20727,20231129,71153,20231129,22773,20231129,26759,20231129,126040,20231129,11705.36,20231129,41372
20231202,23371,20231202,20754,20231202,72370,20231202,22968,20231202,26563,20231202,128530,20231202,11947.25,20231202,42220
20231203,23387,20231203,20769,20231203,72481,20231203,22750,20231203,26518,20231203,129881,20231203,12194.6,20231203,42666
20231204,23403,20231204,20781,20231204,72663,20231204,22809,20231204,26561,20231204,130661,20231204,12263.71,20231204,42919
20231205,23419,20231205,20796,20231205,71923,20231205,22871,20231205,26550,20231205,130643,20231205,12226.42,20231205,42900
20231206,23458,20231206,20823,20231206,71680,20231206,22888,20231206,26583,20231206,130452,20231206,12199.14,20231206,42711
20231209,23481,20231209,20851,20231209,71229,20231209,22806,20231209,26623,20231209,129467,20231209,12204.6,20231209,42524
20231210,23497,20231210,20864,20231210,71367,20231210,22498,20231210,26656,20231210,130026,20231210,12180.05,20231210,42740
20231211,23513,20231211,20878,20231211,71080,20231211,22792,20231211,26701,20231211,129961,20231211,12228.24,20231211,42682
20231212,23529,20231212,20893,20231212,71045,20231212,22261,20231212,26642,20231212,129659,20231212,12240.06,20231212,42656
20231213,23568,20231213,20921,20231213,71114,20231213,22636,20231213,26740,20231213,129459,20231213,12170.04,20231213,42621
20231216,23601,20231216,20948,20231216,71310,20231216,22558,20231216,26537,20231216,130964,20231216,12280.98,20231216,42896
20231218,23624,20231218,20976,20231218,71094,20231218,22427,20231218,26510,20231218,133541,20231218,12581.08,20231218,43919
20231219,23640,20231219,20990,20231219,71044,20231219,22447,20231219,26539,20231219,133738,20231219,12521.97,20231219,43974
20231220,23680,20231220,21020,20231220,71092,20231220,22431,20231220,26439,20231220,133705,20231220,12508.33,20231220,43689
20231223,23703,20231223,21047,20231223,71734,20231223,22443,20231223,26514,20231223,133478,20231223,12521.06,20231223,43834
20231224,23719,20231224,21061,20231224,71646,20231224,22484,20231224,26494,20231224,132370,20231224,12460.13,20231224,43651
20231225,23735,20231225,21075,20231225,71407,20231225,22425,20231225,26483,20231225,132188,20231225,12457.4,20231225,43661
20231226,23751,20231226,21089,20231226,71754,20231226,22386,20231226,26420,20231226,131408,20231226,12381.02,20231226,43211
20231227,23791,20231227,21117,20231227,71925,20231227,22495,20231227,26481,20231227,131755,20231227,12372.83,20231227,43129
20231230,23814,20231230,21145,20231230,72729,20231230,22591,20231230,26861,20231230,132654,20231230,12463.77,20231230,43344
20231231,23833,20231231,21159,20231231,72648,20231231,24066,20231231,28070,20231231,132267,20231231,12401.02,20231231,43240
20240101,23849,20240101,21174,20240101,72731,20240101,24766,20240101,28509,20240101,131866,20240101,12369.19,20240101,43047
20240102,23867,20240102,21187,20240102,73601,20240102,23827,20240102,27867,20240102,131363,20240102,12303.72,20240102,42848
20240103,23907,20240103,21216,20240103,74128,20240103,23225,20240103,27658,20240103,131173,20240103,12251.89,20240103,42834
20240106,23930,20240106,21244,20240106,73784,20240106,23689,20240106,27827,20240106,131425,20240106,12275.53,20240106,42756
20240107,23948,20240107,21260,20240107,74580,20240107,24264,20240107,27754,20240107,131764,20240107,12300.99,20240107,42684
20240108,23966,20240108,21273,20240108,74665,20240108,24248,20240108,27675,20240108,131890,20240108,12418.3,20240108,42588
20240109,23984,20240109,21288,20240109,75036,20240109,23992,20240109,27306,20240109,132012,20240109,12412.84,20240109,42800
20240110,24019,20240110,21317,20240110,78144,20240110,24161,20240110,27553,20240110,133393,20240110,12540.15,20240110,43413
20240113,24042,20240113,21346,20240113,81443,20240113,25117,20240113,28069,20240113,134702,20240113,12537.43,20240113,43592
20240114,24061,20240114,21360,20240114,81598,20240114,25590,20240114,28427,20240114,135865,20240114,12586.53,20240114,44117
20240115,24080,20240115,21375,20240115,78248,20240115,25291,20240115,28077,20240115,134882,20240115,12560.16,20240115,43712
20240116,24100,20240116,21390,20240116,80202,20240116,25175,20240116,28044,20240116,134348,20240116,12500.14,20240116,43455
20240117,24135,20240117,21419,20240117,79985,20240117,25229,20240117,28123,20240117,134678,20240117,12496.5,20240117,43514
20240120,24158,20240120,21448,20240120,80291,20240120,25629,20240120,28221,20240120,133078,20240120,12431.03,20240120,42930
20240121,24177,20240121,21463,20240121,82490,20240121,25982,20240121,28617,20240121,131985,20240121,12315.54,20240121,42615
20240122,24199,20240122,21478,20240122,83066,20240122,26108,20240122,29001,20240122,131661,20240122,12315.54,20240122,42602
20240123,24218,20240123,21493,20240123,86348,20240123,26358,20240123,29406,20240123,129544,20240123,12138.21,20240123,42194
20240124,24254,20240124,21522,20240124,86525,20240124,27367,20240124,30112,20240124,130542,20240124,12209.15,20240124,42477
20240127,24278,20240127,21551,20240127,87113,20240127,28343,20240127,30772,20240127,130680,20240127,12245.52,20240127,42433
20240128,24297,20240128,21566,20240128,85456,20240128,28454,20240128,31047,20240128,130783,20240128,12352.82,20240128,42419
20240129,24316,20240129,21580,20240129,87688,20240129,29022,20240129,32173,20240129,130049,20240129,12249.16,20240129,42271
20240130,24335,20240130,21595,20240130,87240,20240130,29413,20240130,32151,20240130,128988,20240130,12237.34,20240130,42110
20240131,24371,20240131,21624,20240131,85091,20240131,28703,20240131,31234,20240131,129363,20240131,12150.04,20240131,42000
20240203,24395,20240203,21653,20240203,81683,20240203,28982,20240203,31899,20240203,129850,20240203,12182.77,20240203,42234
20240204,24414,20240204,21669,20240204,80456,20240204,29232,20240204,31938,20240204,128939,20240204,12114.57,20240204,42046
20240205,24433,20240205,21682,20240205,79616,20240205,28285,20240205,31051,20240205,129185,20240205,12076.38,20240205,41876
20240206,24452,20240206,21698,20240206,81678,20240206,28659,20240206,31480,20240206,128429,20240206,12077.29,20240206,41680
20240207,24488,20240207,21728,20240207,83694,20240207,28892,20240207,31647,20240207,128294,20240207,12104.57,20240207,41800
20240210,24527,20240210,21757,20240210,83127,20240210,29309,20240210,32161,20240210,128459,20240210,12080.92,20240210,41972
20240212,24551,20240212,21786,20240212,84649,20240212,29334,20240212,32485,20240212,127152,20240212,11992.72,20240212,41612
20240213,24570,20240213,21801,20240213,84176,20240213,29085,20240213,32193,20240213,126876,20240213,11979.08,20240213,41429
20240214,24606,20240214,21831,20240214,84024,20240214,29391,20240214,32565,20240214,126589,20240214,11860.86,20240214,41410
20240217,24630,20240217,21861,20240217,84759,20240217,29682,20240217,33090,20240217,125204,20240217,11785.38,20240217,40954
20240218,24649,20240218,21876,20240218,86051,20240218,29979,20240218,33158,20240218,126117,20240218,11869.04,20240218,41233
20240219,24668,20240219,21891,20240219,85643,20240219,30997,20240219,33759,20240219,126539,20240219,11961.8,20240219,41468
20240220,24688,20240220,21905,20240220,84254,20240220,31088,20240220,33426,20240220,126420,20240220,11953.61,20240220,41377
20240221,24727,20240221,21935,20240221,85454,20240221,29942,20240221,33001,20240221,125808,20240221,11970.89,20240221,41266
20240224,24766,20240224,21965,20240224,86263,20240224,29952,20240224,33035,20240224,125111,20240224,11845.4,20240224,41059
20240226,24790,20240226,21994,20240226,85860,20240226,30763,20240226,33610,20240226,123492,20240226,11656.25,20240226,40608
20240227,24810,20240227,22009,20240227,85569,20240227,30957,20240227,33584,20240227,123917,20240227,11621.69,20240227,40606
20240228,24851,20240228,22040,20240228,84848,20240228,30799,20240228,33639,20240228,124569,20240228,11694.44,20240228,40933
20240302,24875,20240302,22069,20240302,86768,20240302,31039,20240302,34073,20240302,129497,20240302,12019.09,20240302,42344
20240303,24894,20240303,22085,20240303,85157,20240303,30995,20240303,34213,20240303,133339,20240303,12304.63,20240303,43489
20240304,24916,20240304,22100,20240304,86642,20240304,31819,20240304,35269,20240304,130758,20240304,12210.05,20240304,42830
20240305,24938,20240305,22114,20240305,88594,20240305,33435,20240305,36363,20240305,133612,20240305,12378.29,20240305,43801
20240306,24980,20240306,22145,20240306,89117,20240306,33984,20240306,36691,20240306,133418,20240306,12359.19,20240306,44020
20240309,25002,20240309,22175,20240309,90661,20240309,35457,20240309,38096,20240309,133418,20240309,12468.31,20240309,44020
20240310,25024,20240310,22191,20240310,88170,20240310,34241,20240310,37839,20240310,131348,20240310,12441.03,20240310,43630
20240311,25046,20240311,22205,20240311,88686,20240311,33401,20240311,37208,20240311,132184,20240311,12411.93,20240311,43519
20240312,25068,20240312,22221,20240312,88426,20240312,33729,20240312,37130,20240312,131329,20240312,12441.03,20240312,43471
20240313,25108,20240313,22251,20240313,87541,20240313,33170,20240313,36459,20240313,129931,20240313,12403.75,20240313,43121
20240316,25130,20240316,22280,20240316,88192,20240316,33520,20240316,37197,20240316,129807,20240316,12379.2,20240316,42974
20240317,25152,20240317,22297,20240317,90014,20240317,33932,20240317,37834,20240317,131309,20240317,12490.14,20240317,43756
20240318,25210,20240318,22361,20240318,92803,20240318,34623,20240318,38533,20240318,134836,20240318,12788.41,20240318,44493
20240324,25280,20240324,22408,20240324,96832,20240324,35197,20240324,39234,20240324,139836,20240324,13192.17,20240324,45602
20240325,25303,20240325,22423,20240325,95037,20240325,35739,20240325,40296,20240325,138964,20240325,13222.18,20240325,45471
20240326,25325,20240326,22439,20240326,93459,20240326,35807,20240326,40526,20240326,137882,20240326,13162.16,20240326,45227
20240327,25371,20240327,22471,20240327,95759,20240327,35754,20240327,40547,20240327,138631,20240327,13216.72,20240327,45638
20240330,25418,20240330,22519,20240330,98366,20240330,35975,20240330,40532,20240330,138524,20240330,13200.35,20240330,45282
20240402,25443,20240402,22551,20240402,104263,20240402,36098,20240402,40552,20240402,136594,20240402,13018.48,20240402,44850
20240403,25488,20240403,22583,20240403,106340,20240403,35875,20240403,40079,20240403,137749,20240403,13211.27,20240403,45109
20240406,25513,20240406,22614,20240406,110764,20240406,35645,20240406,39495,20240406,136023,20240406,13031.21,20240406,44597
20240407,25535,20240407,22631,20240407,104848,20240407,37393,20240407,41095,20240407,136135,20240407,13029.39,20240407,44881
20240408,25557,20240408,22647,20240408,101737,20240408,37742,20240408,40970,20240408,137622,20240408,13197.63,20240408,45756
20240409,25605,20240409,22695,20240409,107146,20240409,37001,20240409,41021,20240409,137398,20240409,13175.8,20240409,45603
20240413,25638,20240413,22727,20240413,114534,20240413,38078,20240413,41929,20240413,132756,20240413,12812.05,20240413,44232
20240414,25663,20240414,22743,20240414,113822,20240414,38986,20240414,42864,20240414,130440,20240414,12557.43,20240414,43357
20240415,25688,20240415,22758,20240415,108652,20240415,38866,20240415,42974,20240415,133015,20240415,12736.58,20240415,44209
20240416,25713,20240416,22774,20240416,111530,20240416,39056,20240416,42843,20240416,131105,20240416,12578.35,20240416,43371
20240417,25759,20240417,22808,20240417,112539,20240417,39051,20240417,42610,20240417,133612,20240417,12807.51,20240417,44190
20240420,25784,20240420,22839,20240420,107180,20240420,38097,20240420,42125,20240420,141728,20240420,13465.89,20240420,46753
20240421,25806,20240421,22856,20240421,107681,20240421,37549,20240421,41678,20240421,141130,20240421,13614.12,20240421,47044
20240422,25829,20240422,22873,20240422,106089,20240422,37933,20240422,41996,20240422,140133,20240422,13525.91,20240422,46525
20240423,25852,20240423,22889,20240423,103132,20240423,36995,20240423,41164,20240423,139169,20240423,13441.34,20240423,45992
20240424,25893,20240424,22922,20240424,101948,20240424,36709,20240424,40750,20240424,139611,20240424,13510.45,20240424,46340
20240427,25916,20240427,22954,20240427,100015,20240427,36889,20240427,41456,20240427,139384,20240427,13508.63,20240427,46125
20240428,25939,20240428,22972,20240428,99864,20240428,36684,20240428,40898,20240428,137745,20240428,13371.31,20240428,45060
20240429,25962,20240429,22988,20240429,103589,20240429,36128,20240429,40478,20240429,137956,20240429,13389.5,20240429,45276
20240430,25986,20240430,23005,20240430,106493,20240430,35498,20240430,39636,20240430,137251,20240430,13286.74,20240430,44959
20240501,26050,20240501,23055,20240501,104297,20240501,35775,20240501,39878,20240501,137682,20240501,13269.47,20240501,45029
20240505,26073,20240505,23088,20240505,103536,20240505,35662,20240505,39650,20240505,137120,20240505,13215.81,20240505,44822
20240506,26096,20240506,23104,20240506,105281,20240506,35252,20240506,39125,20240506,135196,20240506,13122.15,20240506,44411
20240507,26120,20240507,23121,20240507,103524,20240507,34992,20240507,39042,20240507,135143,20240507,13103.96,20240507,44371
20240508,26164,20240508,23155,20240508,101785,20240508,34292,20240508,38433,20240508,133976,20240508,13085.77,20240508,44318
20240511,26187,20240511,23187,20240511,101024,20240511,32557,20240511,37434,20240511,132962,20240511,12963.92,20240511,43870
20240512,26210,20240512,23204,20240512,99284,20240512,31148,20240512,36380,20240512,131970,20240512,12814.78,20240512,43676
20240513,26233,20240513,23222,20240513,97622,20240513,32146,20240513,37072,20240513,129788,20240513,12677.47,20240513,42886
20240514,26257,20240514,23238,20240514,97693,20240514,31809,20240514,36443,20240514,130075,20240514,12701.11,20240514,42974
20240515,26301,20240515,23272,20240515,98301,20240515,32019,20240515,36581,20240515,130081,20240515,12773.86,20240515,43173
20240518,26324,20240518,23304,20240518,97184,20240518,32815,20240518,37669,20240518,129627,20240518,12706.57,20240518,42700
20240519,26347,20240519,23322,20240519,97376,20240519,33390,20240519,38557,20240519,126228,20240519,12338.28,20240519,41564
20240521,26397,20240521,23389,20240521,97284,20240521,34494,20240521,39059,20240521,126385,20240521,12394.66,20240521,41440
20240525,26467,20240525,23423,20240525,95132,20240525,34070,20240525,39097,20240525,124750,20240525,12250.98,20240525,40998
20240526,26491,20240526,23440,20240526,94452,20240526,33588,20240526,38523,20240526,121862,20240526,12048.19,20240526,40013
20240527,26514,20240527,23455,20240527,95771,20240527,33465,20240527,38436,20240527,122445,20240527,12018.18,20240527,39925
20240528,26538,20240528,23472,20240528,99837,20240528,34084,20240528,39110,20240528,125915,20240528,12283.71,20240528,41359
20240529,26582,20240529,23507,20240529,98881,20240529,33840,20240529,39072,20240529,126944,20240529,12330.09,20240529,42483
20240601,26609,20240601,23540,20240601,96437,20240601,33759,20240601,39219,20240601,124762,20240601,12270.98,20240601,41481
20240602,26656,20240602,23575,20240602,97843,20240602,34559,20240602,40476,20240602,124301,20240602,12077.29,20240602,41147
20240605,26717,20240605,23626,20240605,97612,20240605,34448,20240605,40486,20240605,124350,20240605,12185.5,20240605,40894
20240608,26748,20240608,23660,20240608,96329,20240608,34554,20240608,40297,20240608,122440,20240608,12007.27,20240608,40041
20240609,26772,20240609,23678,20240609,96413,20240609,34234,20240609,39541,20240609,123559,20240609,11975.44,20240609,40365
20240610,26795,20240610,23696,20240610,95365,20240610,34003,20240610,39326,20240610,126468,20240610,12187.32,20240610,41460
20240611,26818,20240611,23713,20240611,95214,20240611,33672,20240611,39418,20240611,125187,20240611,12142.76,20240611,41007
20240612,26865,20240612,23749,20240612,95037,20240612,33314,20240612,38930,20240612,124791,20240612,12120.03,20240612,40482
20240615,26891,20240615,23783,20240615,95355,20240615,33091,20240615,38547,20240615,123661,20240615,12146.4,20240615,40192
20240616,26928,20240616,23802,20240616,95623,20240616,32816,20240616,38589,20240616,123161,20240616,12167.31,20240616,39929
20240618,26965,20240618,23835,20240618,95437,20240618,32518,20240618,38554,20240618,123014,20240618,11953.61,20240618,39818
20240619,27013,20240619,23872,20240619,95554,20240619,31963,20240619,38336,20240619,124831,20240619,12122.76,20240619,40797
20240622,27039,20240622,23907,20240622,96365,20240622,32209,20240622,38525,20240622,124582,20240622,11988.17,20240622,40515
20240623,27062,20240623,23925,20240623,98630,20240623,32005,20240623,38325,20240623,125095,20240623,12075.47,20240623,40495
20240624,27097,20240624,23951,20240624,100741,20240624,32169,20240624,38675,20240624,127200,20240624,12221.88,20240624,41493
20240626,27148,20240626,23996,20240626,99324,20240626,31850,20240626,38425,20240626,129293,20240626,12320.09,20240626,42026
20240629,27175,20240629,24030,20240629,100487,20240629,31778,20240629,38096,20240629,129819,20240629,12294.63,20240629,41640
20240630,27200,20240630,24048,20240630,103158,20240630,31881,20240630,37770,20240630,126797,20240630,12169.13,20240630,40872
20240701,27225,20240701,24067,20240701,102179,20240701,32424,20240701,37708,20240701,128131,20240701,12249.16,20240701,41252
20240702,27250,20240702,24084,20240702,102420,20240702,32118,20240702,37660,20240702,130733,20240702,12387.38,20240702,41756
20240703,27293,20240703,24120,20240703,100541,20240703,31753,20240703,37689,20240703,131149,20240703,12495.6,20240703,41962
20240706,27319,20240706,24155,20240706,96342,20240706,32151,20240706,38109,20240706,140778,20240706,13553.19,20240706,45640
20240707,27343,20240707,24174,20240707,98411,20240707,31603,20240707,38058,20240707,136018,20240707,13369.5,20240707,44533
20240708,27368,20240708,24192,20240708,97564,20240708,32150,20240708,38546,20240708,136186,20240708,13176.71,20240708,43731
20240709,27392,20240709,24210,20240709,96044,20240709,32126,20240709,38359,20240709,136126,20240709,13137.61,20240709,43475
20240710,27435,20240710,24246,20240710,96212,20240710,31814,20240710,38134,20240710,135500,20240710,13019.39,20240710,43187
20240713,27462,20240713,24281,20240713,95564,20240713,31790,20240713,38154,20240713,135986,20240713,12967.56,20240713,43202
20240714,27517,20240714,24317,20240714,96776,20240714,31962,20240714,38629,20240714,136423,20240714,12997.57,20240714,43340
20240717,27571,20240717,24371,20240717,97791,20240717,32115,20240717,38523,20240717,137280,20240717,12973.01,20240717,43338
20240720,27598,20240720,24407,20240720,96214,20240720,32274,20240720,38415,20240720,136017,20240720,12984.83,20240720,43185
20240721,27622,20240721,24426,20240721,96724,20240721,32031,20240721,37808,20240721,134909,20240721,12801.14,20240721,42799
20240722,27646,20240722,24444,20240722,96547,20240722,32128,20240722,38182,20240722,135332,20240722,12758.4,20240722,42800
20240723,27670,20240723,24461,20240723,97809,20240723,32186,20240723,38261,20240723,136957,20240723,12873.89,20240723,43026
20240724,27716,20240724,24498,20240724,98173,20240724,32209,20240724,38107,20240724,136871,20240724,12899.35,20240724,43871
20240727,27744,20240727,24533,20240727,98733,20240727,32098,20240727,38334,20240727,136958,20240727,12819.33,20240727,43409
20240729,27799,20240729,24571,20240729,100744,20240729,32398,20240729,38609,20240729,135426,20240729,12601.99,20240729,42930
20240730,27823,20240730,24589,20240730,101420,20240730,33024,20240730,39203,20240730,134350,20240730,12435.58,20240730,42581
20240731,27869,20240731,24625,20240731,103663,20240731,33204,20240731,39058,20240731,127973,20240731,12015.45,20240731,40892
20240803,27896,20240803,24662,20240803,106042,20240803,32859,20240803,38879,20240803,122683,20240803,11912.69,20240803,40080
20240804,27920,20240804,24680,20240804,104030,20240804,33389,20240804,39327,20240804,124246,20240804,11998.17,20240804,40550
20240805,27945,20240805,24698,20240805,104602,20240805,33046,20240805,39423,20240805,124738,20240805,11896.32,20240805,40387
20240806,27970,20240806,24716,20240806,105389,20240806,32684,20240806,38821,20240806,124770,20240806,11914.51,20240806,40425
20240810,28053,20240810,24790,20240810,102643,20240810,32441,20240810,38556,20240810,126834,20240810,12026.36,20240810,40930
20240811,28077,20240811,24808,20240811,100572,20240811,32469,20240811,38386,20240811,127102,20240811,11988.17,20240811,40854
20240812,28101,20240812,24827,20240812,101824,20240812,32171,20240812,38333,20240812,126551,20240812,11904.51,20240812,40194
20240813,28125,20240813,24845,20240813,101098,20240813,31822,20240813,38246,20240813,126004,20240813,11795.38,20240813,40084
20240814,28172,20240814,24882,20240814,100984,20240814,31793,20240814,38235,20240814,128524,20240814,12030,20240814,40875
20240817,28199,20240817,24918,20240817,100726,20240817,31838,20240817,37933,20240817,131074,20240817,12030,20240817,41691
20240818,28223,20240818,24937,20240818,100127,20240818,31603,20240818,38072,20240818,133666,20240818,12030,20240818,42454
20240819,28248,20240819,24956,20240819,102119,20240819,31325,20240819,38045,20240819,131431,20240819,12200,20240819,42054
20240820,28273,20240820,24974,20240820,102566,20240820,31011,20240820,37545,20240820,131049,20240820,12160,20240820,41490
20240821,28320,20240821,25012,20240821,102274,20240821,30860,20240821,37065,20240821,132394,20240821,12230,20240821,41855
20240824,28363,20240824,25058,20240824,102819,20240824,31619,20240824,37751,20240824,135019,20240824,12440,20240824,42656
20240826,28405,20240826,25086,20240826,104259,20240826,32521,20240826,38234,20240826,133802,20240826,12370,20240826,42345
20240827,28431,20240827,25105,20240827,103264,20240827,32907,20240827,38106,20240827,134348,20240827,12410,20240827,42383
20240828,28479,20240828,25142,20240828,103521,20240828,32556,20240828,37732,20240828,136313,20240828,12530,20240828,42910
20240831,28507,20240831,25178,20240831,103836,20240831,32785,20240831,38609,20240831,139039,20240831,12780,20240831,43767
20240901,28559,20240901,25207,20240901,104484,20240901,32752,20240901,38818,20240901,137743,20240901,12670,20240901,43330
20240903,28633,20240903,25263,20240903,104820,20240903,32173,20240903,38404,20240903,136702,20240903,12580,20240903,43046
20240907,28661,20240907,25308,20240907,104029,20240907,32113,20240907,38624,20240907,136494,20240907,12540,20240907,43139
20240908,28686,20240908,25327,20240908,103564,20240908,32072,20240908,38302,20240908,135445,20240908,12390,20240908,42547
20240909,28712,20240909,25346,20240909,103745,20240909,32386,20240909,38538,20240909,137497,20240909,12540,20240909,43306
20240910,28739,20240910,25365,20240910,104053,20240910,32048,20240910,38408,20240910,136794,20240910,12520,20240910,43026
20240911,28778,20240911,25402,20240911,104803,20240911,32102,20240911,38336,20240911,136340,20240911,12510,20240911,42557
20240914,28814,20240914,25440,20240914,106197,20240914,31900,20240914,38205,20240914,135726,20240914,12450,20240914,42476
20240915,28840,20240915,25458,20240915,105497,20240915,31997,20240915,38482,20240915,134918,20240915,12440,20240915,42461
20240916,28865,20240916,25478,20240916,105842,20240916,31902,20240916,38397,20240916,136009,20240916,12510,20240916,42847
20240917,28890,20240917,25497,20240917,106496,20240917,31823,20240917,38410,20240917,138321,20240917,12740,20240917,43318
20240918,28967,20240918,25545,20240918,107377,20240918,31799,20240918,37933,20240918,139287,20240918,12800,20240918,43395
20240922,28992,20240922,25591,20240922,109328,20240922,31915,20240922,38004,20240922,138878,20240922,12810,20240922,43237
20240923,29017,20240923,25612,20240923,110905,20240923,32134,20240923,38073,20240923,141249,20240923,12990,20240923,43699
20240924,29042,20240924,25631,20240924,113377,20240924,32094,20240924,38099,20240924,145068,20240924,13330,20240924,44741
20240925,29083,20240925,25671,20240925,111573,20240925,32320,20240925,38340,20240925,144245,20240925,13200,20240925,44472
20240928,29120,20240928,25711,20240928,116321,20240928,33524,20240928,39821,20240928,142803,20240928,13070,20240928,44028
20240929,29145,20240929,25730,20240929,113569,20240929,33137,20240929,39672,20240929,141394,20240929,13120,20240929,43592
20240930,29171,20240930,25750,20240930,113876,20240930,33317,20240930,40356,20240930,140283,20240930,13010,20240930,43361
20241001,29197,20241001,25770,20241001,115264,20241001,34049,20241001,43214,20241001,138937,20241001,12910,20241001,42950
20241002,29237,20241002,25810,20241002,116812,20241002,35225,20241002,45891,20241002,137550,20241002,12790,20241002,42523
20241005,29269,20241005,25849,20241005,117393,20241005,34357,20241005,44828,20241005,136248,20241005,12670,20241005,42122
20241006,29294,20241006,25869,20241006,121932,20241006,34626,20241006,43843,20241006,134889,20241006,12550,20241006,41701
20241007,29320,20241007,25890,20241007,120021,20241007,33660,20241007,41556,20241007,135618,20241007,12470,20241007,41728
20241008,29345,20241008,25910,20241008,118077,20241008,33998,20241008,41639,20241008,136893,20241008,12560,20241008,42144
20241009,29385,20241009,25949,20241009,117207,20241009,33285,20241009,40925,20241009,137828,20241009,12620,20241009,42408
20241012,29422,20241012,25988,20241012,117340,20241012,33136,20241012,40488,20241012,140958,20241012,12890,20241012,43334
20241013,29448,20241013,26010,20241013,118424,20241013,33507,20241013,40755,20241013,142911,20241013,13080,20241013,43638
20241014,29474,20241014,26030,20241014,120692,20241014,34361,20241014,41309,20241014,139943,20241014,12840,20241014,42673
20241015,29500,20241015,26050,20241015,119889,20241015,34053,20241015,41485,20241015,137001,20241015,12480,20241015,42125
20241016,29540,20241016,26090,20241016,121864,20241016,34045,20241016,41076,20241016,138074,20241016,12530,20241016,42550
20241019,29577,20241019,26129,20241019,124975,20241019,34546,20241019,41443,20241019,136029,20241019,12620,20241019,41984
20241020,29605,20241020,26149,20241020,127811,20241020,35059,20241020,41810,20241020,133511,20241020,12310,20241020,41280
20241021,29634,20241021,26170,20241021,127996,20241021,34340,20241021,40558,20241021,134231,20241021,12320,20241021,41662
20241022,29663,20241022,26191,20241022,128248,20241022,34174,20241022,40296,20241022,134030,20241022,12220,20241022,41389
20241023,29704,20241023,26231,20241023,131304,20241023,33356,20241023,39642,20241023,131402,20241023,11980,20241023,40509
20241026,29745,20241026,26270,20241026,120961,20241026,32300,20241026,38902,20241026,135344,20241026,12330,20241026,41724
20241027,29774,20241027,26292,20241027,123584,20241027,32501,20241027,39474,20241027,139404,20241027,12690,20241027,42975
20241028,29805,20241028,26312,20241028,127405,20241028,32976,20241028,40295,20241028,142862,20241028,12920,20241028,44174
20241029,29831,20241029,26332,20241029,132021,20241029,33064,20241029,40882,20241029,139261,20241029,12710,20241029,43531
20241030,29874,20241030,26373,20241030,132934,20241030,32868,20241030,40491,20241030,141149,20241030,12800,20241030,43498
20241102,29913,20241102,26413,20241102,131141,20241102,32205,20241102,39523,20241102,141033,20241102,12840,20241102,44002
20241103,29939,20241103,26433,20241103,134801,20241103,32485,20241103,39660,20241103,136878,20241103,12520,20241103,42781
20241104,29965,20241104,26454,20241104,131104,20241104,31834,20241104,38773,20241104,136492,20241104,12440,20241104,42896
20241105,29991,20241105,26474,20241105,129388,20241105,31447,20241105,38562,20241105,138932,20241105,12710,20241105,43659
20241106,30035,20241106,26515,20241106,132972,20241106,31746,20241106,39047,20241106,136495,20241106,12590,20241106,43062
20241109,30075,20241109,26556,20241109,129372,20241109,31950,20241109,39319,20241109,140544,20241109,12960,20241109,44341
20241110,30101,20241110,26577,20241110,125110,20241110,31968,20241110,39134,20241110,144760,20241110,13240,20241110,45546
20241111,30127,20241111,26597,20241111,120047,20241111,31193,20241111,38088,20241111,144417,20241111,13160,20241111,45174
20241112,30153,20241112,26618,20241112,121907,20241112,30184,20241112,37616,20241112,143755,20241112,13140,20241112,44812
20241113,30198,20241113,26659,20241113,124832,20241113,30847,20241113,38220,20241113,144883,20241113,13300,20241113,45263
20241116,30238,20241116,26699,20241116,123240,20241116,30600,20241116,38158,20241116,148973,20241116,13680,20241116,46574
20241117,30264,20241117,26719,20241117,123298,20241117,29999,20241117,37598,20241117,147328,20241117,13690,20241117,46658
20241118,30290,20241118,26741,20241118,123885,20241118,29935,20241118,37695,20241118,150527,20241118,13990,20241118,47776
20241119,30316,20241119,26762,20241119,127229,20241119,30290,20241119,38462,20241119,149525,20241119,13880,20241119,47611
20241120,30361,20241120,26803,20241120,130199,20241120,30400,20241120,39717,20241120,147324,20241120,13740,20241120,47245
20241123,30400,20241123,26844,20241123,133450,20241123,30728,20241123,39911,20241123,150854,20241123,13970,20241123,48249
20241124,30426,20241124,26865,20241124,130659,20241124,30740,20241124,39131,20241124,155260,20241124,14370,20241124,49654
20241125,30452,20241125,26886,20241125,128038,20241125,30718,20241125,38523,20241125,159792,20241125,14780,20241125,51136
20241126,30478,20241126,26906,20241126,128268,20241126,30930,20241126,38588,20241126,157696,20241126,14680,20241126,51007
20241127,30523,20241127,26948,20241127,129032,20241127,30805,20241127,37965,20241127,157827,20241127,14750,20241127,50791
20241130,30562,20241130,26972,20241130,131966,20241130,30897,20241130,38405,20241130,156000,20241130,14610,20241130,50269
20241201,30588,20241201,26997,20241201,130014,20241201,30638,20241201,38247,20241201,154812,20241201,14480,20241201,50226
20241202,30614,20241202,27024,20241202,131157,20241202,30473,20241202,38195,20241202,159343,20241202,14900,20241202,51673
20241203,30643,20241203,27050,20241203,132372,20241203,30566,20241203,38135,20241203,161827,20241203,15170,20241203,52456
20241204,30690,20241204,27092,20241204,132878,20241204,30342,20241204,38180,20241204,161986,20241204,15280,20241204,52294
20241207,30731,20241207,27118,20241207,132169,20241207,30124,20241207,38027,20241207,158760,20241207,14960,20241207,51182
20241208,30760,20241208,27144,20241208,133669,20241208,29837,20241208,37826,20241208,158040,20241208,14970,20241208,51211
20241209,30789,20241209,27170,20241209,134394,20241209,30451,20241209,38755,20241209,162767,20241209,15410,20241209,52739
20241210,30818,20241210,27196,20241210,136129,20241210,30333,20241210,38523,20241210,164289,20241210,15510,20241210,53062
20241211,30864,20241211,27238,20241211,140085,20241211,31859,20241211,39530,20241211,166759,20241211,15690,20241211,53355
20241214,30905,20241214,27264,20241214,143487,20241214,33680,20241214,41291,20241214,171761,20241214,16160,20241214,54955
20241215,30934,20241215,27291,20241215,143723,20241215,32883,20241215,40468,20241215,176586,20241215,16600,20241215,56603
20241216,30963,20241216,27317,20241216,145942,20241216,32079,20241216,39399,20241216,177309,20241216,16510,20241216,57073
20241217,30992,20241217,27344,20241217,147496,20241217,32538,20241217,39761,20241217,173356,20241217,16280,20241217,55804
20241218,31038,20241218,27386,20241218,145018,20241218,31747,20241218,39103,20241218,171358,20241218,16140,20241218,55310
20241221,31082,20241221,27412,20241221,140492,20241221,31935,20241221,39024,20241221,176479,20241221,16620,20241221,56966
20241222,31111,20241222,27439,20241222,138566,20241222,31585,20241222,38400,20241222,176508,20241222,16710,20241222,57403
20241223,31140,20241223,27465,20241223,143032,20241223,31137,20241223,38530,20241223,178097,20241223,16940,20241223,58173
20241224,31171,20241224,27492,20241224,143578,20241224,30847,20241224,38195,20241224,181576,20241224,17370,20241224,59646
20241225,31217,20241225,27534,20241225,141890,20241225,30370,20241225,38187,20241225,178996,20241225,17200,20241225,59495
20241228,31260,20241228,27561,20241228,145024,20241228,30737,20241228,38810,20241228,180131,20241228,17210,20241228,58765
20241229,31287,20241229,27587,20241229,142115,20241229,30719,20241229,38588,20241229,177005,20241229,16740,20241229,58022
20241230,31314,20241230,27614,20241230,140956,20241230,31309,20241230,38673,20241230,175220,20241230,16570,20241230,57493
20241231,31341,20241231,27641,20241231,142383,20241231,31143,20241231,38265,20241231,177576,20241231,16730,20241231,58549
20250101,31387,20250101,27683,20250101,142182,20250101,30741,20250101,38043,20250101,180321,20250101,16950,20250101,59161
20250104,31431,20250104,27709,20250104,140164,20250104,30653,20250104,38115,20250104,185605,20250104,17450,20250104,60771
20250105,31459,20250105,27737,20250105,139942,20250105,30490,20250105,37885,20250105,185783,20250105,17240,20250105,60978
20250106,31486,20250106,27762,20250106,139056,20250106,30596,20250106,38015,20250106,186772,20250106,17260,20250106,60859
20250107,31515,20250107,27789,20250107,141408,20250107,30807,20250107,38272,20250107,191643,20250107,17590,20250107,62318
20250108,31563,20250108,27833,20250108,143499,20250108,31406,20250108,38596,20250108,194058,20250108,17620,20250108,63164
20250111,31611,20250111,27869,20250111,147393,20250111,31892,20250111,38952,20250111,191606,20250111,17330,20250111,62743
20250112,31639,20250112,27905,20250112,146401,20250112,32797,20250112,39946,20250112,186361,20250112,16930,20250112,61410
20250113,31686,20250113,27941,20250113,147673,20250113,33416,20250113,40342,20250113,189399,20250113,17090,20250113,62314
20250115,31742,20250115,27983,20250115,146295,20250115,34182,20250115,40985,20250115,190901,20250115,17410,20250115,62528
20250118,31796,20250118,28011,20250118,145781,20250118,33411,20250118,40418,20250118,186492,20250118,17110,20250118,60802
20250119,31825,20250119,28037,20250119,146747,20250119,33055,20250119,40426,20250119,187396,20250119,17260,20250119,60727
20250120,31853,20250120,28065,20250120,147480,20250120,32719,20250120,39876,20250120,184384,20250120,17070,20250120,59992
20250121,31881,20250121,28092,20250121,150171,20250121,33213,20250121,40162,20250121,184853,20250121,16870,20250121,59917
20250122,31927,20250122,28134,20250122,154383,20250122,34055,20250122,40809,20250122,190310,20250122,17370,20250122,61712
20250125,31971,20250125,28167,20250125,157199,20250125,34501,20250125,41426,20250125,192610,20250125,17420,20250125,61985
20250126,31999,20250126,28195,20250126,158147,20250126,35398,20250126,42827,20250126,191324,20250126,17300,20250126,61502
20250127,32051,20250127,28236,20250127,157419,20250127,35471,20250127,43208,20250127,190340,20250127,17190,20250127,60957
20250129,32113,20250129,28295,20250129,156666,20250129,34956,20250129,42661,20250129,191714,20250129,17160,20250129,61217
20250201,32151,20250201,28323,20250201,160120,20250201,34892,20250201,42387,20250201,187365,20250201,16920,20250201,60455
20250202,32180,20250202,28351,20250202,162633,20250202,34593,20250202,42156,20250202,188388,20250202,17070,20250202,60732
20250203,32208,20250203,28379,20250203,163352,20250203,35255,20250203,43211,20250203,188608,20250203,17100,20250203,60804
20250204,32236,20250204,28407,20250204,163712,20250204,35064,20250204,42874,20250204,192109,20250204,17330,20250204,61515
20250205,32280,20250205,28451,20250205,168849,20250205,35048,20250205,42831,20250205,189618,20250205,17160,20250205,61306
20250209,32353,20250209,28523,20250209,185418,20250209,36863,20250209,44817,20250209,194309,20250209,17330,20250209,61788
20250211,32412,20250211,28565,20250211,181346,20250211,37082,20250211,44842,20250211,189898,20250211,16940,20250211,60949
20250215,32499,20250215,28638,20250215,184158,20250215,37132,20250215,44969,20250215,184208,20250215,16510,20250215,59529
20250216,32536,20250216,28667,20250216,182999,20250216,36664,20250216,44315,20250216,178822,20250216,16030,20250216,58999
20250217,32573,20250217,28695,20250217,185706,20250217,36251,20250217,43599,20250217,181517,20250217,16290,20250217,59737
20250218,32608,20250218,28724,20250218,190168,20250218,36020,20250218,43328,20250218,183046,20250218,16420,20250218,59934
20250219,32653,20250219,28769,20250219,199082,20250219,36955,20250219,44180,20250219,183779,20250219,16470,20250219,60320
20250222,32692,20250222,28798,20250222,208528,20250222,37516,20250222,44657,20250222,181978,20250222,16580,20250222,59822
20250223,32731,20250223,28826,20250223,199672,20250223,36648,20250223,43889,20250223,185873,20250223,16870,20250223,60529
20250224,32769,20250224,28855,20250224,200596,20250224,36169,20250224,43507,20250224,190141,20250224,17240,20250224,62107
20250225,32807,20250225,28882,20250225,192928,20250225,36144,20250225,43438,20250225,191405,20250225,17290,20250225,62541
20250226,32852,20250226,28929,20250226,196787,20250226,36213,20250226,43287,20250226,188332,20250226,17200,20250226,61347
20250301,32892,20250301,28958,20250301,187772,20250301,35874,20250301,42803,20250301,188958,20250301,17370,20250301,61277
20250302,32927,20250302,28987,20250302,185625,20250302,35514,20250302,42585,20250302,189815,20250302,17470,20250302,61429
20250303,32962,20250303,29015,20250303,180915,20250303,34809,20250303,41802,20250303,184121,20250303,17000,20250303,59595
20250304,32997,20250304,29044,20250304,184352,20250304,34576,20250304,41587,20250304,183416,20250304,17090,20250304,59640
20250305,33037,20250305,29090,20250305,180296,20250305,34022,20250305,40898,20250305,181922,20250305,16970,20250305,59053
20250308,33077,20250308,29118,20250308,187988,20250308,34126,20250308,40797,20250308,178097,20250308,16800,20250308,57868
20250309,33112,20250309,29148,20250309,193836,20250309,34491,20250309,41213,20250309,173370,20250309,16370,20250309,56913
20250310,33147,20250310,29178,20250310,192482,20250310,34406,20250310,40677,20250310,176001,20250310,16590,20250310,57524
20250311,33182,20250311,29207,20250311,190389,20250311,35206,20250311,41318,20250311,174390,20250311,16470,20250311,57409
20250312,33222,20250312,29256,20250312,189512,20250312,35164,20250312,41184,20250312,175118,20250312,16460,20250312,57615
20250315,33263,20250315,29287,20250315,189811,20250315,34840,20250315,41088,20250315,180298,20250315,16890,20250315,59253
20250316,33301,20250316,29317,20250316,195507,20250316,35066,20250316,41407,20250316,179356,20250316,16860,20250316,59025
20250317,33333,20250317,29348,20250317,207309,20250317,36348,20250317,43396,20250317,178324,20250317,16850,20250317,58397
20250318,33442,20250318,29461,20250318,222502,20250318,37381,20250318,44718,20250318,173298,20250318,16660,20250318,57391
20250325,33559,20250325,29553,20250325,218976,20250325,37191,20250325,44591,20250325,178451,20250325,17140,20250325,59070
20250326,33598,20250326,29603,20250326,226735,20250326,37587,20250326,45100,20250326,181312,20250326,17220,20250326,59638
20250329,33666,20250329,29634,20250329,241248,20250329,38291,20250329,46077,20250329,180997,20250329,17300,20250329,59784
20250330,33765,20250330,29757,20250330,236934,20250330,38088,20250330,45382,20250330,184960,20250330,17660,20250330,60744
