date,ret_afran,ret_yaghoot,ret_goldMofid,ret_nahal,ret_sahar,ret_agas,ret_sarv,ret_atlas
2021-02-14,0.0005526388645764054,0.0005891512184888851,-0.02281654373152011,0.0,-0.041927293877647584,-0.023527010711864835,-0.02111365906821369,-0.010640777471081582
2021-02-15,0.0007100872127633156,0.0003365020642503913,-0.0194592008314011,-0.043868613829851,-0.0664349993407129,-0.010671865017634159,-0.005276164979302971,-0.011766483862293713
2021-02-16,0.0015761686610853663,0.000840760096608687,0.013328472294749115,-0.0476384328055862,-0.011068589829043468,-0.015162089214091918,-0.015548253246615799,-0.015021228113735975
2021-02-17,0.0009445101056354961,0.0008400538128423845,-0.0063376101286044635,0.0,0.009537967112883914,0.002532832752554096,0.002534901263222377,-0.010664753218296361
2021-02-20,0.0012579606973781108,0.0009232448513450184,-0.034298284421864424,0.0,-0.024174397582515297,-0.0087549609558891,-0.01802394713686222,-0.021447627869696353
2021-02-21,0.000785422597712479,0.0010900097503150068,-0.02140106534473567,0.0,-0.041637233917596425,-0.02515656317906227,-0.029689029678451204,-0.014106374981699595
2021-02-22,0.0004709576225197679,0.0002513720738864884,0.006130890646372948,0.0,-0.006891156422142299,-0.013346728952931616,-0.01970886882626582,-0.023147777340881717
2021-02-23,0.0008628466629377176,0.00016754628505298385,0.002909833595845916,0.0,0.021286966147322645,0.026346434567644416,0.035662648677829444,0.02583749399707396
2021-02-24,0.0007054121074737092,0.00041874293983176937,0.008959721325643153,0.0,0.013129956513906854,0.009863689151794634,0.0059753422137960605,0.013046749935189858
2021-02-27,0.0013310889488351023,0.0019239622815502995,-0.015179763512119438,-0.0069471465805321575,0.0077122484488928115,-0.034374533227995906,-0.03782256199572021,-0.015586674583546081
2021-02-28,-0.00015650676923724136,0.0015865729185075958,-0.00529086870958547,0.006947146580532198,-0.0009478483603506482,-0.012856062313288407,-0.016796838421427592,-0.010433844422477698
2021-03-01,0.0007822890174434948,0.000250281568069194,0.007392329515683071,0.03816399560624788,0.0033661706129444638,0.019436460205042458,0.030815322873542716,0.013746930705048548
2021-03-02,0.0008598116760596364,-0.0005840877966547899,-0.018203563875930022,-0.0036030092583481037,-0.0021029239013376287,0.010605676631523227,0.01890356246121804,0.01351448799723607
2021-03-03,0.0008590730349880909,0.0010010845918219623,0.0031832902326830023,0.009403247785088121,-0.0016846838183572758,-0.021693315343818846,-0.025336315536971875,-0.0028556054991447895
2021-03-06,0.0009363296564226481,0.0014997503227693063,-0.053144519478492865,0.011397531907145101,0.012983705808166221,-0.014067318654973493,-0.00901415729009149,-0.01709362870580334
2021-03-07,7.798791191324137e-05,-8.326048046108909e-05,-0.0029372841573426143,0.0180316040428651,0.01024526310138681,0.017888511531823307,0.017165753755293767,0.021320363490632422
2021-03-08,0.0005457451505662968,0.0,0.003013379656105715,-0.017615537129941985,-0.006196868393924092,0.02686063572102855,0.0328712299341602,0.022753050947427553
2021-03-09,0.0002337996347790098,0.0007490948787597196,-0.008836809144560514,-0.018566878996051816,-0.007591937880622275,0.009847219690504175,0.008576095516462844,0.028737632394190294
2021-03-10,0.0009346522995228239,0.0006653913578277295,0.010131044882458676,-0.004775654571669916,-0.0048130426667785655,-0.004563702264721136,-0.017988608682170098,-0.012682498910147898
2021-03-13,0.001633542426961626,0.0013294559498632033,0.026129680222778166,-0.008654509702530152,0.0006286465384429205,0.022779440826574012,0.026194700912409562,0.026633121824383068
2021-03-14,0.0012428151358904,0.0004980906627964611,0.0032554822737360174,0.010992624327838338,-0.0009441699786674805,0.013473379844017648,0.009317463346429808,0.0033985839089752134
2021-03-15,0.0005432462979434322,0.0010783460876556098,-0.01788840858954714,0.006242136748932871,0.0013633983839065676,0.007083710220662822,0.007479941287278268,-0.007571731728452018
2021-03-16,0.0002327295305489001,0.0,0.018959114320270715,-0.0033809105979179313,0.0010478274290455188,0.04704316842626777,0.03615864012085396,0.029216277569720176
2021-03-17,0.0017824625946124995,0.0016567266877544565,0.011628061084063992,-0.0059437005644941586,0.021641543420323383,0.01983521496582668,0.01690811659178088,0.013119131562646394
2021-03-27,0.004326669810732198,0.004953774991692863,0.004874904945993993,-0.00021308354569869476,-0.005444071807579025,0.006676572746304779,0.005388384994555096,-0.0011996844665830902
2021-03-28,0.000693614917407902,0.000658653078315249,0.02100905059272623,-0.009415480358200022,0.004624260688049803,-0.00843584904218589,-0.002069021136515827,-0.009058225478170439
2021-03-30,0.0008470987376519031,0.001480385170434203,-0.0034531589729766424,-0.0020446635441709582,-0.006376944675034839,-0.006063453347382978,-0.0035964755038305814,0.007379754992530545
2021-03-31,0.0007694675664358306,0.00041082947046762,-0.000963516713637789,0.0010772322052523613,-0.005379504633453687,-0.0161010222322183,-0.014519751183391142,-0.010370675452693216
2021-04-03,0.0011530923367050819,0.00041066075892311633,-0.03575550687075611,-0.00010767101620841522,-0.006765595277050099,-0.020465070881177702,-0.033896863184871395,-0.012130453054430031
2021-04-04,0.0004608648979337058,0.0009848983067978548,0.00036985049142834503,-0.0010773482606878289,-0.006075119958076461,-0.02315574009013733,-0.03237673587110375,-0.018929880907091853
2021-04-05,0.00030712530953945293,0.0012297603517432778,-0.0001849081470410059,0.0009696656501831664,-0.0034736436080697436,0.014202956783389325,0.022875934506875775,0.007719413792482974
2021-04-06,0.0007674008511053713,-0.0007376747189150825,0.0028807532485241416,0.0004306608862265953,-0.002110965579464068,-0.0008470469582273619,0.011535022962294817,0.006326653683653284
2021-04-07,0.0004601579956954077,0.0004918436036523952,-0.002141325718028725,0.004828951799803127,-0.0007406870077856539,-0.028184285980403716,-0.02633096244355484,-0.015745991608104585
2021-04-10,0.0010728792507405836,0.0016377337430630043,-0.026971863131157316,-0.005259612686029731,-0.002434671588186594,-0.032892474343836436,-0.01971891384609117,-0.0143238921276168
2021-04-11,0.0006125574464129022,0.0016350559561543244,-0.007546911203773258,0.0013978840532675187,-0.0029722953714902325,-0.00406203904811928,0.004551132179894127,-0.005292966118486651
2021-04-12,0.000994606256201199,0.00024502797525286695,0.009064482872969983,0.05376697315878717,0.03108753111103366,0.015535897919788,0.011435157599469663,0.005370724657721617
2021-04-13,7.646721471907038e-05,0.0004898759079023805,-0.00700057939314918,0.04383698867382745,0.02624192541567193,0.03341471632277686,0.027010700234236868,0.02516923011823528
2021-04-14,0.0003822483896548033,-0.0002449079566509132,0.009613213148203724,0.029011773247657514,0.003507169877896467,-0.009684341333340304,-0.020003220204427477,-0.014225217753744782
2021-04-17,0.0019853396869330213,0.0015500716952323358,0.001700076117129883,-0.017672267145107248,0.0023989990806089563,-0.0362921177363122,-0.03430678220633338,-0.013075021992861712
2021-04-18,0.0006863156558715754,0.0012220458565925388,-0.01276513795730884,-0.017499380384153374,-0.020162260594173764,-0.027442984423622797,-0.03441131745345827,-0.006680870755526279
2021-04-19,0.0010666667678024464,0.0008138683610306978,-0.01930238328653617,0.035929350157676836,0.012648592853198394,0.02560656362440593,0.023746017005046378,-0.0029907559925953313
2021-04-20,0.0006851140221548061,0.0,-0.023865815277111905,0.027805384761592413,0.012292477643881618,0.021177061549341236,0.0072776463972545734,0.00553274962998024
2021-04-21,0.0004564820529661429,0.0010570395747810707,0.00410368381661478,-0.009430042915675771,-0.005877928916599725,-0.026205379074681356,-0.016802263146319555,-0.009257368442241863
2021-04-24,0.001064315137719521,0.00016252234718046085,-0.00982891210167222,-0.021122831786813987,-0.014694291845187217,-0.00768508433845359,-0.008824648392099017,-0.01155925150448586
2021-04-25,0.0003798381934983296,0.0016237723791828937,0.013876074580124308,-0.04185073269499682,-0.016354683515296432,-0.019515281859531906,-0.018047531471784974,-0.0111028689794073
2021-04-26,0.00045561546843292405,-8.112602933097456e-05,-0.01375555858977867,-0.022712849682784794,-0.011506066686451162,0.02079235378343393,0.017889269638556554,0.011122966997442037
2021-04-27,0.0005312891476343593,-0.001461395080255964,-0.0019288132905754963,-0.006804035575099667,0.0009380697136707532,0.02439009059296248,0.022539062201039683,0.015726335485793698
2021-04-28,0.0005310070293556824,0.00040615735093902614,0.0018082973002298175,-0.0275828862335842,-0.007212704531955353,0.01233253032728468,0.004633357032954657,0.007239487589798123
2021-05-01,0.001667045926718888,0.002676509160969833,-0.02846667969350388,-0.01882090409887043,-0.00927566831180474,-0.022253293858977116,-0.0221186921401057,-0.01793445228788236
2021-05-02,0.0009081278057134085,0.0007287154688692303,-0.026073591959792905,-0.019507505158130198,-0.02780773136497241,-0.020823452319456592,-0.017958600153112726,-0.013768770622322239
2021-05-03,0.0010584411663275193,-0.00032380798469608076,0.001525351651972731,-0.01923040069889862,-0.013481118110452509,-0.006410781670947747,-0.010477920808481131,-0.010752232866367128
2021-05-05,0.001057322053036129,0.0008093234498088214,-0.02273728860651313,0.003212227353573852,-0.0070883742096726,0.010477624228096229,0.00742523225045082,0.005970301169190011
2021-05-08,0.001960637080829382,-0.0013762398448263536,0.02767846642635267,-0.003656413569119525,-0.008930309396192772,-0.016608557796613573,-0.024752038336648817,-0.00032395725270107614
2021-05-09,0.000828344488043583,0.00048594801312656525,0.01035192566938938,-0.019729547347547376,-0.024863602543357847,-0.018588760363998535,-0.015453521170925253,-0.02707310712129241
2021-05-10,0.00015053439739394058,0.0,0.0420087743738204,0.00800647526901644,-0.006690101878032252,0.019118565843632643,0.01841643806517645,-0.005403809978331753
2021-05-11,0.0,8.096838189114444e-05,0.024680098316517612,0.0033634961266655094,-0.02057757161712721,0.026822734813787573,0.031393832800424945,0.020772869960632764
2021-05-12,0.0005266920102193386,0.0001619170987994474,-0.005553955214964267,-0.016022001453505512,-0.00699492198735576,-0.0011880912860051948,0.00603625143252091,0.011876226166890493
2021-05-15,0.0014281958303899594,0.00016189088589664468,0.02341342065267173,-0.0051324158953083635,0.003918240997379451,0.010317352756731554,0.0063147388202746,0.011891876027124007
2021-05-16,0.0006007359195456856,0.0,0.0010722200521578983,-0.013233733067917397,-0.002253612529869126,-0.004002265779856663,0.0023571374728665728,0.000755228331448053
2021-05-17,0.0005253480551612175,0.0,-0.029006415205195393,0.00899549649754131,0.0003559208179230947,-0.017419814435072237,-0.013593767497089033,-0.007818825772505577
2021-05-18,0.0010498688628367949,8.093561576182531e-05,0.019855878639690138,-0.017255308056986513,0.0008303859868306673,0.01069801231346349,-0.010397482722818761,-0.0012756873258179264
2021-05-19,7.494847295993329e-05,0.00016185158245251357,-0.027648007053782012,0.00953297410058081,-0.013976025206232215,-0.021703576954375876,-0.03252138121733468,-0.012518205078342707
2021-05-22,0.0008989438016405232,0.0008088652062782277,-0.0016689189402711172,-0.01927453001299545,-0.00627468693915506,-0.020861570120064375,-0.03361467652031456,-0.019606924454485933
2021-05-23,0.000823322526954182,0.0001616945593302753,0.0120580098350887,0.009390843413358847,-0.01610715444561015,-0.021089191019518547,-0.0381706933712961,-0.020578853943156304
2021-05-24,0.0007478872534674847,-0.0005660453796065133,0.022344392667375524,-0.003746235667896975,0.0036829507171874235,-0.0036924298395007147,-0.00698363000496373,-0.005358675480198761
2021-05-25,0.00037373398050595573,0.00032349373512998667,0.001919469062820662,-0.003994771610295069,0.01737513436155468,0.02110089122024779,0.025375515791217145,0.014969505837166833
2021-05-26,0.0005976839923908985,0.0005658623488769462,0.02368941509890824,-0.009346421214313729,-0.009804547340363644,-0.00013116430498759485,-0.0010517030467152304,0.010493577728728946
2021-05-29,0.0011942973726799958,0.0006463079882434342,0.04360952699336484,0.011462798957153837,0.03125479470554264,0.049532945320449134,0.05078467088553439,0.034857168472266324
2021-05-30,0.0006711659896228039,0.00040373047502248905,-0.007884116720581612,0.007260236561364629,0.008218021511957429,0.01993846511811215,0.014892664058694372,0.010838000539421404
2021-05-31,0.0005962140585019656,0.0005649489678528402,-0.027593003645892976,-0.021580467351939112,-0.012827320871142118,-0.016714580924676748,-0.024273107302738035,-0.022100456146596753
2021-06-01,0.0008192143448286902,0.000564629980719526,0.012773670557800296,0.01373332541637455,0.007787046259675924,-0.009702845328806494,-0.00828092888200711,-0.005742766144585862
2021-06-02,0.0006697674668979543,0.0007254846958804967,0.011379747492416483,0.000352897356278865,0.014467130493745648,0.014851872032996184,0.0221519585036363,0.017156120740366192
2021-06-07,0.0026003952392481123,0.0019320566306300418,-0.003742692252459276,0.00035158528502631794,-0.006624523689442545,0.007520559702599711,0.018255900009391646,-0.0020502222764047307
2021-06-08,0.0008900097005204343,0.000402042380681861,-0.013597559002589184,0.004221235662658854,0.00035061638719419277,0.00561874945803587,0.006983901598988591,0.009685381534824688
2021-06-09,0.0006669878336720495,0.0008036001718212257,0.0008854034799859422,-0.009994063501658388,-0.009133812885597448,-0.01594310997796051,-0.01648135306838518,-0.01839676402625748
2021-06-12,0.0013326425308287258,0.0012844185758722076,-0.020486399145489154,0.01443069606478872,0.012043854575944752,0.0027264464474602962,-0.0039557672764875,-0.004685858118966929
2021-06-13,0.001035273330653084,0.0008820817700355848,0.01527416680365286,-0.02321496352427361,0.0006964997096072027,-0.0015481912737220283,-0.0024821438394920154,0.00423280132170067
2021-06-14,0.0004433606811708341,0.001361688704135276,-0.006133885325643697,0.007482659389579077,0.0070598451640599925,0.009621885941268631,0.011526191487561703,0.0065032796521406755
2021-06-15,0.00044316419958617096,-0.001041124508410615,0.00152774970517422,-0.01022778399540618,-0.01031706117321051,-0.009312179061490896,-0.009209211355626452,-0.00016687585543539654
2021-06-16,0.0006643782771231264,0.00048065369827087655,0.015773251581991592,0.02035320257478652,0.0034900508441563617,-0.006760616374953568,-0.006132140204796603,-0.0021515276040950135
2021-06-19,0.001990490538878582,0.0015205476900299274,-0.02520020688600649,0.026812773421481435,0.01601054049026732,0.01124253675032137,0.015177674988560156,0.009196572083734601
2021-06-20,0.0005154069988556503,0.0005596194733728623,-0.014385547659136843,0.0020507442427753274,-0.011146232515002016,-0.006063030724121661,-0.004924603799719398,0.01944875918180911
2021-06-21,7.360789079912349e-05,0.0002397410807823617,0.002171200223171623,-0.010294875084778363,-0.004980718616260709,0.00046534642549987806,0.00016448453566159375,0.005089263182773763
2021-06-22,0.0011034686815060504,0.0006390286981578622,0.007316238609245283,0.01596916492406363,0.012693577742916748,0.01160893869853782,0.017287252354764738,0.005901409897112493
2021-06-23,0.0003675524722527902,0.00039918566655193017,-0.012121918120982105,-0.010694022363482514,0.0021759145843893474,0.022626404444115653,0.02269859078372549,0.015054906047997658
2021-06-26,0.0010284287984971999,0.001435750426104194,0.018747490342532272,0.002740739890850217,0.017242326011742633,0.04560694364635608,0.04148658683998045,0.03555352145459985
2021-06-27,0.0007339449870748329,0.0007171029349968235,0.00329621263827536,0.0022789926333470164,-0.001012903894577932,0.004684878174964543,0.0066483600799105026,-0.002554557441788043
2021-06-28,0.000880023524086384,0.00031854742644128384,0.013926599835684585,0.03478093491087607,0.0012372282030863391,-0.006748725658012577,-0.005133483202709918,-0.0004087934087484234
2021-06-29,0.0002931691607042193,0.00015923566912622868,0.014426039236403173,0.01689302861941233,0.010625176687355778,0.0061500341035100456,0.010392214049403279,0.005054010434851624
2021-06-30,0.0005860806028565978,0.0005571252482041132,-0.004152624280554139,0.013951984171782103,0.00022190392543193624,0.007571044016886953,0.009543675233287537,0.011769501766859947
2021-07-03,0.0015368293119564507,0.0015900782488404333,-0.006004628158149166,-0.025364156813820343,0.001333730938975402,-0.014582154341887517,-0.009244104012927874,0.006509531113635421
2021-07-04,0.0007309941845975213,0.0005559306024130248,0.005055023958851832,0.009249172644023813,0.0011106413481139382,-0.003783526856052839,0.0,-0.0012849905256829058
2021-07-05,0.000730460222399032,0.0006349710507811546,-0.010430741935882134,0.010450066784157913,0.0034331747808867487,0.01536112702603615,0.014571751525122995,0.013376242883159343
2021-07-06,0.0006569583067773231,0.00023801023556371486,0.004200052841407376,-0.0027902191260654593,-0.005432772410346606,0.026472197116606266,0.02766366632923048,0.022775627786881258
2021-07-07,0.0008023633677476634,0.00047585059189593287,-0.0021346263898782483,-0.015489147366311786,0.010836189215142313,-0.0053081579050423275,-0.007495215005588645,0.005161566187584361
2021-07-10,0.001093095390313181,0.001347014981218684,-0.0005527821877940906,0.015596691126677489,0.007122948798853092,-0.013740097844295798,-0.015454861804199582,-0.010755487382044925
2021-07-11,0.0005824960118102151,0.0012661234578954822,0.0007369750338731179,-0.0062523630897122935,-0.0015303814315097482,0.016515422620146623,0.019496873716175308,0.011583218525425125
2021-07-12,0.0009458329491179015,0.00023721978524240037,-0.002360452518253458,0.005285139922671288,0.0008744774787581818,0.013311440501720112,0.013170149519805214,0.011273802430330705
2021-07-13,0.0005089243630147354,0.0,-0.01289582521733603,0.004614681853481668,-0.00010844626635056682,0.0005605929412487717,0.0,-0.003585231348616255
2021-07-14,0.0005813108723499911,0.0011062822147639938,-0.009508439774859274,-0.006445183608522663,-0.00021911925105066025,-9.578816719090717e-05,-0.0025641099860043465,0.005169070805299885
2021-07-17,0.0014518004872875194,0.0010261673553121748,0.0037317420926081604,0.0029052571180312597,-0.0007651025917573142,0.006566489116130382,0.008093862586668004,0.010798937107058702
2021-07-18,0.0005076326299228343,0.0003943995318329176,-0.006492013307313401,-0.0021517555323665285,-0.0014232441060049376,-0.011457884460422119,-0.01826779685100402,-0.01057528883175447
2021-07-19,0.0007247427480583622,0.0006307158834123459,0.0028736154552204333,-0.003343906760865949,0.0020787690646391064,0.006202692148176347,0.0008636507971181506,0.003120660937058544
2021-07-26,0.003904560275136729,0.003618916702341491,0.031260181271855356,0.011068221883070457,-0.0015309588918604293,0.010253261406142206,0.010736295829189365,0.011212159866043094
2021-07-27,0.0005771589511633496,0.000628042099462877,0.017449112519918413,-0.004927609127688647,0.0006560988903936651,-0.006860056556061799,-0.010736295829189313,-0.005452095510676515
2021-07-28,0.0006489058953681538,0.0003923261064878124,0.017927490066144726,0.014498777999369182,-0.0007658564470372416,0.006738360712241016,0.001870266631587477,0.004251955001826744
2021-07-31,0.0026633091143238234,0.001646090906668717,0.04655041824029099,0.03279662121476752,0.015859537863969854,0.03422946980239879,0.021456542917064784,0.022387985147914655
2021-08-01,0.000431220360282943,0.00039152735318690054,-0.004596134194162368,0.01645737254464749,-0.0060532032861237255,0.021674557440981946,0.006027519299784926,0.008173488796538526
2021-08-02,0.00035920830875844754,0.0006261250889375273,-0.014706142451017163,0.01559552374965302,0.0027071224446892916,-0.0015089453303298375,0.004182766689649048,-0.0013880224610356574
2021-08-03,0.0005026749594196902,0.00046933667945379064,0.011449243460194491,-0.011674288894199417,0.002591701514991457,0.013549562568355596,0.012722149133311432,0.0018115035188640421
2021-08-04,0.0005024224042527374,0.0005472811989145858,0.010546864902565577,0.008594494544124741,-0.0028085222517086257,0.022532307877124867,0.03973338829078107,0.022162937013689415
2021-08-07,0.0015057544163603292,0.0016400487880885003,-0.029517998242588037,-0.004887653408007402,0.07237605618533281,0.0038562056919609587,0.017279923688665155,0.007643306161232985
2021-08-08,0.000573024870632927,0.0004680917545291869,0.009238976082654827,0.020192641221063932,0.035577587386294275,0.01054346341789315,0.009429479862800853,-0.005264291464579569
2021-08-09,0.0005011275474454863,0.0008575995535950386,-0.006610361630479587,-0.016798590460357626,-0.020996298399160927,0.014962701422470264,0.02651537969565933,0.008115236258596246
2021-08-10,0.000500876544405849,0.0003895749786308994,0.00774209300813585,0.022758127801780517,-0.0012899499583501354,0.006344730531312723,0.014049040612781043,0.014148283583649932
2021-08-11,0.0005721233081755092,0.0007786949466831984,0.027718518096465906,-0.0067432857497647745,-0.0012906195868380905,0.02491399824470711,0.028839520762674438,0.02384317322860425
2021-08-14,0.0015716534168099324,0.0020994525809515507,0.011106472278358528,-0.015517397737394722,0.008216107084051691,-0.011051200279571885,-0.005290696033856062,0.0013981305560042628
2021-08-15,0.0006422378641560599,0.002405059540153104,0.009744852352219665,0.01835717410693413,0.0027566239803053123,0.004524033937442839,0.014722828809748928,0.012460991522079912
2021-08-22,0.003347223863687148,0.0018580171018391272,0.03556954290081613,0.014465025666638943,0.012506804942970667,0.02115087161264444,0.023833962965153076,0.03189676801523655
2021-08-23,0.0007817775175184772,0.00030933416069109024,-0.015848376525644466,0.008732621038367914,0.017135445903254685,0.006470495928200259,0.004398379006353278,0.0017597424813077143
2021-08-24,0.0004971767565744796,0.000541104639647228,0.014808019874654074,0.006761448593776096,0.0017160361777524748,0.030835455197496024,0.021937272217789506,0.02950275327900121
2021-08-25,0.0005678994970545799,0.0015444018513742074,-0.01349630312314723,-0.009822712485340408,-0.002097884144697447,0.0007387536335149805,0.010342345039527034,-0.007337560441091904
2021-08-28,0.00198511231442025,0.0013108688309647698,0.009387299557455877,-0.006828420013160059,0.0030507088932252686,0.006974317321021537,0.004130179932012784,0.005970175550427509
2021-08-29,0.00014164305972693772,0.00038522285618332764,-0.029995777074517584,-0.019389323204974874,-0.013706300928648983,-0.019674316977449376,-0.01617000599977594,-0.009587225227321182
2021-08-30,0.00035401989961561753,0.0021545099131369747,-0.03166447287563702,-0.04056028411220163,-0.03326237215149883,-0.06338274030487817,-0.0583840832992012,-0.05634134314369147
2021-08-31,0.001485516490066831,-0.0005381924552310531,0.021693134808802996,-0.0054444607200148775,-0.006606897027388503,0.010211209237542061,-0.0060185498493284416,-0.015245779845328076
2021-09-01,0.0005653310870657583,0.00046132555023917297,0.0035539363027236423,0.02633142603545052,0.003908802383518124,0.03302253272620902,0.02609673066473381,0.045904687524554816
2021-09-04,0.0010591351387261258,0.0014594617945650854,-0.0035539363027236367,0.002005083795579127,-9.928927939679231e-05,0.017365620393807926,0.014942937993634943,0.025083015511687366
2021-09-05,0.001198998627259434,7.6754806807358e-05,0.00824013615973789,-0.006530511939681001,-0.010056039638722342,-0.015419917222257034,-0.014707769440013467,-0.019950161362712257
2021-09-06,0.0006341824544015696,0.0006905282815531666,-0.006198333608878298,-0.02242469570845791,-0.01969708721049747,-0.000898346903245593,-0.01480798954555365,-0.0014584134496353031
2021-09-07,0.0005633802965914915,0.0009965886830429892,0.0003945916715316501,-0.019885211786928,-0.02399163526048874,-0.024055159313055435,-0.020375942048885515,-0.025027610468095863
2021-09-08,0.0004926975288830658,0.00015323322126207237,0.005378600803237696,-0.022866855751914984,-0.020047940841270543,0.009234460351802799,0.008369086075897127,0.010858036685021754
2021-09-11,0.0017576550382218243,0.0017604964553115312,0.001699159786453504,0.025387889128660662,0.036175578606968885,0.0047577532790003,0.004579921134183286,0.0031054973906173393
2021-09-12,0.0006320003019253885,0.002215347913405418,-0.008426943188524065,0.010225701229268419,0.022190383038188453,-0.03105970964853043,-0.04790163667189761,-0.028162423024453116
2021-09-13,0.0006316011298074121,0.0012201633482090098,-0.014494076511478039,0.0006231287980121768,-0.009801651882049659,-0.012994548043911763,-0.019100912021637002,-0.01162496099558601
2021-09-14,0.000561088526432953,0.00030480835410884923,0.007057509091687192,0.027022869500199633,0.014768041489720976,0.017265221238201692,0.028142781984622913,0.02428457921679135
2021-09-15,0.0005607738826330823,0.00038087983701736583,-0.004255084006974222,-0.007806479291020308,-0.01702836463293043,-0.00450782662813238,-0.004636265820701241,-0.01485919836405777
2021-09-18,0.00140056045303102,0.001217841526679687,-0.014632181605970894,-0.008893898296327642,-0.0005135323091673765,-0.026763096803087028,-0.034754321071530404,-0.027293516615477964
2021-09-19,0.0005596754028839385,-0.0003043213657083604,-0.00893099558386376,0.013666187487482663,0.0018497484413011458,-0.014946104011270974,-0.0104572249392352,-0.012460372896887225
2021-09-20,0.0005593623415319996,0.0003043213657082703,0.005612285333981464,0.026095506362629344,0.0182166738615019,0.0120430940957431,0.012015991602629611,0.015617949346575715
2021-09-21,0.0004891855158876225,0.0014442631068882121,-0.002479045789638358,0.02994246842714196,0.021845142988094965,-0.034586195005523304,-0.033395578451964385,-0.027249102567531196
2021-09-22,0.0005587762944857934,0.0011387361260883563,0.007250347028245927,0.024223183659145765,0.021957898497689764,-0.0005692348170561906,0.004953254413945791,-8.422477978987242e-05
2021-09-25,0.0016047448062661753,0.0012890019603313126,0.00020264306420479273,0.0036387547293679607,-0.008141840465658672,0.04153588681733809,0.03864540817355923,0.03177632269825737
2021-09-26,0.0006272432864115655,0.0015900060135686615,-0.00209485162268194,-0.0010248305640854858,-0.010761387164345663,-0.002917362162157833,-0.004637371989891385,-0.006006922047648219
2021-09-28,0.0012533075028666426,0.0008318524319819518,0.007345904868922279,-0.023108336292141696,0.0022595607510556676,-0.000718471409506473,-0.004138974037849448,0.0023469423867907616
2021-09-29,0.0004869734695699828,0.0001511715800308771,0.0129759608971886,0.003143033609435395,0.007723037536958531,0.004800254895697901,0.005945818002209709,0.008932791885899164
2021-10-02,0.001598388053565811,0.0012840365826298921,0.010024281174409429,0.07845405562983757,0.03464814701617953,0.03781619930496037,0.037683167838303326,0.02885367282141837
2021-10-03,0.0004859592584093283,0.0006036824813578017,-0.011649594235150513,0.06601614062693804,0.02011637604812643,-0.0017993133874209125,-0.0009931151206323376,-0.006092740627085338
2021-10-04,0.000693818108731906,0.0012816165198034698,0.0002985583638442944,0.01722170789019054,0.0014740587766873105,0.00544653343675148,0.007795566634916474,0.003360884349614832
2021-10-06,0.0010398254030395224,0.0016561280509179135,0.0005309131307918324,-0.045611830781371425,-0.018209634363524237,0.006850404176775632,0.003690280512547075,-4.523939911444551e-05
2021-10-09,0.0015923019045010235,0.0008270366247126858,-0.013893867066376017,-0.05725278619111541,-0.04163802160455773,-0.0261213960454852,-0.03397287889449244,-0.021892864911147315
2021-10-10,0.00062238513817107,-0.0006766154451269885,-0.004246403560668727,0.02006666855625314,-0.0013697685350672695,-0.013453354511651038,-0.016397166828897986,-0.014969082268234879
2021-10-11,0.0004838096648955541,0.0004511278271998536,-0.004264846253091745,0.010579967595777237,0.016213312386050106,0.006397151283318445,0.0010338893950291401,0.01026546775821869
2021-10-12,0.0005526388645764054,0.0011269299866619254,-0.02066514737973762,-0.03577150383141023,0.0020204686547304752,-0.02562934487318457,-0.03987632180535421,-0.028683929232839134
2021-10-13,0.0005523336235418499,0.0018004505988931398,-0.00024233438685045372,-0.025473324445048743,-0.00048087742262796897,-0.013630087410433136,-0.017336542067801084,-0.011724892667212468
2021-10-16,0.0012416363601083032,0.00014989132906723945,0.02043267078051882,0.0025866135077566234,0.013181974237974564,0.05075226305432413,0.04147883926923531,0.044490504748082624
2021-10-17,0.00048244254700526603,0.0013480118868945657,-0.0026503237285463513,0.0038660255632872375,-0.008673324876774826,-0.020862788219955034,-0.02467940089749033,-0.0126666415494742
2021-10-18,0.0005510780603746581,0.0018692293004750546,-0.006862865592093299,0.01920107846744302,0.007058632350449155,-0.005063278234389202,0.002146686068124248,-0.0011004458250558227
2021-10-19,0.0005507745406013475,-0.00014940983144479713,0.007985052357309095,0.024747226303790573,-0.0010457993333215234,0.018615762794929668,0.02030114381785328,0.013736369475849787
2021-10-20,0.0006192589732418086,-0.0007473841902455826,-0.0023820885523229067,0.013102482464820991,0.0063541839359004286,-0.008598652053319587,-0.017624250414322824,-0.009783089144181365
2021-10-23,0.001649484910075718,0.0014942102145018336,0.01037091695565196,0.013019610218650956,0.01137481071161212,-0.0200989610651235,-0.016852355054092102,-0.02195388131904028
2021-10-25,0.0009609445450831157,0.0011937627322310723,0.006754146796166074,0.020937113147353803,0.043175115033636025,-0.010036076406490204,-0.005590523278766895,-0.011535675877771925
2021-10-26,0.0005486968587594479,0.0012668133889853165,-0.0034555407174060282,0.058327793515671716,0.0780716546175887,0.006112406397295959,0.005590523278766972,0.0021650727761769375
2021-10-27,0.0005483959556137368,0.0015626747236236263,0.001309861779234306,0.023152979690730654,0.06522625337510427,0.004657715677027336,-0.0002719116752021029,0.005513551548504654
2021-10-30,0.0016433857437300632,0.001485994775265665,-0.006667281270137421,-0.026006048673137164,-0.0315206717294199,-0.023483585359998622,-0.02799551321666592,-0.02210838987163992
2021-10-31,0.0005471956360886392,0.0013355099180427654,-0.005658442992335602,0.025696516244408503,0.014780811419025439,-0.034723439957983854,-0.047693677167791736,-0.028585736604005513
2021-11-01,0.0005468963767703703,-0.00029662588278305435,0.008020504982048695,0.003628632219565832,-0.022254768440408624,0.03121187478930368,0.03332471548519074,0.03285498922492907
2021-11-02,0.000546597444600833,0.0014081899677413096,-0.0008429532268527252,0.006835900440973362,0.02178097966777457,0.0019328492402073357,0.007914238185586854,0.0022641018167687457
2021-11-03,0.0005462988390441544,-0.0008150261629987086,0.0046109500138756376,0.058781547652949795,0.08063157856639226,0.011593840280086988,0.02089432263599174,0.010987245264699788
2021-11-06,0.0015689487852973579,0.000889086522225356,0.011186538226769707,0.07089603520287889,0.0820179618667889,0.044791703308852876,0.05537268592024888,0.036406444720413475
2021-11-07,0.0004770179653640196,0.0005922854989166662,0.000497930690103729,0.016403378541721324,0.05144080647940562,-0.02206022787873777,-0.0233567407841767,-0.010505960077798651
2021-11-08,0.0005448849065477661,0.000665902136996064,0.013253912886387753,0.02462868060237584,0.07585838115123787,0.0005935010903651008,0.0054595142181859515,0.00010609688311890885
2021-11-09,0.0005445881686670585,0.0007393715678786705,-0.004760408206778784,0.03056599004143175,0.02955948622765725,0.010587253735439766,0.016461735567362377,0.009779076180816589
2021-11-10,0.0005442917538102235,0.0013294927728285046,0.016093707608799895,0.025519741151107007,0.0023480833156888227,0.002644359537105052,0.006380090649748785,-0.001767643369810545
2021-11-13,0.0016310999946291993,0.0013277275683624453,0.04452500810240081,0.054782731597300974,0.03507146707192978,-0.021536319461743968,-0.029369809119126566,-0.018770517812835116
2021-11-14,0.0004752367786920685,0.00014741652565948614,-0.006213759356389646,0.059040581482121185,0.017193319124748457,0.009986365093848535,0.007589503045904773,0.006752731450372006
2021-11-15,0.0006785181424655267,0.0012521638287637884,-0.019353463683038846,-0.005678747992740834,-0.019460387259121893,-0.021863436049939303,-0.03166760665818787,0.0011053457230075963
2021-11-16,0.0007458385944277904,0.00044156609489919046,0.009928086784032281,-0.04547990413617625,-0.05443008419113485,-0.002251273901322224,-0.0032906859971303776,-0.01946350385157006
2021-11-17,0.0006098180898404264,-0.00022075867487272502,0.00276494737164724,0.06564460043839991,0.04553348176378024,0.0026465802606051676,0.002469029123552695,0.0015503351115105186
2021-11-20,0.001691990522434636,0.0016177663650371662,-0.017406591443074732,0.08212466044563471,0.048351572858362654,-0.02567027650715968,-0.02764598778620164,-0.019957238548900635
2021-11-21,0.000675995428973637,0.0005141954790635377,0.007220666158404595,0.04782501104222359,0.06922696012376386,0.007788071869687257,0.008416394435605216,0.0025199771266806574
2021-11-22,0.0006080054232227054,0.0009542335660030381,0.004617003755931413,0.009100021287507419,0.03123624696105661,0.022539920440399958,0.020051250224174106,0.017841476700538914
2021-11-23,0.0005401390989468207,0.0017592732876473948,-0.0097968003520286,-0.013161060253538307,-0.001782374573884773,-0.012481568680645759,-0.009077090130018771,-0.005339211642503517
2021-11-24,0.0005398475061941855,0.0005125389092615713,0.022213240541002065,0.01152572378075189,0.021275332853562534,-0.007321083057389366,-0.009439089729263422,-0.004983873108016107
2021-11-27,0.0016851475121219986,0.001024290402694823,0.0009343082124781286,-0.0063816976735355385,0.00395718825398307,-0.0218930878768243,-0.03592324491055142,-0.021863148436308807
2021-11-28,0.0005386480065598105,0.0012423723598940155,-0.0017448714725046004,-0.029667238525020997,-0.036383458528332406,0.0020870051806700586,0.008923456049225356,0.008479357426386816
2021-11-29,0.0005383580210781283,0.0005841121661402883,0.012920517641395195,-0.025737000311780292,-0.037402641475012204,-0.002869114695725284,-0.004884359511986603,-0.004212271694338802
2021-11-30,0.0006053065389781651,0.00029192818773949496,-0.015887647650489393,0.0519149684501878,0.039885815921190886,-0.0034306030157115882,-0.006354497685839239,-0.00350292392609585
2021-12-01,0.0006049403646086149,0.000510669352699097,0.006951030612656862,0.013885091747762932,0.0207921981676099,-0.016428710202728056,-0.01680482462931644,-0.008054019186109084
2021-12-04,0.0015442981549653313,0.00014585764319908617,0.03602693454536125,-0.05604655591619959,-0.05045610399526591,-0.00047109410556243095,0.0026485284466128663,0.0005910739634056748
2021-12-05,0.0006036419915682629,0.00014583637184947522,0.001526931089167636,-0.00034467799099090494,0.00957244994975716,0.012966429729351941,0.009070987575807482,0.0082551619428723
2021-12-06,0.0004692475366814713,0.001020259525901283,0.014081008982944839,-0.03889549733830385,-0.044180971198466944,-0.004701560546035209,-0.0059898775196461545,0.0014263169251695176
2021-12-07,0.0006029948928144746,-7.28411698613901e-05,0.005677007419336755,0.021594514575455467,0.009188990335607236,-0.004488962682721647,-0.012828498688853527,-0.006566954799660458
2021-12-08,0.0005356903837758609,0.0008737440485967712,-0.007359949407844195,0.002354169230550786,-0.015066538525831084,0.012428629100965937,0.012242352022688741,0.00629503736140378
2021-12-11,0.001605351515338158,0.001163805775816436,-0.02029739051929249,-0.054648497899068865,-0.0606474363992163,-0.0018435462250530818,0.00161107734781288,-0.00046981209417377377
2021-12-12,0.00046774248288543086,0.00029073993517786905,-0.004079113040206218,-0.09586497684284526,-0.08831722756590746,-0.022892898441342055,-0.02384662976953656,-0.018170454749810595
2021-12-13,0.0006010618940766071,0.0006538559570376165,-0.044040277419586105,0.041131208030884776,0.05351881798974572,-0.02224066052075885,-0.019221016373002664,-0.012813933341311742
2021-12-14,0.00046724294145108314,0.00021785701404198316,0.012982960472846049,0.053412113381333205,0.05748681449783497,-0.004668083385553714,-0.00045845715698067667,-0.0049702409557036776
2021-12-15,0.0005337247441396503,0.0005081485354886555,0.03673326500553353,0.0270899927945499,0.03356695864731396,-0.001968505901005657,-0.001070551452996597,0.0049959093280349115
2021-12-18,0.001532873771441604,0.0015228981513929088,-0.009103563737688763,-0.05871093683875781,-0.05440172597637297,0.013940013343974073,0.012622164338372224,0.007624216448318993
2021-12-19,0.0005326231816993347,0.0004346881181248389,-0.010905426263070079,-0.002078109685309527,-0.0019947857945703195,-0.01745220367931742,-0.02138413545025012,-0.01607897547919752
2021-12-20,0.0005988621797902642,0.0005068974365388926,0.0037708466078804712,0.004587517140599138,-0.002388088739689106,0.009878871171035891,0.009832522564874416,0.007318730897522073
2021-12-21,0.0005320210273790101,0.0004342791035249193,0.011651328812337582,0.0342775853702207,0.01839959776751669,0.024317639406528188,0.029969400160489833,0.018498163647107296
2021-12-22,0.0005317381315052367,0.00043409058705096636,-6.042669284010303e-05,0.03441399749528147,0.010965974617122337,0.0518598733766431,0.04553464020959166,0.022816770466875864
2021-12-25,0.001593520023810585,0.0014456092145266192,-0.019085273672005642,-0.017395755791569174,-0.02636802174425877,0.0029361005760636704,0.00014172788114839583,0.005312225397367793
2021-12-26,0.0006632179577230707,0.00043327557003629904,0.004889969013480992,0.003720354649351115,-0.0034979242594001692,-0.017633204516183255,-0.007683765263889485,-0.011305816972416715
2021-12-27,0.0006627783911760014,0.0005052510122280078,0.0028184957444634213,0.07004746238804266,0.030027676597083983,0.012354493765651911,0.02231793145133348,0.017268392383350352
2021-12-28,0.0004636836435874374,0.0005049958625519348,-0.008325190612811196,-0.03254587070683649,-0.01835882413797427,-0.0006648902829915901,0.0005584800895118737,-0.001548155058812014
2021-12-29,0.000662032463769582,0.00043265071341166446,0.0027416967810811126,0.0031241537231192686,0.002251674436673263,-0.0064211612810400436,-0.0025156202794810955,-0.0058662182856750855
2022-01-01,0.0016531661890338307,0.0014408186340990543,0.0027649980872666065,0.024698726794216898,0.03280930838275986,-0.023709475822706126,-0.025945986873703263,-0.010811966226489594
2022-01-02,0.00046239720743297664,0.0005037964768833311,-0.0021499602727168194,0.009902408007055977,0.03888989677410066,0.002905910406360461,0.0011482270776276367,0.002284569245587239
2022-01-03,0.0006601967626075085,0.00043162363090062673,-0.0029867141401144844,-0.007538124585356201,0.023316572221912746,0.0011729119951505718,-0.0015791523661140647,-0.002922054561549215
2022-01-04,0.0006597611903897414,0.0005033255543973187,-0.012786627853220716,0.0007711196610630308,0.014609056607050272,-0.01353942825882222,-0.013454831948997052,-0.011232753586264665
2022-01-05,0.0005274957263287647,0.0005030723452247332,-0.017327957874476267,-0.016901083622334615,-0.02468661551749709,5.2178870217359104e-05,-0.00043695206626870385,0.00270196120225332
2022-01-08,0.0015808197205890151,0.0015794389097196204,-0.014275681006977318,-0.010586353056389688,-0.012677930022423614,0.00396126873747554,0.012452442672164919,-0.0006563137005551938
2022-01-09,0.0005921637176691672,0.001075461655907577,-0.029774669425235115,-0.0352643476452342,-0.043547029896125515,-0.025406223975955832,-0.03142758354740814,-0.022119769276628065
2022-01-10,0.0005918132673142086,0.0014321520528774007,-0.00947672992587535,-0.03480033080360376,-0.011041540086747148,-0.002403892950353747,-0.0031244459185938668,-0.0031259580105523674
2022-01-11,0.0005914632315165213,0.000643799872016789,0.026011341867906903,0.016585843385563213,0.012692638036155224,0.006065524442459034,0.009195017661430646,0.0035505565385254042
2022-01-12,0.000591113609540676,0.00028600028794966516,0.000555383976471082,-0.008653657855781973,-0.02604032901496276,-0.0038483614140752964,-0.010834677811661145,-0.003516269937682871
2022-01-15,0.001574596834976364,0.0002859185151715291,-0.02008353332917501,-0.019466564078009514,-0.019135036071201015,-0.00854855995939419,-0.0153352180629876,-0.00367448892076321
2022-01-16,0.0005898351909380794,0.0,0.0030932222921372637,-0.014825721509135501,-0.03923193705543571,-0.007523461432019034,-0.003036021928605515,-0.010957739921883581
2022-01-17,0.0005894874904614873,0.00021438525111596685,-0.009476110727519593,-0.026289723387459548,-0.01817245100092764,-0.006297120781394297,0.0018233857124138604,-0.000998576187421611
2022-01-18,0.0005236973149279877,0.00042863266837130104,-0.0029208523215410757,-0.0124445534552485,-0.0008848258277326722,-0.012852668667730424,-0.03190629636787437,-0.022052557045968375
2022-01-19,0.0005888318401022386,0.0004998393477623973,0.013127137736992782,0.05049382597968914,0.06820578074344048,0.0024982979309507154,0.010438497422703752,0.002275091320375324
2022-01-22,0.0015685252545940007,0.0013554487539835147,-0.002092631978513875,0.006497857957685961,0.018623845051246486,0.006115809196981373,0.009870443712174815,0.01367081318048266
2022-01-23,0.0005222955005458795,0.00042765503146427697,0.011965909419444929,-0.030321899933031565,-0.05328604906343915,-0.03255876102796426,-0.03244129777665742,-0.030609942721170878
2022-01-24,0.0005220228503537868,0.00042747222081542506,0.01939382020419496,-0.001822489211543406,0.004839033320884341,-0.007373545723794239,-0.018883679199986354,-0.016582472626048325
2022-01-25,0.0005217504846724049,0.0004984867470144982,-0.013496763048594207,-0.02479061104942489,-0.01753191124931422,-0.03361294325330622,-0.027682120881738742,-0.0223917654438736
2022-01-26,0.0005214784030567771,0.0004270766667518434,0.008942438183393023,0.014568312911808365,0.005935760126204779,0.043262953177462,0.03636823070848748,0.03105200127214858
2022-01-29,0.001562805553475341,0.0013512074025380343,-0.0015872948347480733,-0.009031112314779736,-0.011442161960238182,0.0326089067742451,0.05134863266389361,0.028803606358016962
2022-01-30,0.0005203929083808306,0.0004973533798211567,-0.012858087366043564,0.024600395696171177,-0.00460160840745683,-0.014679151359568276,-0.006870170245136292,-0.003134889759916562
2022-01-31,0.0006501105416853812,0.00042610610686612385,-0.007450682521620599,-0.03684625104485087,-0.017077498496706884,0.002092409922044738,0.003365504519569792,-4.436647775387556e-06
2022-02-01,0.0005847383462585699,0.0012772300040428347,-0.0011587260264535487,-0.02378156518386242,-0.007032994709771176,-0.0026614194449597465,-0.0007635118895635979,0.004496631788524835
2022-02-02,0.000584396627131478,0.0007797271350210612,-0.003916878434540218,-0.003511196792120615,0.019017913638001642,0.009449133584233627,-0.0036746785647384828,-0.00026769102078571963
2022-02-05,0.0014919082973501854,0.0009915014976572575,-0.02560186083614642,0.009567905266180057,-0.0096715244062151,-0.015267713955109011,-0.005689105791119164,-0.0014240302721603864
2022-02-06,0.0005831848537229796,0.0005661312160264884,-0.004445886235632623,-0.03979946902651069,-0.03644621492729532,-0.03538105308183581,-0.03819716027350225,-0.020802596190790154
2022-02-07,0.0005181011708408228,0.0001414827393418177,0.008396237065767987,0.01409923452872196,0.02542341858324059,0.0072631434372839474,-0.00016021451172801217,-0.0003862977744198897
2022-02-08,0.0005825431408471147,0.0007071135919017673,-0.01437762199291396,-0.0031623930409028955,-0.011630172365044754,0.010583781686691681,0.01352915211164094,0.00895167122812559
2022-02-09,0.0005822039819011812,0.0004240282749046664,0.00796748022176052,0.025605791451277234,0.020102106908393327,-0.013373316151309251,-0.006981314846515373,-0.0034019810760084813
2022-02-12,0.0014863164712384284,0.0009181115797290945,0.024162560018659338,0.006271489245735114,0.00017795696523817625,0.00023043311651959968,-0.0036678960381462296,-0.0008762577657533061
2022-02-13,0.0005810012751797362,0.0007762058040635256,0.009371599726202341,-0.03223605521409923,-0.023680110645805857,-0.006600630957568454,-0.011571642326667424,-0.004071685948303609
2022-02-14,0.0005161623445135215,0.0005641351253202526,-0.005173382792054496,-0.00798302109806704,0.0010938507923580769,0.011053434449229451,0.014283992187007533,0.006701748000675943
2022-02-16,0.0010315261052626108,0.0008456064206221426,-0.004565328416749115,-0.018919434231272556,-0.00872554243886087,-0.0017501120835167637,-0.0030319340524226734,-0.002352579781686331
2022-02-19,0.0016096323856513205,0.0011967197232665198,-0.0215405211918649,-0.03952285634886106,-0.026077440051962514,0.0007319031920401464,-0.0027205972194278465,-0.0032500638895663785
2022-02-20,0.00057883398728411,0.0004923509858557976,0.0011255597725679163,-0.04201558068140425,-0.035992048414661255,-0.0015504714430188513,0.002081122269796839,-0.00565644072094493
2022-02-21,0.0005784991323152933,0.0003515309207640737,0.0014988900260711731,0.024484639931580243,0.0064994794132409725,0.02192861325191391,0.017127346106938914,0.0033715678235785485
2022-02-22,0.000578164664549242,7.029135770641539e-05,0.012078738442350438,0.015228030588380436,0.010120615622803588,-0.001139267284169668,0.007049283596956915,0.000628758985671325
2022-02-23,0.0005136436710039297,0.0006323999789163039,-0.0036722720383127777,0.005937461696738443,-0.016359433810865468,-0.002790445486730179,0.010716694684621561,0.0030676040161976806
2022-02-26,0.001603438114118562,0.00098293906671319,0.009707538317439545,-0.02657682221723429,-0.021815387553757105,-0.004327688812532203,-0.004025122025934847,0.0021065386742747916
2022-02-27,0.0005766089149732306,0.0003508156499758725,-0.002242225036009536,-0.012432436993106387,-0.0257142400190325,-0.006341436883305862,-0.0003101657707517972,-0.005892885870186957
2022-02-28,0.0005762766287223158,0.0004208163899946861,0.0039120613823567,0.021996005691380393,0.05000350374983065,0.004610805883869539,0.005415755606924745,0.0056559474373275775
2022-03-02,0.0010236725142167631,0.000841101893001571,0.008937348065246263,0.006711399575714555,-0.0026045249397872506,0.0007095655700852999,-0.00015428108858110578,0.0014158500710655482
2022-03-05,0.001597393394202763,0.0013302995135319922,-0.016407155832250497,-0.029833032611937302,-0.029712813324538005,0.016128724097101255,0.017894603220119844,0.013167419950256318
2022-03-06,0.0005106274445539468,0.000349784885863774,-0.006611605856060168,0.013165603285000684,0.008361155222565555,0.03477936645361934,0.031041930766195876,0.016373151218932562
2022-03-07,0.0005741443811829317,0.0004894933841312615,0.015315562274689803,0.021608208175960084,0.004121275594630875,0.016555119391861287,0.011977382738876169,0.018642724641056378
2022-03-08,0.0005738149285566658,0.00034949149343950964,0.01953975182004552,-0.0023710686480620025,-0.00432084368722528,-0.007842251444238228,-0.006846606216637452,-0.007183542824484367
2022-03-09,0.0006371862073618884,0.0004890829791815527,0.0002614926096601678,0.007286912629746002,-0.004473687710580275,0.01384534652717452,0.014368934008050727,0.009371107409969137
2022-03-12,0.001718377511143892,0.0013263064315538625,0.004857164597335179,-0.0041484911527766245,-0.0009378145183210803,-0.022126819559572422,-0.025691269619183887,-0.014580528275734249
2022-03-13,0.0006356875174336101,0.0007670583689094552,0.016096993477375546,0.015987499001528765,0.008404842936146718,-0.0014566875436693397,-0.000591521755671455,0.0028336339504412395
2022-03-14,0.0006352836755174483,0.0004181476121976093,-0.007613011133938817,0.02449452807735208,0.013590389871256646,-0.002743749148177395,-0.001924865768334196,0.0006698130711956373
2022-03-15,0.0006348803463840831,0.00013934369143985524,0.0030262836828479946,-0.009874834137521677,0.007832621476987251,0.0006493978368206984,0.0010369265582196975,0.015290810592261247
2022-03-16,0.0005710478883647803,0.0006964273559563533,-0.007388670583479418,-0.015627573171276898,0.0003250044724864109,0.014942143203997399,0.019503217326845505,0.0017055749233810043
2022-03-19,0.0020910567452032745,0.003682989465930354,-0.011432659713087975,-0.010513269978075813,0.0003248988788968245,0.032215884928654154,0.027076920973833362,0.011963533599152634
2022-03-26,0.0037276934652030174,0.0011091855556596847,0.004184523135607806,0.01202407250143326,0.00025971295680770896,0.022429799258949154,0.010965513255513018,0.013296082150448052
2022-03-27,0.0005674116723807311,0.0008310825327722056,0.004881054050441678,-0.01297923958346025,-0.0057325972632837905,0.013185442230492478,0.012916933373634877,0.012057016975224896
2022-03-28,0.0005040957888727042,0.0003460806402426587,0.00698742958615479,0.007934116323090983,-0.00052248076095832,0.0,0.01438717783961643,0.0
2022-03-29,0.0005668041843341833,0.0006918021721774718,0.006362534155103904,-0.011893227082503491,-0.0018321476480156523,-0.000348628547616818,-0.013559626707023004,0.0114433554210678
2022-03-30,0.0007552395097479409,0.00034572169747978823,0.008071243179347747,0.0004479280494330284,0.0011127990401989009,-0.004331579977774627,0.0037170379114030514,0.00968821722871207
2022-04-03,0.0021995295591912037,0.0018648346047324554,-0.002736173440197278,0.06810129909659758,0.05025925823405111,0.028111108946914546,0.030975957490646834,0.02726297848401877
2022-04-04,0.0005020710535992857,0.0004829084982258352,0.0028315445189744247,0.08915985360380534,0.067407258608199,0.0025267010292128263,-0.00026636966119266125,-0.007981041289147232
2022-04-05,0.0005018191047473661,0.0006205398895992767,0.016167212648164737,0.03083112493443045,0.03822053551490261,0.0009580242794484322,-0.0014677686842199207,0.00010170325472921337
2022-04-06,0.0006269199628563813,0.0005512679301679733,-0.002378597817170088,-0.001113211220072251,-0.04212417835078222,-0.016917466240163513,-0.016547064106978808,0.006515675411022195
2022-04-09,0.0016281549091109332,0.0012392428436203524,0.017796403142385106,-0.009165318470471138,-0.015946446464588725,-0.012603926940543261,-0.010910711271477583,-0.007308370714624971
2022-04-10,0.0006880375564626339,0.0009627949302984122,0.016031963637793266,-0.028727804964848783,-0.00666594598792329,0.021672783988898905,0.026657065548978842,0.016928014185039936
2022-04-11,0.000500093778003963,0.0004810500728440266,0.01643497369454121,0.013298984635935143,0.016405439758393616,0.0039016415278570462,0.00026697452018802315,0.008968694131003442
2022-04-12,0.0004998438092196817,-6.870727269178883e-05,-0.004180598880718987,-0.019987931687191134,-0.018676708715657124,-0.035800843037312,-0.03421901556076092,-0.030873042440468037
2022-04-13,0.000686877544255786,0.0005495260476245666,-0.02193448963544463,0.032736560740065174,0.018500128543385824,0.009402150528599933,0.012356785943454835,0.011706790026180802
2022-04-16,0.0016839745770094808,0.0014410707589088201,0.013640767038679077,0.002305245139719613,0.005040269917244185,0.010724771864002515,0.010450999138545459,0.019029156893726275
2022-04-17,0.0006852515452695414,0.0009595614170129227,0.014617641067142166,0.004541817890423185,-0.0034551083414828612,0.007364750605439578,0.007533106425219497,0.009154340731179393
2022-04-18,0.0004980699891285235,-6.850957423979412e-05,0.002880202482952768,-0.007169299462247582,-0.003467087516440111,0.02380100075935012,0.025143387437946824,0.02052114298344427
2022-04-19,0.000684441429202205,0.0005479452191892126,-0.012831645405139595,0.0031630758833076367,-0.0009417024385399748,0.007175163919322274,0.010787911573202136,0.00822473048710304
2022-04-20,0.0005596493010543404,0.0004792058965569254,-0.0023152679468764446,-0.00380786042387106,0.006693584742170598,-0.004351580912521147,-0.004404497023852167,-0.0037452037399147244
2022-04-24,0.0022354703795319413,0.0018462174890880258,-0.00534250952920927,-0.0026899975338148465,0.007521272362152035,-0.012309998865540848,-0.01386041893324857,-0.006354666262137719
2022-04-25,0.0006820648225977072,0.0008194482840410402,-0.006619503897325034,0.015396392422616994,0.006542181329364494,0.004429304625434125,-0.00276830520062145,0.002458658575040616
2022-04-26,0.0006815999272461491,0.0006823609954290869,0.003618649415302399,0.007873778936846723,0.03987796596366622,0.004781450676679299,0.007497654181016655,0.00482234644037141
2022-04-27,0.0006811356652083466,-6.821515061141002e-05,0.006233832214771674,0.004097051415551884,0.017043233318908932,-0.0033013159155484847,-0.0059148272295000675,-0.004818630849529311
2022-04-30,0.0015463123538840538,0.0016358806729063955,0.0002110645005808178,0.01730477859700563,0.022637891121955807,0.006842542453083179,-0.00013180659790761788,-0.0015152478637054517
2022-05-01,0.0006796206742697299,0.0007488852172852693,-0.0005430394516954071,-0.0033029403434198332,-0.0034704259942084053,0.0007521805340984856,0.0014489179438132212,0.006701364846063076
2022-05-02,0.0006791591036840647,0.0011562660699891093,-0.0020539824782779643,0.0009303486972424616,0.0033636258700050765,0.0007276689797375593,0.0,-0.006497834922089801
2022-05-07,0.0019731169306844544,0.0012907172064640707,0.019227365625742687,0.004328660567391669,0.00886181553343183,0.009423803746920497,0.007476023897069679,0.01006253145008106
2022-05-08,0.0006158014850673265,0.0009499898929832344,0.0009188622570600012,-0.0007718807112895584,-0.004447674826322722,0.004337789512602861,0.0022184866177225805,0.010705206310200577
2022-05-09,0.0006769439318173231,0.000339063509843209,-0.002759708514028999,-0.0076967323842899995,0.006505659732843341,-0.005342363758098109,-0.0026104956691052673,-0.0012539547794665376
2022-05-10,0.0006764859887147994,0.0001355932205466665,0.011258655053463105,0.005688091798639673,-0.00655882885159361,0.0016541314676683083,0.00013068675910405333,-0.0027672480051312734
2022-05-11,0.0005531483500494535,0.0004744315382627786,0.026732491440264253,-0.0025813911163341343,-0.004947507560148503,0.032474808660812364,0.020055532707849513,0.01968511236239312
2022-05-14,0.0016576115776328264,0.0014896068838807619,0.013695672446333086,0.006081278052127382,0.011611976705583659,0.026824596480563408,0.027420352911089692,0.013978633757964466
2022-05-15,0.0006132335998882782,0.0008791803900430268,0.0060493263850484365,0.01225635873867239,0.00510022007413489,-0.005858118381283963,-0.006126434865393556,-0.004182347385159482
2022-05-16,0.0006741228997440055,0.00047308485997073506,-0.0010385217908473433,0.0017243738174062622,0.001991187046429801,0.010475685026753218,0.011224172826838737,0.005541968343139307
2022-05-17,0.0005512172854313617,0.0,-0.004559310616308356,0.0045999850730405155,-0.008199072158834622,0.006105537267210035,0.02268220133485486,0.005675483497541303
2022-05-18,0.0006121075051864096,0.00047286115651235666,-0.00775893217364611,0.0012096928677396562,-0.00476115784978586,-0.021933709090093786,-0.01293365893898014,-0.012061499745282681
2022-05-21,0.0017119104205277906,0.0014172433619040296,0.024320044868139244,0.0010073845183560842,0.0053944105059763004,-0.006750883692734276,-0.011984140333000276,-0.009665659607472933
2022-05-22,0.0006717352394507322,0.0004045580258805629,0.015854674133383664,0.001005862703491353,-0.006826710655510877,0.00487028173563031,-0.0021147046782693303,0.009170627345585606
2022-05-23,0.0006712843141044347,0.0008086253809889501,-0.008198811065963353,0.020156131635044743,0.004662057649024249,-0.02127001220311154,-0.03021922709669554,-0.022818144622009567
2022-05-24,0.0006708339937500289,0.0003367343534528799,0.009699751751761427,0.026786668944534475,0.03683936022490404,-0.0052067288042639695,0.01755956639867256,-0.003376729460952308
2022-05-25,0.0006703842771712334,0.0007404166864694154,-0.005194255016943968,0.008787473587099859,0.019572523631256843,0.009962434339967225,0.018991765686600496,0.006832403713034462
2022-05-28,0.0016435858212200784,0.0016807291596426727,0.018332188496668397,0.017112854127914353,0.025937125125430144,-0.013940453114416131,-0.009824926193357926,-0.0087107016338289
2022-05-29,0.0006688353394376614,6.717044502956312e-05,0.01076017493692801,0.005639663362289743,0.045111878853146166,-0.010443344546710436,0.0016231843078591483,-0.014529469349025364
2022-05-30,0.0006076441822745283,0.000402927948504115,0.01728804750088304,0.00013948131290035588,-0.034074749928958335,0.0056908284806261806,0.004232836611347309,0.007157348219078568
2022-05-31,0.0006072751750360177,0.00046987750486927405,-0.0013353772272757332,0.0022281220621638365,0.005999811208313174,0.0014700513662381609,0.0008706106696173845,0.007114169117469513
2022-06-01,0.0007282437510826985,0.0005367326529388448,-0.008129477730959204,-0.00041710193497949483,-0.0035957577529348445,-0.0026618050743477373,0.008160161236558118,-0.006608647424540023
2022-06-06,0.00266569890071185,0.0024786480618362167,-0.01294793537603847,-0.0019040055074135418,0.00416951684690246,-0.018393029501049308,-0.017140013621589456,-0.024348123668005026
2022-06-07,0.0006653158983735918,0.00046824309360826293,0.010011399903481733,-0.00227990545633125,0.008808914672648901,-0.0029812217577361924,-0.005400028992396106,0.004558904692543233
2022-06-08,0.0006648735474156267,0.0006685385995757482,0.005416453790534485,-0.0326703463119661,-0.03846606661628852,0.002814423757481252,0.006402851147051186,0.00928153969909256
2022-06-11,0.0015697642540006733,0.0014692135673442849,0.02990432411497581,0.010580773148692652,-0.013391275877042612,-0.004715218783431541,-0.0061510393459858065,-0.003450411865709368
2022-06-12,0.0005428063219432804,0.0005337247441396503,0.0505883567745783,0.015968503236566012,0.04166067958116577,0.02354392758676507,0.01623595393680525,0.016608997647794003
2022-06-13,0.0006630300716056625,0.0004667755894439742,-0.018972495729284295,-0.0005628035343673303,0.015398036117267448,0.03235807601172842,0.020113903412680906,0.028605065601310598
2022-06-14,0.0006625907539945155,0.0005331911616587351,-0.022958373279694928,0.005845174990864205,-0.007431565017643007,-0.006231233786598134,-0.0012160344497591255,0.0027784515279820486
2022-06-15,0.0006621520181734773,0.000998967816417697,-0.020387994600791937,0.0009318960802769077,-0.010988385142934749,-0.015062228052207463,-0.00977243854005084,-0.01125944122432697
2022-06-18,0.0015633458779051373,0.000997970875548495,0.02443646214806191,-0.0011651236612728994,0.004744562399243119,-0.013147136076422695,-0.010488848140166682,-0.010103616467663739
2022-06-19,0.0006606805249480586,0.0005983048209058751,0.005288706943176857,0.003863144134224559,0.01617193448099737,0.0003396681435351022,-0.004227360074408674,-0.0006076048296134414
2022-06-20,0.0005402323130278023,0.00039867110162589077,-0.011342068881047404,-0.0015807962658161894,-0.014165841835219545,0.006627742335023185,0.003731110565245686,0.006766825845587634
2022-06-21,0.0006598878430165066,0.0005313143513446528,0.0007872510725202666,-0.020067026193319692,-0.00944432784779707,-0.004546043084719395,-0.008100137119387008,-0.010590462122761324
2022-06-22,0.0005395845330114446,0.0010617825670699826,0.012336527970347518,0.0052554208971474555,-0.004683090279133396,-0.0037338634610433806,-0.006653891074993878,-0.006418388707836992
2022-06-25,0.0017366833720893471,0.0009943983052825356,-0.030937625990512304,-0.008440748993273182,-0.029067216388507622,-0.013007150222900757,-0.012166491164181552,-0.018709685278900972
2022-06-26,0.0005383580210781283,0.0006623832791698741,-0.045609309950990246,0.00867691677846104,-0.013543079273487349,-0.023645893857544516,-0.019309922551499256,-0.009570412824164697
2022-06-27,0.0006575997845703212,0.0005295909034144327,-0.03565387497513709,-0.008915142933209944,-0.011019044846644224,0.0008875897759380775,0.0025959221538341855,-0.000556544835802871
2022-06-28,0.000597442961969654,0.0003308519467732748,0.0028011110829036165,-0.014827743923052899,0.007680575104123002,0.015113974299276241,0.019897308912557685,0.0064374816435292335
2022-06-29,0.0005970862369891992,0.0012562400409083976,0.015074493979465123,0.006985210751497154,-0.0030955054503557324,-0.0006946624431320955,-0.0040760612305465165,0.0034657929216200018
2022-07-02,0.001610354327664746,0.0005945107021885174,0.07126975473022706,0.02662291362273951,0.041904761819366816,-0.013483862272796516,-0.009230572555023011,-0.012509646300553309
2022-07-03,0.0005957700503893883,0.0007921315352480452,0.0008720584829279452,-0.008591370822322857,0.0024830991636103895,0.0033941241243160263,-0.001675494205880586,0.005820673239171152
2022-07-04,0.0005954153197636851,0.0001979348800708786,-0.03469043174064157,-0.00047178983639043057,-0.00790771572011747,0.0008951126775347222,0.0009025380064685204,0.005079002826028082
2022-07-05,0.0006545476417083385,0.0006595001228287238,0.01543321784016269,0.0006132833940248374,0.0029847812157928495,-0.00021769211941330914,0.0009017241660820857,-0.001975404645927984
2022-07-06,0.0006541194893240082,0.0010542963549059923,-0.006949726601785232,0.003998789196140597,-0.0016623967372333967,-0.01115126572399121,-0.005035700204577124,-0.004829429379260966
2022-07-09,0.0016631032581252401,0.001447844938672861,-0.007316345002607936,0.020127775503442236,0.019866727323241025,-0.000574932381026882,-0.007665902884462847,-0.004370351630131666
2022-07-11,0.0011269611798035157,0.0005259697688645441,0.009078023627465449,0.05292325478930816,0.0738716062101344,-0.007467101949848982,-0.006674340594538743,-0.0061790187531616985
2022-07-12,0.0005333807576005182,0.00039429585843030527,-0.0065362176506488295,0.006655729536823112,0.027123047810443394,0.001748948738210138,-0.0005252532952699148,-0.0022687337898837758
2022-07-13,0.0005923118102447546,0.0009194195170565528,-0.00887103793264496,0.0013432605856457114,0.01664453194817148,0.013591386806609533,0.009935796885173086,0.009646765937854247
2022-07-16,0.0015974916866523334,0.0010497311028242061,0.0099808384528381,-0.0004328162290061458,-0.01768577957417608,-0.00881587458539002,-0.013488491275377245,-0.013549740842770308
2022-07-17,0.000591016565666947,0.0008520958795642881,-0.011048420931980217,0.003674943092634058,0.01768577957417619,-0.009883137361671644,-0.01073591079287873,-0.006748400446688956
2022-07-19,0.0010629503776306032,0.0004585202975560756,-0.00409463330980269,0.001638900652111382,0.0011083845182689835,0.003888557122871987,0.0009322317966131476,0.006140702731645899
2022-07-20,0.000649025010244622,0.0011126747883559748,-0.0006705592794645944,0.01054415045629137,0.02586531077778402,0.006557886476597725,0.008088610404442484,0.007466198778741251
2022-07-23,0.001709049536418836,0.0007846727663448169,0.010570319805592717,0.008237212420553657,0.006744473667887172,0.012516595842242417,0.01416119381657854,0.0039219672347942025
2022-07-24,0.0005886508293359197,0.000522773324328254,-0.0012221162170527706,-0.02137014606496716,-0.014162334766690585,-0.010963306121968806,-0.01588066242497845,-0.018167392654441526
2022-07-25,0.0005883045233803732,0.0004572025813615506,-0.006293938410770031,-0.015630250402081294,-0.005620591807258551,-0.02190663668612026,-0.02899061488468254,-0.019907600946751685
2022-07-26,0.0005879586246519564,0.00045699364268491,0.0022981862761782363,0.00725794352797256,-0.013125296068731852,0.005866507270401569,0.0016325801975599677,0.002794686358124514
2022-07-27,0.0005876131324327558,0.0012393596054936428,-0.00138895738301222,-0.007740934087112978,-0.016197730795344152,0.009234140731194216,0.008663844828759468,0.005748521081379126
2022-07-30,0.0016434822035810833,0.0007168225519542875,0.006872282935292103,0.009220684347998049,-0.018844834364427843,0.0021510687508324885,0.0013467397618778679,-0.0016904975670683567
2022-07-31,0.0006449154504884652,0.0004558924172873741,-0.0009029990241518728,-0.00588973730366476,0.005370303151971858,-0.013299657546232581,-0.016832160304012404,-0.009832255890928489
2022-08-01,0.0005273489121127878,0.0008461063344432413,-0.0030068075125154552,0.00484525387283546,0.018874346536533665,0.0042092493305971946,0.005325145712133976,0.007158624464832504
2022-08-02,0.0005270709618080625,0.00019515368414516418,0.00029316985259639585,-0.00598355187985166,-0.007958400599305486,0.005646522691249541,-0.000136150196318969,0.0030363455907275526
2022-08-03,0.0006438208059443332,0.0009751975547744878,-0.0034426877485401884,-0.00017486321424993982,-0.008197701861119315,0.00972295209582067,0.010026859292119892,0.007894485991506724
2022-08-06,0.001753771056312526,0.0014934582821964555,-0.007998352112271534,-0.0061970217869215015,0.004325231611028427,0.016205789133327462,0.011127822731284112,0.009438393064430771
2022-08-09,0.0016340826513292787,0.0010376135820701672,0.005991309013463337,-0.016132500312369666,-0.013473511810380385,-0.00288542988595847,0.0008009999015170004,-0.0005018066299835236
2022-08-10,0.000641231185806115,0.0009717858948825696,-0.010501738887898763,0.005941116546902536,-0.008832028952552005,-0.005989800199743617,-0.002802641475447802,-0.001606548766540778
2022-08-13,0.0016303718529323864,0.000841451229298182,-0.025552469529982243,0.022416128468406994,0.019773779246866924,0.023451009142096118,0.022197053476315384,0.012133930571175424
2022-08-14,0.0006397766816067851,0.0005821286668706921,-0.02323372522096867,-0.022282473793635887,-0.01377379954284727,-0.003983356957125217,-0.012888694201223462,-0.012245141824015213
2022-08-15,0.0005812601884184694,0.0005817899902297259,-0.018039429044309673,-0.00980040686776734,-0.0038178502968885426,0.0034626358702030758,0.005544286075963005,0.0022846828442279004
2022-08-16,0.0005809225212748146,0.0005168626552590312,2.876594249314022e-05,0.0010337195108060017,-0.013298452519733146,-0.007533419207618024,-0.0022398274258610194,-0.0046403992690336356
2022-08-17,0.000580585246220344,0.0009683980226762668,-0.025440304497559445,-0.01343224655892699,-0.004336926923633605,-0.010033371957718392,-0.009543806788553362,-0.0066005891833414996
2022-08-20,0.0016817935358465878,0.0010963852634818326,-0.029369985820591114,-0.015925513291762814,-0.03844041736685713,-0.010001138365199646,-0.009771712661718933,-0.0036936422571782297
2022-08-21,0.0006371825164172264,0.00038667268639279613,0.003022013415245818,0.012550610758179842,-0.019573067882727377,-0.005062828513783708,0.001211016855602585,-0.002591965969528427
2022-08-22,0.000521029334159475,0.0007085118328014092,0.04271831048854446,-0.00788864113816854,0.04658543071490122,-0.0025717766198615445,-0.0030954376655812675,-0.0030560083411690963
2022-08-23,0.0005786032678924972,0.00025751625713678995,-0.010746018429434248,-0.004754533427161313,0.008662749695206603,0.009931734660624919,0.011656133471697592,0.006805705755665462
2022-08-24,0.000578268679735321,0.0009007850306685296,-0.021965059302870057,-0.032253290026803196,-0.03341932219402435,0.014416032646031548,0.012835937235996249,0.011591843744739474
2022-08-27,0.0016750906443894747,0.0013496579702277367,0.03716907999843135,0.001194316354914811,0.004542722634367705,0.00575147034027398,-0.0003944838778781284,0.0029203045005976587
2022-08-28,0.0006346459177390016,0.0005136766518497975,-0.012668495087292031,-0.012583464452015605,-0.016822314341434667,-0.007284444398843587,-0.008719709017253068,-0.0036727749800058375
2022-08-29,0.0005189563328233049,0.000513412923612403,-0.003155660302563727,-0.014212486475235457,0.00014282558544691232,0.0054266192998575396,0.005294314339464413,0.004173928760406614
2022-08-30,0.0006339144427811062,0.0002566076483160264,0.00047254612563245785,-0.005505714821679237,-0.01686606972701731,-0.003199841308080719,-0.003703511522797936,-0.004919231608965779
2022-08-31,0.0005759373539377781,0.0009616926530576789,0.009286024871665043,-0.0026653754584843345,-0.024655091785988827,-0.00014350205311631869,0.000397305603815142,0.003552592217690737
2022-09-03,0.0016683449864226103,0.0011528117070232604,0.013682870685359349,-0.004706659022449638,0.0030165158160897964,-0.011342706090868489,-0.00944696909580846,-0.005973242793475827
2022-09-04,0.0006320931111189387,0.00044795700361920554,0.0043757756953055815,-0.01596704624851327,-0.005496289748659569,0.0010880887101922282,0.0010687541664463293,0.0017053644085893178
2022-09-05,0.0005168700761157531,0.00044775642798801303,-0.00969897990836602,-0.009276938201188908,-0.005376610462315443,0.0012438473276752391,0.001467674410470873,0.002547008932917453
2022-09-06,0.0006313675055477263,0.0005753924015156648,0.0015072770891602682,-0.0074115371230064,-0.0016483436330678072,-0.0048998175149781035,-0.0056154747553079296,-0.007304724937074902
2022-09-07,0.0005736247504276614,0.0009582522214079373,-0.010979006708523741,-0.002259831666452043,-0.0034058947770891387,-0.004497428170628802,-0.0006706142266779154,-0.0028869803465961554
2022-09-10,0.0016616534406325297,0.0010849102822335093,0.015400421304515485,0.011655793256018171,0.00829394216061194,-0.010187696377257048,-0.009845508516980303,-0.008051430796690847
2022-09-11,0.0006295607590967272,0.0003188673857570875,0.007583870281230824,-0.017121423755343222,-0.008243675243270252,-0.003007578184796283,0.005406658696716269,-0.00170519527713782
2022-09-12,0.000571984228830087,0.0005099764246435019,0.021515696930907872,-0.01899989882664693,-0.012468903706476011,0.006999560458587047,0.0,0.002115518770298728
2022-09-13,0.0005145062283000793,0.0005097164812492974,0.024238998313211878,-0.04477730636958918,-0.03284087315040481,0.002057223511302992,0.0009429082384493512,0.00340734811355201
2022-09-14,0.0006284816661662733,0.0016547865283236985,-0.013735072753268483,-0.003699409028281659,-0.00041980071130412813,-0.0030629663518579047,0.004032468936206706,-0.001987058708322426
2022-09-18,0.0021680843775433315,0.0011440194459876635,0.0025187791114817657,0.013897453664067468,0.020377098570244563,-0.008416251145378544,-0.011602237735967167,-0.009104789722934345
2022-09-19,0.0005697681197953433,0.0003175510489990819,-0.01754212582641891,0.03178249413446784,0.03737037171591448,-0.0007798520694615633,-0.00040706504432562094,-0.0016347562652850747
2022-09-20,0.0005694436689381347,0.0007617113482420086,0.0035669009308591133,0.008786239987595227,-0.006364940347316139,-0.004978311284807174,-0.0032624994206826227,-0.00528832645473935
2022-09-21,0.0006260137358356149,0.0009513239975438111,-0.008050377107475224,-0.050491168355625816,-0.03999902054229077,-0.004665675740209925,-0.008341920908239682,-0.006887833213789529
2022-09-24,0.0018189057478796937,0.000823749373323899,0.009366953851201936,-0.03555383569407465,-0.04204556492963183,-0.020324170157230252,-0.018572632460551505,-0.011889797551300362
2022-09-26,0.0011351383249654505,0.001202722094657639,0.00486001937620746,0.008979367612071404,0.007606444909702725,0.0093101661193075,0.011544179441792122,0.0025125865659284493
2022-09-28,0.00107718920754037,0.0013276436279193672,-0.005280032743436859,0.015048944480854235,0.013451643857499435,0.0125757862822282,0.012643469998171246,0.015091286912444291
2022-10-01,0.001755032012739283,0.001073469619706255,0.046250186006629446,-0.021121123153332394,-0.02681436702501083,-0.025708714173879453,-0.02755181253127173,-0.02000956205135462
2022-10-02,0.000508949031259256,0.00044168218530447873,0.012702523832017799,0.0064117135700956455,-0.008093079839442945,-0.0012305024689366066,-0.005629626625969602,-0.004015571427429253
2022-10-03,0.0006216972534715411,0.0005045408785134376,0.007209164846274782,0.020100676050482717,0.013307736529861064,-0.0009366652152835409,0.0012694320493295886,-0.00030468210747711105
2022-10-04,0.0006213109861255558,0.0017638910961148126,-0.0034141263622494977,0.004038268364022452,-0.0027125169040778893,0.0022183580251998046,0.0001409485842035484,-0.0001828538334142722
2022-10-08,0.002199724511467192,0.0010065426114014722,-0.020409752397628888,0.0003313258586631936,-0.007306476477545534,0.004422133848378507,0.00618215172223984,0.006064576002975527
2022-10-09,0.0005632533662486084,0.00037719243547727386,-0.007221525086176626,0.004790264412188582,0.01682272704196611,-0.012873246239473099,-0.01567147166290978,-0.013082819942035674
2022-10-10,0.0006192124941018703,0.0006283380665414029,0.001297147959514686,0.010816549942538207,0.018130936025706288,0.002708999340386173,-0.00028460535437819346,0.0002743461639639677
2022-10-11,0.000562587919198652,0.0005023863456581137,0.013253879204910095,-0.02581380160892415,-0.027483901378396767,0.006753539763287582,0.012448180661431487,0.014560745058512176
2022-10-12,0.0008432888763975088,0.0010040161485984859,0.0007991723433482302,-0.00039052407643309396,-0.006102637814117177,0.00785148862630359,0.02045510054862324,0.022913552773572203
2022-10-15,0.0014600182288062227,0.0008776879755955437,-0.002826710472676001,0.005007753716993668,-0.0008200500213461281,-0.0014230462216328257,-0.012334010963460538,-0.0177384853012562
2022-10-16,0.0005048946840868062,0.000689071972640841,0.010784282024577362,0.007189063399018801,0.005998686468388744,-0.0040384067111342735,-0.010513507368652003,-0.006968002862740775
2022-10-17,0.0007288425742427289,0.000563433201120122,-0.006281071665034196,-0.008410717407652934,-0.00692856105715843,0.0008676434626301957,0.0008450364673314577,0.0028858888710088268
2022-10-18,0.0005042723177317675,0.0003754458463475333,-0.009483129748081437,-0.004790441130113205,0.001039472638034122,0.0028274235051494352,0.005476938096967696,0.0019205235104977328
2022-10-19,0.0006719677708332637,0.001000500333583622,-0.0015041154527974732,-0.002348147542945123,0.0013662270308072272,0.0002925288482241981,-0.003507958918691288,-0.001618488379286321
2022-10-22,0.001622060371868051,0.0009995003330834232,0.005949552924425905,-0.0004474340074142892,0.003870046578169813,0.0016896568917557475,0.0004214201922639255,-0.0006284978136475648
2022-10-23,0.0006145766598445827,0.00043696745287815736,-0.003372528116131479,-0.004545629915542537,-0.0022876674087806185,-0.0046056193982729,-0.007897499590318038,-0.006978474912820337
2022-10-24,0.0006141991873478042,0.0004991576817935714,-0.008102684841806635,-0.019136764745150022,-0.006894021251510897,-0.016781180715955538,-0.013684264969423281,-0.013956477317736676
2022-10-25,0.0005580357287668748,0.0004989086477044959,0.00458423912782783,-0.037621503143654596,-0.021701925866941994,-0.011162366241577149,-0.015914983046787682,-0.005192499999771599
2022-10-26,0.0005577244985617779,0.0011839114072512583,0.005955403162464538,-0.05167566999604441,-0.044518461650040676,-0.02228978512643992,-0.012622187423159766,-0.022958709012408717
2022-10-29,0.001671309581236106,0.0009336778245116089,0.005281739625790873,0.0614504928983603,0.04232743519851795,0.00029494540691729854,-0.0017735166067826492,0.006225979985714556
2022-10-30,0.0005564830416282764,0.0004354181638164083,0.001010426107067299,0.02681376002286154,0.027893161890340735,0.009591932172088168,0.006048189886264478,0.009243816597354444
2022-10-31,0.0005561735404768247,0.0005595449180775753,0.01335891308076021,-0.011428409186435,-0.018657396908838848,0.014969785624112808,0.014309516959544856,0.00694668149814765
2022-11-01,0.0006670001914784553,0.0004971105551946573,0.01942651369501264,-0.011032518416349654,-0.0016168793623227548,0.012051977671619325,0.01396314635768987,0.007951093319063615
2022-11-02,0.0005554938483027312,0.0009934803673397126,0.027399863569979442,0.002696216093766936,0.01830362262218896,-0.0024066589254528002,-0.00933568612276767,-0.0038193224241694418
2022-11-05,0.0016646325006938485,0.0009924943436135697,0.016234235000430544,-0.0009954265650374222,0.01958776866072352,0.04449014315142708,0.048447048616467925,0.04535125121423057
2022-11-06,0.000665077894049101,0.0006817689067572769,-0.023669479996093614,-0.003286846806122237,0.012441349190559317,0.016698282160975624,0.011209433285244048,0.013767068443328524
2022-11-07,0.0006646358594150778,0.00068130441457334,0.013970582199026652,-0.007375596888009733,0.0015381034209593187,0.03447972719881312,0.03078845036861179,0.02919716854146117
2022-11-08,0.0006641944119752146,0.00043331580114083627,-0.023673916941770495,0.01819284317424482,0.008021316037790605,0.0009177852940233011,0.019967297230236967,0.01971962891191953
2022-11-09,0.0006637535505597807,0.0009897316161135406,0.002085387480858068,-0.017896652808438333,-0.01685598161668453,-0.002567259047015827,-0.006090550876591503,-0.00020706054174137432
2022-11-12,0.0017126602899061546,0.0012357885902922626,-0.0036394890990909937,-0.008025079259667622,-0.016982083901118952,0.006651851588845928,0.009831542860255532,0.001328017983469929
2022-11-13,0.0007173403535636664,0.0006173220765215672,0.005619232229315148,-0.0718746507268188,-0.010439296435029244,-0.008351252807993103,-0.00879223019773034,-0.010752807860816034
2022-11-14,0.0006617039116544694,0.0004318988189920101,0.0177920569862406,0.01666276791787411,0.01764458461159845,-0.00808818507022306,-0.005208833154312626,-0.006241093596012259
2022-11-15,0.0006061775183551038,0.0005550245278307354,0.013655481939636114,-0.01948896954679424,-0.001674826467250283,0.010388753485856835,0.00312769667727216,0.006315910112300685
2022-11-16,0.0007159181956246245,0.0008627596517170752,-0.00628515108461978,-0.017124384012491892,-0.014597229889012572,0.0033295162251684566,-0.003911151754057924,0.002790901690933395
2022-11-19,0.0016501653909579254,0.0012312239920291752,-0.0038395783632056584,-0.02725695838203432,-0.009149172421691535,-0.020720566305489366,-0.017130271043896396,-0.01745193908334327
2022-11-20,0.0006593044577046629,0.00018455292107374507,0.0142441070465355,-0.006069489439761283,0.010629609637963706,0.012370128072105576,0.021433127246234973,0.010170795081823288
2022-11-21,0.0006039808007903798,0.0006149305322295925,0.001686910509329922,-0.0034555947764505213,-0.0042825063036805895,-0.005486923588664094,-0.00443349174443563,0.000990437303891196
2022-11-22,0.0006036162281664175,0.0004916723103165196,0.007301583279017207,-0.02306984767630392,-0.004024690462150544,-0.0034596176844638366,-0.001699816849224871,0.0023257813736957374
2022-11-23,0.0006580751539929968,0.001044001691533272,-0.0007764149788311916,-0.017729056245013065,-0.0006627589784957472,0.005220639664533624,0.0041789786170586376,0.001480374591426507
2022-11-26,0.0017527528176798043,0.00134944509222248,0.014432509537290618,-0.005672187710146848,-0.0017706174233673884,-0.0022255694007687833,0.007660926844440822,-0.00483775690068628
2022-11-27,0.0006564910788873421,0.00030643827040880827,0.013448423435614294,0.0031234332915404993,0.005632464884647102,-0.0014665810263605986,-0.01223258155408176,-0.00248049573724099
2022-11-28,0.0006560603810844925,0.0004901059952296989,0.008811689183963953,-0.008470353872189654,0.014378546120971057,0.0017524636833073355,-0.0015722481343216643,0.004538865719445676
2022-11-29,0.0006556302480385353,0.000306194313302005,-0.014943243653155091,0.004065746614395886,0.018553399897869798,0.002438875026796358,0.0074462602946964345,0.006995228479114219
2022-11-30,0.0008735055422476183,0.0014072875330180027,0.006013551543139036,-0.0019241230548089519,-0.007219203468535465,0.0015789833534598204,0.0031201808028027732,0.003942448790261511
2022-12-03,0.0015268011036198694,0.0008556411718702681,0.00611845514001246,-0.0010702384609691607,-0.014650683451412847,-0.00026102471278468414,-0.002078085940769966,0.00013717344447995142
2022-12-04,0.0005991775106405316,0.0003664793590981152,0.017327080617220915,-0.02026949168029865,-0.008641783156748217,-0.00280432358125942,-0.0007818267844451721,-0.002711544454581102
2022-12-05,0.0006532389998215622,0.0010376294152830176,0.014739785616118974,0.005522780487515803,0.011795644099065116,0.001581330187981679,0.0026003880247074413,0.0021224601690412255
2022-12-06,0.000598427784907339,0.001584882989475698,-0.011195233697875704,-0.0141590156087125,0.0026021041192727367,-0.001081767236032299,-0.004423688703139781,-0.002598344915224893
2022-12-07,0.0008698016313531233,0.001521560806014698,-0.00976626601760215,-0.028252305030347306,-0.013684136274641635,-0.0029420701665090385,-0.007459394877536363,-0.006292986708107659
2022-12-10,0.0015745897104232852,0.0008510638811566757,0.027957328249762665,-0.011253628524630445,0.010212975810367115,-0.013776868378966788,-0.013887134079861155,-0.01235778332932877
2022-12-11,0.0006508298309784591,0.0006681852944124537,0.01613625984174891,0.017208938016912506,0.0030924023846842586,0.0074225384428022005,0.01677367964635619,0.007138368884024482
2022-12-12,0.0005962221375028525,0.001031772616036074,0.030219734940588473,0.002326615370529141,-0.002603635308927946,0.021402191533378787,0.015337001181384828,0.024571851972151063
2022-12-13,0.0005958668684742556,0.0007276696700930635,0.008215891330253878,0.0050118257829229905,0.013432619110706081,0.03630096534634721,0.04415344278195002,0.03637861066948714
2022-12-14,0.0007578628631020225,0.0009694032870638367,0.0001709172616405255,-0.0015678880489612785,-0.0005896796567057827,0.015126249010000913,0.017737209150856546,0.0172844201168898
2022-12-17,0.0015140048312150113,0.0009079628964314651,-0.002587906822756779,0.020414508241812086,-0.0015564255682867204,-0.0062813720338919235,-0.009625182308743391,-0.006375499672838783
2022-12-18,0.0005941610351154067,0.00048391000218447774,-0.002852234986865847,0.012948278621280368,0.006903433087696573,0.016221518699770624,0.024188845011570082,0.024698270665240087
2022-12-19,0.0005938082173999353,0.00024186721607807532,-0.010687637038600841,0.03745120969435031,0.052362369453274674,-0.0005858477230568271,-0.005151638222933683,-0.00190993657917879
2022-12-20,0.0006473888875223057,0.001027283529928556,0.0024714211316473555,0.029632064623181822,0.026814369700861092,-0.014759977919568361,-0.010382251386505845,-0.016023600962139273
2022-12-21,0.0008625337461968011,0.0012675420438606549,-0.005667516219117977,-0.03262988948384889,-0.03831804666732092,0.002409829683073443,0.0012126366201714758,0.002041255430751967
2022-12-24,0.0015614486952283087,0.0003015590626271556,0.03616226435654815,0.00013969880114572246,0.001841332818723974,0.03932884961855803,0.02584421405023183,0.044221211629764536
2022-12-25,0.0006991690929395756,0.0012053276936876667,0.02140258479442077,-0.006654499728022689,-0.0008692523671267731,0.012216880515156483,0.027609789047242914,0.017924858875403356
2022-12-26,0.000644953263246597,0.0009632172197369815,0.029733220995262377,-0.0007033558176145502,0.005101233004242162,0.001285770840946252,-0.005415360769694582,0.008664423040476274
2022-12-28,0.0013423181161259365,0.0010224027352789733,0.059085513202391235,0.015285799674775604,0.04885804396162945,0.041700834625462195,0.057467157800557146,0.05252751450275334
2022-12-31,0.0017691054551031366,0.000600925443238112,-0.1031681421234328,-0.006532732952061224,-0.036769584269729545,-0.05278466703483831,-0.05389160305609854,-0.060328596162006115
2023-01-01,0.0007495850862304476,0.001080756634767521,0.0009172500990587959,-0.0009064190024087522,-0.017343439978961726,-0.004735604576938214,-0.011695117228311246,-0.02251143464377813
2023-01-02,0.0007490236292624363,0.0005399406196510421,0.029684291948887623,0.008546526460561484,0.020605731206303116,0.026056758499173445,0.033556201290395826,0.02903868879359085
2023-01-03,0.0007484630127539465,-5.997900736538925e-05,-0.025297615976671833,0.0073760768693698605,-0.014791098765646495,-0.008582156519311804,-0.0016905023206623484,-0.006947359850913942
2023-01-04,0.0007479032348195363,0.00179780716008116,0.006163050399913073,-0.008068479492073429,-0.004434316244381044,-0.013673534842101811,-0.003164514422702908,-0.012571762264906076
2023-01-07,0.001867314544776439,0.0008976929894561194,0.02865649041195255,-0.0008308162599746847,-0.00625146115307943,0.02434519590886244,0.01994473499642899,0.02003001903737323
2023-01-08,0.0006926868533262905,0.000598014609377852,0.03606638231924719,0.0072496467183783215,0.011397887008890736,0.02623202753791217,0.02573668146206451,0.0236267750100457
2023-01-09,0.0006922073703617635,0.0006574032808106714,-0.0071957051688085975,-0.008290014843283261,0.005978892993181216,0.0010824825140934784,0.002052984311438282,0.0005431751292004808
2023-01-10,0.0006917285507416556,0.0005375541416588348,0.0023913308187403022,0.0026328009089782805,0.0014637573525317685,0.007909212441841377,0.02388092419890094,0.013078865781156883
2023-01-11,0.0009038467266039482,0.00023882022920842085,0.002463218803107588,-0.005341428721598624,-0.0009081472449589517,-0.01837426008989418,-0.01753508039276184,-0.02385853722879484
2023-01-14,0.0015930334719832947,0.001729743057510544,0.026776789649433867,-0.014009188816698631,-0.008264209680723812,0.002389886750794875,-0.010021648292575416,-0.0030387205983990057
2023-01-16,0.0011666137710861293,0.0010721306643753127,0.0172942620364974,0.005486760878504241,0.011993169199950006,0.037045785243759156,0.03165744795592071,0.02979638800672512
2023-01-17,0.0006887235047478437,0.0002380952392201005,0.04208598019669658,0.0008417783275752784,0.0010558194965466265,-0.0030982709969757907,0.0018864518543337593,0.004187822904395175
2023-01-18,0.001005743408494468,0.0013085114577432585,0.0563198485379,-0.007457484796064256,-0.00817333046512817,-0.0004178184961337075,0.0031373466754774627,-0.0025552683877180463
2023-01-21,0.0015859593089536446,0.0002971503305376222,0.07374674700885488,0.014372437316011486,0.0077211168010730535,-0.013624228830228288,-0.021634027998024424,-0.014003231640993435
2023-01-22,0.0005808887761366966,0.0013064134874691984,0.089298713340909,0.03575827367243213,0.0674968606310862,0.0092866168120116,-0.003097898455611743,0.003823220857887071
2023-01-23,0.0007388253014322572,0.0005932605774382772,-0.07476791866736583,0.04952913640624959,0.05320857833833989,0.011584630083318777,0.006931429602834051,0.011484636714553482
2023-01-24,0.0007382798415809127,0.0005336337620333178,-0.0784816851881749,-0.01916637416116595,-0.034494665922961174,-0.012324409896423189,-0.013695784471715036,-0.01440868970858147
2023-01-25,0.0007904097368427837,0.00023707918555805472,-0.012975770032295953,-0.034805081225871136,-0.050897679410832036,-0.023935269161512507,-0.026528485324068093,-0.028967323215258512
2023-01-28,0.0016841222863733364,0.0017171452246057544,0.08273023168778314,0.01679105272568688,0.03832082744308309,-0.009406034302489779,-0.004102250050772806,-0.006799358702672045
2023-01-29,0.0006308153497307113,0.000591436023864204,0.04592115329296499,-0.013625468953703297,-0.00783013796670949,-0.03377456506200135,-0.04673194177634519,-0.03043088527493388
2023-01-30,0.0007354486568097879,0.0005319935104042611,-0.0050358592294942476,0.004161038504026187,-0.006232433263581281,0.005609602715263988,0.0036025586207821484,0.0029969071950219357
2023-01-31,0.0006824326362646249,0.0005907721563680146,-0.053437013444372974,0.009265986624047722,0.019000656936934448,0.011977316238579333,0.02259110398571078,0.021869549948969936
2023-02-01,0.001101408340436071,0.0007674824003374717,0.005889478740840705,0.0013260099869331762,0.010631847318004595,-0.006938492076087551,-0.005229966934939878,-0.0051049985984473875
2023-02-05,0.002094570593500772,0.0009437858306872661,-0.05413309311581279,-0.001724357320222275,0.0012868476981220958,-0.014645544171372274,-0.017013313397676668,-0.010545175294868434
2023-02-06,0.0005752386091424404,0.0012962528329305528,0.018263938372516504,-0.0028588029701728216,0.0004590888868422215,0.0027021824434595885,-0.004416010240433674,-0.0016643539600215008
2023-02-07,0.0006794011079490664,0.00011775788991474303,-0.005763220326146676,0.003124385489429415,-0.007787432937330656,0.02041494171422532,0.037150069412364456,0.01934925249181121
2023-02-08,0.001096519964708842,0.0012944223977290974,-0.0023963085520067595,-0.005323075848506446,-0.0036613825377435766,-0.0012073175672869497,-0.007320175081279296,0.004197218716489689
2023-02-12,0.0020852890467503815,0.0009990891489574704,0.052225564376602376,0.03584313606099918,0.03946548518653121,-0.011782114704064777,-0.0003390940012233326,-0.011995501428103867
2023-02-13,0.000676783741375217,0.0008220304614148797,-6.189534840139992e-05,0.026863045139472526,0.03296969532171378,0.0004463464924000522,-0.001132388223099329,0.00015805407304623643
2023-02-14,0.0006763260149070328,0.00023474178511542908,0.018525046695443623,0.0023779178630502695,-0.006933667131358087,-0.0053264524214894585,-0.012643662454217544,-0.005087478815096855
2023-02-15,0.0013512813240605377,0.0017002319928514512,0.0441740562692418,0.02713411421368999,0.018568780767946873,-0.0062251920857092,-0.008983001673957904,-0.0077985467181474815
2023-02-19,0.0017643095230951565,0.001638864867840206,0.08807542340811235,0.048161150452709967,0.01776945293574066,0.019151140485646385,0.009899530862466515,0.0199085726745268
2023-02-20,0.0006737671612009225,0.00046775420369902387,-0.014385216254169175,-0.019200101483919114,-0.030225290413674763,0.053659263215498146,0.05622858935757517,0.06360200044413349
2023-02-21,0.0006733135046551125,0.00011690437235672459,-0.04405931990791309,-0.02259335129902197,-0.007592381530395364,0.016924558231373357,0.043020027215165506,0.055574498806820444
2023-02-22,0.0009832588056389562,0.0015185144840606443,0.038896333453748384,0.02778102013320385,0.027448433746922046,-0.009249221990370647,-0.015679826773928464,-0.02094850324122881
2023-02-25,0.0015505481708960693,0.000933325623371687,0.09276879085601299,0.07332656208193153,0.06904070129435515,0.08440730909644768,0.07702401593759033,0.09397435396463871
2023-02-26,0.0006711582894753129,0.00046633635354001386,0.03178276175787055,0.012003067045934422,0.017016785874690604,0.029934102152446372,0.033191766071382696,0.051621223796542395
2023-02-27,0.0007222824438240891,0.0006990970281815352,-0.06988166977738035,-0.029976078984287963,-0.061903433589976346,-0.02874995920484513,-0.011673817874608201,-0.05093055709120358
2023-02-28,0.0006702240345750533,0.000524002224443865,-0.01634056027912127,-0.03838865453123011,-0.012695105265028497,0.006858526576528152,0.0026700299677229694,-0.008720215601954812
2023-03-01,0.0011846816910033244,0.0009890334459531959,-0.06717707446928646,-0.0699680109369361,-0.05351607639296476,-0.023473025450027395,-0.029763447709000322,-0.02558200597310068
2023-03-04,0.001491731456378153,0.0005232101970939007,0.04332033740693232,0.014463964136956983,0.011205932257075854,-0.013830984732870264,-0.002455829239996555,-0.018059976479243667
2023-03-05,0.0006679855346909591,0.014711662340834123,-0.04863419445601989,0.006881426547369583,-0.011603619300332539,0.009973129823321776,0.002063474123406284,0.014971676641564806
2023-03-06,0.0006675396278590991,0.000572540952317054,-0.04467606534624199,-0.04309233730387562,-0.030523030376971405,-0.007994888520565352,-0.004327179941035094,-0.018572418206352585
2023-03-07,0.001333743913728585,0.002172670951872352,-0.040240317278596845,0.013717341405232014,0.002731294519763297,0.02843991153918889,0.030953550078082828,0.029941747263286217
2023-03-11,0.0019972864038484525,0.0006280510640656978,-0.08995129859071578,-0.031165999531157007,-0.036617098897995644,-0.010671628879413054,-0.0030616495830017663,0.0013828901710043234
2023-03-12,0.0008182469516572562,0.0003994635827935318,0.034705076227495094,-0.025466462950323718,-0.0405094226148069,-0.021662784726247393,-0.029370995948573928,-0.02407112990084786
2023-03-13,0.0008175779709373554,0.0006844236849618499,0.02539050249096589,0.02694819546797894,0.014186464195633864,0.009917569797088327,0.015181637480279772,0.004865848132219429
2023-03-14,0.0007658727493911813,0.0010827137280162928,0.06614846771604795,0.03286645801918162,0.03285539166451306,0.00949761654687186,0.0021370185373036222,0.008374142987716472
2023-03-15,0.001122220072886098,0.0002847299355814751,0.008318759098670286,0.02400607370523175,0.02466084583232374,0.031856459101231034,0.02708100741654961,0.02876819561507394
2023-03-18,0.0016300752425102538,0.0018203543339500173,0.06655537849731936,0.016287522251945026,0.012895397310900827,0.04330221066567035,0.038069211633253414,0.06744372692778204
2023-03-19,0.001932269491674576,0.0020439455250746866,0.02593927432944935,-0.019272672587437603,-0.01239274233907164,0.00944203110137045,0.017477734666432244,0.017391835148034836
2023-03-25,0.0028407668878298984,0.0015302221807675365,0.05816021284431302,0.0120062774924146,0.00628379229932486,0.01493757482797284,0.01603580580149379,-0.003912875066849311
2023-03-26,0.0006583112024046755,0.0006793478522144087,-0.04653923190053191,0.004630284934648704,0.0282842191652324,-0.002189631348221076,0.0005270992864286778,0.001885822994130928
2023-03-27,0.0006578781138569985,0.0005092081922809708,0.0,0.0,0.0,0.0,0.0,0.0
2023-03-28,0.000657445594773588,0.000508949031259256,0.01178116145707997,0.020283940756399874,0.004983582168210897,0.01904709645580036,0.013858327402088857,0.012995905533677321
2023-03-29,0.0018688289905097748,0.0009041591936033591,0.034123880312525494,0.030942664532671624,0.015150151155129936,0.013511692756407682,0.007244845017819443,0.01184380013987192
2023-04-03,0.0021171496969517095,0.002369535664397513,-0.014976454189557249,-0.0004608825983183028,-0.007742872212281976,-0.005295374089105395,-0.0019788444220714793,-0.0014062093936786444
2023-04-04,0.0006544008690406676,0.0009012054231663437,-0.04823721555219898,-0.02196354054280144,-0.02185276232208765,-0.0016281437496852794,0.02499978257350293,0.010140166589420721
2023-04-05,0.0012572608460426234,0.00045029833024769124,0.039947326924038636,-0.0063225902706195896,-0.012259623202243011,0.007028173822592007,0.0015105777901568535,0.0017439845469940877
2023-04-08,0.001305876629575433,0.0016868151314795696,-0.008768743814176763,0.01803438309701134,0.02096962805108312,0.04178785461387027,0.050680387490317155,0.04330878970227359
2023-04-09,0.0007024586340035058,0.0007300705123085105,-0.008032997588628112,-0.0037328710595736295,-0.010541629922547412,0.012826196086574013,0.020746748485917572,0.007732094538092691
2023-04-10,0.000651841475182595,0.0005612302313661904,-0.03312668851679312,-0.0044509590319094785,-0.007991063847931018,-0.017484817916701815,-0.007837938527692042,-0.0079226783503412
2023-04-11,0.0016527687632796498,0.001681803289110605,0.03155109185345673,-0.009435701309057878,0.0018013154469868845,0.00761123950687341,-0.012829050848224745,-0.0018612625334549367
2023-04-15,0.0015001502963360033,0.0011196328774167783,-0.014765316488966592,-0.00255109746496291,-0.0032898472629163725,0.03722558236346621,0.03869366603335044,0.03962897518564171
2023-04-16,0.0006993007277983927,0.0007829978028672316,-0.003798063481583294,0.0030250030481465905,0.008405866140516357,-0.0022348700864049235,0.012647393127163354,0.004393001143782332
2023-04-17,0.0006988120480048394,0.0006147827495577414,0.019106078747291616,0.03451729336782148,0.030896444022540385,0.005396723180595703,0.004306792003976964,-0.00037890869845963454
2023-04-18,0.0006983240507247803,0.00039102868972959817,-0.00254806866314064,0.01701879061413073,0.0415699461482523,0.019162990888298304,0.009304373046971882,0.014232613964559963
2023-04-19,0.0021418084047506603,0.0022872454254699403,0.007971767101461092,0.017231710355894915,0.005149299198169775,-0.004681738174282806,-0.0028425232698717235,-0.0033374172050415173
2023-04-24,0.0014915728912631696,0.0015033828940314653,-0.006289572087797227,-0.03350698525045206,-0.014981397314220565,0.0017400361862071026,-0.006085555016169874,0.001196674841665136
2023-04-25,0.0006953067079229587,0.0006674453776896089,-0.001708097052155838,0.010691031598959922,-0.012310581258886287,0.0168139075052768,0.01770225215613089,0.02215442601289617
2023-04-26,0.0012404179317519585,0.0011669585386977698,0.03378239365646473,-0.01826639063747392,-0.014146326442121925,-0.002262865637694089,-0.0002214724015357748,-0.003206341890873237
2023-04-29,0.0013874438576714156,0.0012210691421167996,0.07824384954982308,0.019566523660273206,0.032785644849684006,0.03431774936937895,0.03392587261127423,0.040724797989966
2023-04-30,0.0006930007207352408,0.0005545389151145097,0.060604188730363946,0.024827630246201687,0.04983411457220831,0.01860553898050548,0.012943428274753156,0.023723166332273123
2023-05-01,0.0006925208033001981,0.0006096378385948422,0.05447093035290521,-0.011974199282660076,-0.00978618183331171,-0.0007414234989962598,0.0002121095938593472,-0.0051050337751853015
2023-05-02,0.0006920415501107148,0.0005538938880948288,-0.04594177008059348,-0.009357121080371004,-0.008141266956147588,0.01746365741988334,0.023183824239910947,0.010690028494493348
2023-05-03,0.0012839507936698014,0.0012174876988105144,-0.02661860278355058,-0.0037222985846973914,-0.0011337410616347474,-0.002886159496581767,0.0061251321889034425,-0.0040684663991098526
2023-05-06,0.0013808751022951892,0.0012712451622196015,0.005544042750374406,0.0038348795023507593,0.018265897937059072,0.01254189798475252,0.021179015043459544,0.008158576662145414
2023-05-07,0.0006897231527739904,0.000552211621520484,-0.07568132003857217,-0.06295622452808912,-0.08053013649619832,-0.05372217410979449,-0.05907267956170621,-0.0559837543888789
2023-05-08,0.0008368819254284682,0.0007174195280253213,0.016994968422071273,-0.021510114675392697,-0.04402852692807549,-0.06757032376978488,-0.08743944235165726,-0.0818468685760513
2023-05-09,0.0007870143052560075,0.000606645544594078,0.019595405584385755,0.02683102520546333,0.033147309780704036,0.03520784366759913,0.04627307316011564,0.042859107434758764
2023-05-10,0.0013757863805279702,0.0011571205522838241,-0.03822240505564513,-0.011333434655463772,-0.006164897211364286,-0.02321296148627495,-0.01511197164626323,-0.012316055511286976
2023-05-13,0.0013738961925603545,0.0012107871594759468,-0.0510322914824116,-0.02028640127338774,-0.021186857564477687,-0.045993891225285084,-0.053255653415281885,-0.05432655227222551
2023-05-14,0.0006862408974762711,0.0005498735429434069,0.009577217915953746,0.02677836925310445,0.03810361418420643,0.05812397416755705,0.05829282678403713,0.04620420243572539
2023-05-15,0.00102847916600615,0.000549571348191347,-0.029638338149563303,-0.014666647914611766,-0.016346768661734134,-0.013246199858650184,-0.00533895179106956,0.00013963023683915367
2023-05-17,0.0017117848309703533,0.0018114455344404878,-0.03339847362177993,0.00230778676456236,0.012241761276862549,0.018581603334513478,0.012662433282095443,0.0077056604732476585
2023-05-20,0.0014161195813351792,0.0012605849686621086,0.011959331313784577,0.0018787315001493933,-0.018485460934244132,-0.011947590871780435,-0.0045519695239429675,-0.011319796883453609
2023-05-21,0.0006829268558108448,0.0005475851631735301,0.04923659233133297,0.005314022166948621,0.004840067529395658,0.00720317593261899,0.006931708041763191,0.005450035905526784
2023-05-22,0.0006824607849944802,0.0007114127314572073,0.02174828652809232,0.0023460774137969895,0.002192310256760368,0.007520935924700505,0.006515635730545667,0.01058715151690249
2023-05-23,0.0006819953498946672,0.0006015695677847589,-0.021125985737601435,-0.001082121062671543,-0.008798226735214508,0.00731388636946408,0.004270731939588414,0.0012891701064788688
2023-05-24,0.0012653301279426606,0.0012566590917516074,-0.009262392550679954,-0.0064568911533925705,-0.005805081332072234,0.00624001279686046,0.0016155907584674489,0.008757787272017958
2023-05-27,0.0014580095895450776,0.0011460068377489696,-0.03432557973631986,-0.009794755112136738,-0.015180642153060102,-0.02044045841772805,-0.012030380159939742,-0.01884420491062316
2023-05-28,0.0006796776647710082,0.0006542718732932436,-0.027284539641752377,-0.02839972610981655,-0.025222939995339155,-0.0331336973935744,-0.03475209085429073,-0.030833512137471913
2023-05-29,0.0006792160167971034,0.0005993734003166895,0.0264133971548729,0.013866555727289483,0.011913938387391462,0.007012988451865961,0.004219664706676144,0.004803990194809637
2023-05-30,0.0007272198706063406,0.0006534524301349508,-0.012329030866194232,-0.00024815435328037636,-0.0043075861676195966,0.009679968957418607,0.008612487411147004,0.00737675613973335
2023-05-31,0.0012108591313076394,0.0011968882338461726,-0.026488522025424545,-0.018283647510341214,-0.016717609002488223,-0.014878682865912318,-0.012370682302944174,-0.011285607916913788
2023-06-03,0.0019826404618317234,0.001846923225859965,0.0019993522276745114,-0.01073673793646479,-0.003695997096114993,0.005295978892053869,0.007120649952003961,0.0021109240263914313
2023-06-06,0.0014964642796519078,0.0011932528399630057,0.0011195113086640705,0.002296798253531127,0.010769083819917348,0.006123571690655876,0.009718492890266052,0.0037006681782069
2023-06-07,0.0012051969545178484,0.0012459710704795619,-0.03337594873637722,0.0037528269722922345,-0.006326190974394935,-0.003239852236823476,-0.0026481883134277288,-0.0037145109278017155
2023-06-10,0.0015886391594837957,0.001244420558264161,-0.01093121485129931,-0.004007766425553263,-0.030031148964016367,-0.04114127193011151,-0.04026977938808668,-0.03924290809505506
2023-06-11,0.0006732064112686144,0.0006486486713916771,-0.02709488417512799,0.00546692608175411,-0.00801433343830885,0.0027789870707005146,-0.00047366559054509493,-0.0034467873754943164
2023-06-12,0.0006727535092758123,0.000648228199016905,-0.01549536387584498,-0.04188178839573698,-0.03582561052639149,-0.031721942605579305,-0.011348040557336875,-0.023408052880680475
2023-06-13,0.000720305440637297,0.0005938402744220722,0.04871523910321607,0.014569098751208825,0.029113849520186856,0.010372108444021429,0.0039030831838398772,-0.003523456085411198
2023-06-14,0.001295243758831691,0.001402222212283329,-0.006068627620822524,0.008369335516996297,0.008842306069337218,0.016111453072160862,0.019055996844726072,0.019238075664917968
2023-06-17,0.0013893216118372866,0.001292616111472555,0.0029405785563307624,0.008171714874475459,-0.003148998556921572,0.0009268743580568608,-0.006652159194395578,-0.004598805024702258
2023-06-18,0.0006700167754842812,0.000645682024046464,-0.022562582458979446,0.003773710065411763,-0.003645824712598351,-0.006271179857916104,-0.014472606552230649,-0.01344528787415551
2023-06-19,0.0006695681535722229,0.0006452653877705244,-0.023951412156534783,0.025028887292605564,0.00940339438303591,0.0002506638688992149,0.012035623037396971,0.006275202592064163
2023-06-20,0.0006691201320241941,0.000644849288829591,0.012360011957895043,0.017344507881755494,0.020816181782076507,0.004353082748021193,-0.004496183049321641,-0.0011127720592162347
2023-06-21,0.0013846119331143716,0.0013421019327648337,-0.00701695841061055,0.0017729959096889725,0.0020296908150414647,0.006707339849562625,0.006619691404494502,0.010321003261654521
2023-06-24,0.001382697433442633,0.001286725461683812,0.016968872522800785,0.0009158348474183012,-0.007715831988365862,-0.00510997632796654,-0.004092817069635098,0.0008899285483591957
2023-06-25,0.0006668254593362531,0.0006427423895618325,0.0015245220844261732,0.007841747123130129,0.03400925670339286,0.011395517160366823,0.009106118951795151,0.019771555598043264
2023-06-26,0.0006663810994371384,0.0006958383794748151,-0.008529728785742183,0.0013917044572219622,0.0018813817640758867,0.0016766655212294753,-0.002347152317388053,-0.00034557091637777316
2023-06-27,0.0007610350443413563,0.0006418828784173163,0.0016799424660584661,-0.001876229934571049,-0.018834865773845567,-0.006553406541715849,-0.008100627839755986,-0.01172214818670832
2023-06-28,0.0016627477167531295,0.0012825310367002483,-0.0032030173403738748,0.005437422773177888,-0.010000318087746827,-0.00713404335269783,-0.011596862059467274,-0.01718350632313214
2023-07-01,0.0011385740591443112,0.0013342230131366622,0.018054277733114465,-0.009869596629585657,-0.011961978680421877,-0.0032852284140377492,-0.0007189035010336551,-0.005424801263270704
2023-07-02,0.0006635700309846122,0.0006397952873393857,0.01956722272774089,0.006126986924759954,0.005524086622378922,0.010898739721168922,0.020886609200076057,0.012385820194196416
2023-07-03,0.000663129997775184,0.0006393862110407924,0.0036004895364823864,0.014350722128463621,0.01676516780768548,0.020773747496452655,0.01923113232821985,0.013052304210707298
2023-07-04,0.0006626905477777291,0.0006922073703617635,-0.014254288881806083,0.03387770496235354,0.025133323588460904,0.013329318319013536,0.014487526509238301,0.009233136601317025
2023-07-05,0.0016548075925848606,0.001276663825721651,-0.004858469722466458,0.017537794906413932,0.009879085194952092,-0.0024464249152998645,-0.006303162919743599,-0.0034108993175657287
2023-07-08,0.0009915717222950275,0.0013281272704246912,-0.00028402232606397604,0.007109836969431349,0.006069207381780217,-0.002114577872516692,0.002131386018975366,-0.0034297709666266524
2023-07-09,0.0006605020055187413,0.0006368750878681023,-0.00878762841237071,0.009123282713318456,0.016535914854969788,-0.007451560007705522,-0.0001521510143549436,-0.0074508240986266225
2023-07-10,0.0006600660305657443,0.0006894905998574597,-0.01139855702953292,-0.008224052618441063,0.0007932311362515939,-0.014519173068880563,-0.013934231087767406,-0.009510627773134469
2023-07-11,0.0006596306307780413,0.0006890155301076468,-0.01515777915062789,0.004036558712945603,-0.015358966694550264,-0.014219274535717698,-0.01366091088003051,-0.01063974229785622
2023-07-12,0.0016941977792328663,0.001323697013759115,-8.828852696324022e-05,-0.014540382415040503,-0.02326107231166975,-0.023522529060479132,-0.02340649865395148,-0.026341676119654975
2023-07-15,0.0009869581343978577,0.0008991141687290087,0.01064127899429858,0.004757329015415661,0.005888949022244763,0.0014491832965888493,-0.0036870113767126333,-0.0030153006761451805
2023-07-16,0.0006574313455858542,0.0006870128424530166,-0.022453663778781403,-0.001809648178073261,-0.008043183841824451,-0.027450252521615152,-0.026196878716385433,-0.024004994748205177
2023-07-17,0.0006569994135618612,0.0006865411798271266,0.0043533562055650486,0.0007355645789539107,0.009453204316049511,-0.01610930227482219,-0.005704485728419331,-0.02449705514745828
2023-07-18,0.0006565680487234023,0.0006333122440935348,0.0077680043267798985,0.01515605772479045,0.0217605133519268,0.03369236882486452,0.02197529963350049,0.03519667829406463
2023-07-19,0.001686341040436412,0.001318113706779456,-0.008613419483366323,0.03007250319778034,0.016190220639545356,0.0018304583664044546,-0.003493280111771783,-0.0005844332387030229
2023-07-22,0.0009823872799055177,0.0013163785698922697,-0.006535241236634496,0.00587523587343612,0.01200536385182877,-0.021591301007831826,-0.028899147915665533,-0.028501709415134708
2023-07-23,0.0006543891044028037,0.000683832645464061,-0.016747631610693158,-0.00999225143946045,-0.0017310026825299136,0.013732018293988945,0.004846781109920549,0.008971624985405447
2023-07-24,0.0006539611593302709,0.0006308153497307113,0.008905747766532426,-0.017191772992331628,-0.012026288737222652,0.0040017803212874575,0.018993671509193892,0.01664669210144826
2023-07-25,0.0006535337736107086,0.0006829345436298731,0.018523190782466063,0.011694113335395138,0.002757897867292496,-0.0062679418485829365,-0.008956060529096392,0.0033262541497592626
2023-07-26,0.0016785568355787415,0.0013120262188080086,0.01734435416475489,0.012314023620107008,0.018408749410069935,-0.006690782690518013,0.0037070833895136313,-0.0006695181522128853
2023-07-29,0.0009778585678267518,0.001310307061342439,-0.002035239406955581,0.016840364834373234,0.0192133768898039,0.0011902142975325912,-0.002304893167562883,0.0020226356734244794
2023-07-30,0.0007443938186856325,0.000680681755213256,-0.0005094577296673403,0.019009184028120137,0.002816844056318776,-0.016818165568239313,-0.019307233706940534,-0.014756083582808216
2023-07-31,0.0006508903479599034,0.0006802187427076591,0.010269871179043695,-0.0146714709211435,-0.0056838668482477326,0.004604398424880884,0.0037739304504813553,0.006638286421017557
2023-08-01,0.0010219724956929677,0.0018290616789532618,0.04213079871829131,-0.010986496941567614,0.0034562731983048224,0.013703613264667016,0.01907084328222567,0.014457636761229038
2023-08-05,0.0019481429232993284,0.0014608444190267768,-0.01957468345226672,0.010088759707034428,0.008505340893018869,0.026373196457855817,0.019277532988026525,0.020552712092027425
2023-08-06,0.0006022282627059191,0.0006775244558849723,-0.008560666380577349,0.015517191198136888,0.0011258210299932134,-0.008226570171675943,-0.012403008248756845,-0.008433906043632231
2023-08-07,0.0006944283976198156,0.000625000020345139,-0.0018633236549921006,-0.006837722702840346,-0.02046128723886852,0.00780654028790354,0.006423059184557637,0.005290817868412188
2023-08-08,0.0006939465014433998,0.000676642836486685,-0.010404312786560605,-0.004935429528924497,-0.003109892382240735,-0.010518444321457907,0.012643582445109785,-0.011208728794708467
2023-08-09,0.001617338214429721,0.001299950784939616,0.007624216472749437,0.007655238726854943,0.019562488767727638,0.0007206918953833412,-0.008114903718589082,0.006914279937653776
2023-08-12,0.001061399762765976,0.0013501585890677737,-0.03898317640819927,-0.01834430229479953,-0.012462269742542696,-0.035599181962779065,-0.03138727815404856,-0.025067206550852768
2023-08-13,0.0006916107890312733,0.0006743963111930677,0.019987145089719063,-0.0020769545477116254,0.0034679671043810934,0.0023695319250082595,0.004651674580244504,0.00061767083210715
2023-08-14,0.0006911327941152009,0.0006221162521141319,-0.0009753612885189873,0.02323786625727187,0.0018559141483688148,0.010184468960165224,0.003639184004758983,0.004186986772618703
2023-08-15,0.0007366822010038632,0.0007253134708195429,-0.004861855764416396,-0.0150086780377013,-0.00888894741724604,-0.014904217264952738,-0.01530781233166465,-0.010996977897759675
2023-08-16,0.001655553378825952,0.0013456165988588063,-0.001318082819965537,0.015008678037701409,-0.009011570945893657,-0.001914146958387026,-0.0036963497032946897,-0.006244253571166287
2023-08-19,0.0009644752395283085,0.0012921567891705297,-0.013188171496681781,-0.027886676360819977,-0.014781149050254686,-0.015878080805314155,-0.01202080878458832,-0.009277609448921252
2023-08-20,0.0006883418118196421,0.0006712622563779264,0.002536058605912949,0.01641427519858305,-0.006508704860100305,-0.0010161569820626745,-0.005636881271274474,-0.002290545153818127
2023-08-21,0.0006878683232730829,0.000516049139329301,-0.003189653400422007,-0.005441543395185052,-0.0008768853595908269,0.0025384589962458163,0.007934345811010891,0.004971164599196539
2023-08-22,0.0007332050553012704,0.0006704659989677837,0.008404654250216843,-0.004353372770455423,-0.00505706757034434,-0.02150014270930358,-0.012655510428021812,-0.012786755255284932
2023-08-23,0.0016934805063331477,0.0012880956002085035,0.005949906267892272,0.004671169383299572,0.009739482094462869,0.01941061370022615,0.023892481530674532,0.01625875172759079
2023-08-26,0.0009598903719543181,0.0013378616794308225,-0.007645859246709403,0.006650504824575533,0.0005674006655509515,0.03626541234105692,0.030695753110420717,0.030006217361381024
2023-08-27,0.0006850723019184533,0.0006682602351137652,0.004300638467926657,-0.0014740723911595656,-0.0031465806925011696,0.027444442729299447,0.025183218952411893,0.026212498928143365
2023-08-28,0.0006846032991421331,0.0006678139615821814,-0.004108777787708484,-0.002004008686715143,0.00602227436523307,0.0012308377999631517,0.00996133450717711,0.016222886862674472
2023-08-29,0.0007297272968167818,0.0006673682837082501,-0.0009153588993408628,-0.005930022142637344,0.0023901104309963757,-0.002566620266074881,-0.0016536356472189608,-0.005429186140058625
2023-08-30,0.0015944244090252717,0.0012821500846121694,0.004671356333256079,0.0036045626093961056,0.017170204728425592,0.0006601631558532687,0.011750536724440024,0.0047353456564384055
2023-09-02,0.0009554358196275114,0.0013316945217367337,0.0007348186798222543,0.0006876306107872975,0.014948721063296234,0.001120483911934341,-0.002027373223903959,0.0005546223762487116
2023-09-03,0.0007273388810510324,0.0006651828218764506,0.017966298709723265,0.002903985778497672,0.0028541467434010283,0.002173810417607912,0.0035052348811238656,0.003279902763201271
2023-09-04,0.000726810243678383,0.0006647406478001065,-0.007095514723952594,0.011167442453106776,-0.005084365008794391,0.015561854472663223,0.01175083472532373,0.018140184355385086
2023-09-05,0.0019960086467148783,0.0019915747678132126,-0.006560937980701592,-0.005856532112712871,0.002524403898648286,0.013685362180883502,0.012297445176662704,0.007609670827349008
2023-09-09,0.0009512378132173717,0.001325516380668795,0.005630448388842647,0.008668008947710887,0.0008820379848157107,-0.02062249411221462,-0.013681860871263385,-0.02298554533218569
2023-09-10,0.0006789020152587196,0.0006620998994070704,-0.005659704408270642,-0.006572450762574577,-0.0024800870233332617,-0.0018559592612615,-0.01652845566296725,0.00045390939340148804
2023-09-11,0.0006784414199937801,0.0006616618131711227,-0.0007609570865477836,5.233273151893801e-05,0.006293286975789142,0.0029474781119515686,0.002812965544948095,0.004469816857611398
2023-09-12,0.0007231638733237347,0.000610376417729321,-0.006638979777576769,-0.0010995629036739528,8.364351140345826e-05,0.008051321535487967,0.01263758399638819,0.005615779373580323
2023-09-13,0.002256522304188902,0.0020319015423184276,0.00788255176874249,0.0009425564922563232,0.0015878988752875637,0.004249589788490164,0.00046161815343262436,-0.0014112156705471776
2023-09-17,0.0010813247280255542,0.0013185254712090775,-0.0033978766691208366,0.0022480730942133326,0.0020438389562749816,0.006067205948553855,0.0046871020084572525,0.00408154032321026
2023-09-18,0.0006752346696945397,0.0006586113671210077,-0.009567052886071455,0.014516300318945794,0.019231361927887592,-0.004796616813147517,0.002143598275783671,-0.001961861855150381
2023-09-19,0.0006747790354781067,0.0006581778836693971,2.9623485501406423e-05,-0.00935963602865281,0.003916294321333883,-0.005014253751111683,-0.005445431718806645,-0.0038702354451942596
2023-09-20,0.0016625107736134572,0.001315057596832769,-0.006776966505195822,-0.012389400222833458,8.142659397048094e-05,-0.005681035365636276,0.007660813517914949,-0.005282246962198587
2023-09-23,0.0014356216014368046,0.0013638087730745284,-0.006132786146587308,-0.004005697655731433,0.010448823397084157,-0.0005636184452429016,-0.010047513145825146,-0.0012557942729839683
2023-09-25,0.0009857956616758172,0.0013115417537819668,-0.006215920980984787,-0.0012154201300704302,0.006945727010116367,-0.013004084423206573,-0.011006163876898727,-0.008252692776101998
2023-09-26,0.0007163324088546098,0.0006551263872278235,-0.00282723097193522,0.0004757751259360665,-0.007268086685712871,-0.0014209678465909527,0.0013241064645491132,-0.002941895442015084
2023-09-27,0.001654555995116556,0.0013592772752625327,-0.004552428991563817,-0.002381142485482772,0.0008862391814347461,0.0004130032542999109,-0.0054627334183264655,0.0014242624619006424
2023-09-30,0.0009824938268000701,0.0013071897286214247,-0.00975095606204322,0.0007414076492770112,-0.0055721697918190306,-0.005087043812995343,-0.001409785798823912,-0.003877962109119132
2023-10-01,0.0007139351514705027,0.000652954642852817,0.005666518470354688,0.00880180663282068,0.004605324452030177,-0.011196258102171999,-0.010319787322022229,-0.01463286676100333
2023-10-02,0.001203610977801301,0.0007027054447670571,0.0014497511256793198,0.00512929000637347,0.0013291714775315185,0.004260517786635692,0.004267125891118951,0.004772316232703467
2023-10-04,0.001824939860631888,0.001954936836551199,-0.00371250684215378,0.016619160167842165,0.017832326523760017,0.004218434209543083,0.0008666645831407893,0.005132700703354745
2023-10-07,0.0009778647770054875,0.0013511824900694668,0.026299219007667907,0.021335768180648976,0.02387158458057902,-0.012263374092584744,-0.008305725932686525,-0.0011619629083710684
2023-10-08,0.0006661781606707864,0.0006499187830317313,0.07216046468273432,-0.005341946886629192,0.0012732220019679964,-0.032533302133190646,-0.03516560247931865,-0.03262005906669987
2023-10-09,0.0006657346627611453,0.0006994404761567696,0.01969573350322102,0.010955433960843504,0.012796128934298129,0.013740122153603332,-0.0003293935839661004,0.0019302610057578828
2023-10-10,0.0006652917549627779,0.0006490426848578479,-0.04490933679240822,-0.014194631043516159,-0.0016382516284291762,0.007287654810804877,0.0127585821122452,0.009550332035074745
2023-10-11,0.0016834275007356206,0.0013466672026934015,-0.0022073335127796717,-0.008399774487579417,-0.008885542949835797,0.006705925260304499,-0.0012205117202171306,0.00944997426641866
2023-10-14,0.0009733222022218624,0.0012950788819485342,0.014900621667495374,-0.020504269023346636,-0.011063514650356931,-0.01653947784147383,-0.010550214961941933,-0.01742515763660666
2023-10-15,0.0006630860265500845,0.0006966560791309837,-0.010618569131667734,-0.011018527972872586,-0.024412583341042467,0.002017413269909761,-0.0045329810190160615,0.004517949861406982
2023-10-16,0.0006626466348100292,0.0006464606505750361,-0.018178542259849183,-0.00996826918014526,-0.012796772898713477,0.01645766972699735,0.016141058848071963,0.012724487825552517
2023-10-17,0.0006622078250071035,0.0005963622083116055,0.008234883350808343,0.007749919355829816,0.00836253013917503,0.002726256496026392,0.006480967593284562,0.001533311038459336
2023-10-18,0.001675633163912099,0.0013405160510989896,0.02099755099401756,-0.007110669387331975,0.001999840679306055,-0.012212274222902475,-0.015543396910075202,-0.012598556187102823
2023-10-21,0.0009688216364626774,0.0013387214732079949,-0.011110676389810052,-0.0010656437496089574,-0.0024002891869799375,0.00929100041847192,0.005398509770994888,0.008626619945617824
2023-10-22,0.0006600224647233626,0.0006439309730391319,0.005549592361779803,-0.008458747367591198,0.004396138484343862,0.006294449362248131,0.008204558505559708,0.005665099564215793
2023-10-23,0.000659587122389433,0.0006930007207352408,0.00011293692484766977,-0.013859035163552275,-0.010583382007249656,-0.011435471859531343,-0.0107373832751106,-0.009013157074975207
2023-10-24,0.0006591523539692299,0.0006430709330960117,0.0004092894650986915,-0.021322534495842503,-0.014410348610700919,-0.010750010108871675,-0.003358234967784902,-0.0028440841836965933
2023-10-25,0.0016679106706505634,0.0013342889479250487,0.006399774292068639,0.006439100793740773,0.0011441648845455675,0.0022680141514188363,-0.004522756430179414,-0.0044664791530369076
2023-10-28,0.0009643624996707674,0.0013818291691944974,0.04133557468985663,0.052805457635445904,0.014514749045332835,-0.033490021497597326,-0.032845569122051506,-0.027374408159219182
2023-10-29,0.0007007708766106639,0.0006901991991603918,-0.024237339161228767,0.036030182553930916,0.004978730271421825,0.016390901001483753,0.007299108332381388,0.00930111830902389
2023-10-30,0.0006565269958982553,0.0005912203946169133,-0.009193939204647835,-0.0066543308049138205,0.00012014657897074961,0.016266738310479454,0.015438835807106793,0.011949843072274636
2023-10-31,0.0006998206995144006,0.0007385342892490471,0.008201082177225857,0.02068065230587688,0.003477986275912023,-0.001922895002485035,-0.002835133321889691,-0.0003496606158258081
2023-11-01,0.0016601139679888208,0.0012788354504653153,0.0025903894555384297,0.06437938012425598,0.0343617113033316,-0.010997427957306172,-0.009648289160038574,-0.004720882321245719
2023-11-04,0.0009598604576400724,0.0013753809025397307,-0.01201631380911021,0.05955843992730953,0.026934068802578478,0.03049954710085205,0.03267829200315477,0.021287846549798147
2023-11-05,0.0006975020989877858,0.0006379272488584864,0.0030315274012948415,-0.020046107583419,-0.013566575576934567,-0.003505842598163239,0.003421011768019297,0.001964003937261083
2023-11-06,0.0006970159288946569,0.0006375205571097272,-0.005471760364501887,0.010117828176275358,-0.005417379340931011,0.009659956674577577,0.013329095108938323,0.014224268907984733
2023-11-07,0.0006530114944397477,0.0007350959631205362,-0.007230061339949901,0.0058625145700670735,-0.002834816486226807,0.015062992812988148,0.02127738915869251,0.02117332193238409
2023-11-08,0.0016958369103838163,0.0012728876681938328,0.0024438900896467703,0.010484215675599155,0.0012268528932170037,-0.0021516397676130845,-0.001100272240362618,-0.0013481217287397863
2023-11-11,0.0009553587664279794,0.0013689925376713838,-0.0014178525422382726,0.013233694786299962,0.012564892689350578,-0.0044928500770925915,-0.0011811357148059913,-0.0004457396808758544
2023-11-12,0.000737607149181437,0.0006349671739948759,-0.0025459443938986256,-0.02562389716509637,-0.005235216812824341,-0.0037034264989420445,-0.005288486802219332,-0.005734782742038279
2023-11-13,0.0006937218453723083,0.0006833602062191767,0.0011260786911263183,-0.0032440868357557634,-0.0007990715974734505,0.001665439324194131,0.003949911599912891,0.0010132675576421607
2023-11-14,0.0006932409289764863,0.0006828935439279237,-0.005515796033362983,0.011682582645074371,0.011957157747958939,-0.010317369946871652,-0.005296460944580749,-0.008684969685603753
2023-11-15,0.0016877641137198365,0.0012669949553189134,0.003516133338081059,0.0018021586820759347,-0.008574988797770699,-0.006503850615129699,-0.003175830759011039,-0.0028256352190687995
2023-11-18,0.0009508169097341229,0.0014112954626084413,-0.003799090811460978,-0.022471857772862022,-0.013828625898856183,-0.005008003680668043,0.0006363230533055896,0.0
2023-11-19,0.0007341034551853653,0.0005834022237522077,-0.0020963774356569974,-0.002338235698180265,-0.0008851090608820359,0.0011114290360787439,0.00023851679363041034,0.0
2023-11-20,0.0006904289563988554,0.0006802060314737924,-0.008401137281399072,-0.01588199278073479,-0.0005776673951870835,-0.0075426886419741514,-0.005896568960216005,0.0
2023-11-21,0.0006899525931312432,0.0006797436657148032,0.0059450579633367135,-0.006193958918465015,0.0012704280740876489,0.005367708226109037,0.0009591349549457177,-0.007415497694752155
2023-11-22,0.0016797678117911861,0.0013096308228384497,0.0019171104375591765,0.002987065937388576,0.0008844963754675635,0.004573415241578662,0.003506353977680195,0.0016609034668793809
2023-11-25,0.0009893112190426548,0.0013563265012813614,0.00561652191956843,0.022414731524104736,0.017149810567684037,-0.001704418443565808,0.0016686665687313449,-0.0007433470781855819
2023-11-26,0.0006876397039052105,0.0006774740157496474,-0.0015530584247742873,0.026827638137827032,0.011533459928444812,0.0010931191690921331,0.00023840327555010586,0.0013623811572075655
2023-11-27,0.0007300994547938208,0.0006770153554205236,0.0009885889405286973,0.004141153669889162,-0.00419225048783315,0.0012140818674215676,0.0014283554050566593,0.0005691731058518045
2023-11-28,0.000686665835315175,0.000628246970041646,-0.000833174513518598,-0.0014801273870184693,0.007027015534233051,0.0017167525869037233,0.004587974075690655,0.009847202979780322
2023-11-29,0.0016717752570120244,0.001351808249114008,0.00519950162847261,-0.007916589555735742,-0.0033204649307869796,0.024317405299809164,0.01581811444809775,0.013407668638726096
2023-12-02,0.000984610195343391,0.0013018010083192058,0.016959360789748825,0.00852631911602206,-0.007351595317121714,0.019563023232966645,0.02045426981450828,0.020289718904617286
2023-12-03,0.0006843748930446475,0.0007224911809114233,0.0015326096710033936,-0.009536797421803418,-0.0016955223443598988,0.010456306497808753,0.020492104430371822,0.010508307709261377
2023-12-04,0.0006839068443529829,0.0005776173445796715,0.0025078555832594353,0.0025900495174498344,0.0016202268093496066,0.005987536215174163,0.005651264043114201,0.005912268200401943
2023-12-05,0.0006834394354270901,0.0007215528128917413,-0.010236211824437472,0.002714537568812822,-0.00041422681392876994,-0.00013777056630185318,-0.003045310810411756,-0.0004427923958666024
2023-12-06,0.0016639293896004523,0.0012974845040869118,-0.0033843336411867307,0.0007430232645869861,0.0012421660453272236,-0.001463069258857949,-0.002233726583372066,-0.0044153276342528535
2023-12-09,0.0009799953914974766,0.001343763699827352,-0.006311729803459934,-0.003589096512642441,0.0015035901039711758,-0.007579320598824378,0.00044747240309111536,-0.004387875873359645
2023-12-10,0.0006811699356574482,0.000623277018858742,0.0019355387680238148,-0.013597242864532509,0.0012387621471860518,0.004308408047209371,-0.0020135624907223373,0.00506662746464277
2023-12-11,0.00068070625900076,0.0006707872418642771,-0.004029574344788466,0.012983180824972969,0.0016867519039393665,-0.0005000250116682938,0.003948663557720032,-0.0013579641992224152
2023-12-12,0.0006802432131700998,0.0007182016540070832,-0.0004925241964119947,-0.02357332872741509,-0.002212099959100427,-0.0023264782082627698,0.0009661481115926621,-0.0006093416954810068
2023-12-13,0.0016561568216352475,0.001339264561397303,0.00097074410228663,0.016705290812085483,0.0036716537445259986,-0.001543698544421837,-0.005736985268167479,-0.0008208544382484619
2023-12-16,0.0013992242949406018,0.0012897372157298919,0.0027523468478871617,-0.003451789062552304,-0.007620586084285988,0.011558247579993842,0.009074530330260254,0.0064314919355537535
2023-12-18,0.0009740604264065126,0.0013357506041028334,-0.0030336249775543347,-0.005824180073573127,-0.0010179652885769542,0.0194860705207861,0.02414237404874264,0.02356844677815199
2023-12-19,0.000677048096275821,0.0006672068111976595,-0.0007035416575775328,0.0008913848252564071,0.0010933289181249033,0.00147411533022545,-0.004709396606957554,0.0012515219000126345
2023-12-20,0.001690617477907452,0.0014282316162633648,0.0006754094926649267,-0.000713044283520204,-0.0037751564334260013,-0.0002467815584440414,-0.0010898791744544398,-0.006502196003215131
2023-12-23,0.0009708123929010603,0.001283666708229695,0.008990020358885867,0.0005348308724893051,0.0028327025910248006,-0.0016992103136680323,0.0010172042624809262,0.003313417790974296
2023-12-24,0.0006747923161033797,0.0006649568023113454,-0.001227507477328483,0.001825183581450932,-0.0007546031145881565,-0.00833563852710973,-0.0048780799331364835,-0.004183580428889269
2023-12-25,0.0006743372784720112,0.0006645149285730862,-0.0033414220236074343,-0.002627537194968756,-0.0004152745590758627,-0.0013758799863257641,-0.00021912284330938915,0.0002290635890536028
2023-12-26,0.0006738828541249497,0.0006640736417081148,0.004847698459030239,-0.0017406444777839894,-0.0023817186088146646,-0.005918164741517123,-0.006150169032756039,-0.010360162652619579
2023-12-27,0.0016827230423003899,0.0013268257644769136,0.0023803072228862467,0.004857298826059855,0.002306195612026253,0.0026371503676636977,-0.0006617152724804813,-0.0018994677937111853
2023-12-30,0.000966285129276501,0.0013250676303476405,0.011116295149918293,0.004258534581949558,0.014247925777769845,0.0068000973056372895,0.007323096269901637,0.004972660669378459
2023-12-31,0.0007975318910777101,0.0006618759696998637,-0.0011143442000027353,0.0632484591408855,0.04402596988981582,-0.002921627770414729,-0.005047308520575082,-0.002402292571731778
2024-01-01,0.0006711128140817922,0.0007086670270362435,0.0011418431687930948,0.028671688776935968,0.01551843652349672,-0.003036351444784077,-0.0025700240345013325,-0.00447345073662827
2024-01-02,0.000754463947263878,0.000613772120965394,0.011890909042730009,-0.03865235334039494,-0.022776633823794436,-0.0038217720101678034,-0.005307047580697415,-0.004633572525617183
2024-01-03,0.0016745514023139788,0.0013678279612985647,0.00713471607524213,-0.025590106752609695,-0.007528176031026836,-0.0014474207969288892,-0.004221444873094596,-0.0003267897603835078
2024-01-06,0.0009615988365611591,0.0013188885567007149,-0.0046514227408748585,0.01978152067608755,0.006091755343782983,0.001919284056669609,0.0019276391336807046,-0.0018226433366792243
2024-01-07,0.00075191114282366,0.0007528703536491016,0.01073046881725708,0.02398296501029034,-0.0026267984374307805,0.0025760969301509354,0.0020718970063946297,-0.001685393657380892
2024-01-08,0.0007513461972192045,0.00061129007616756,0.001139066758557176,-0.0006596306307779166,-0.002850495354118147,0.0009557982021306386,0.009491444186235804,-0.0022516193019587773
2024-01-09,0.000750782099917102,0.000704870685418648,0.0049565568639292415,-0.010613698308794106,-0.013423020332140661,0.0009245857075055131,-0.00043977039217656393,0.004965579135391448
2024-01-10,0.0014582424516054549,0.0013613427756693469,0.0405852801150783,0.007019321491810435,0.00900496432991983,0.010406830796309907,0.010204076117382301,0.014220832836214257
2024-01-13,0.0009571170702151721,0.0013594920407157618,0.04135011057067689,0.03880514477794472,0.01855434192406052,0.00976527277442993,-0.00021692683350350609,0.004114711856831884
2024-01-14,0.0007899715605300626,0.0006556456002207888,0.0019013628068532957,0.018656742455234118,0.012673633242933843,0.008596814560820808,0.003908624477175518,0.011971548419119538
2024-01-15,0.0007893479980278268,0.0007020007308297848,-0.041921481877577826,-0.011753048950880963,-0.012388661916244955,-0.007261423537992828,-0.0020972946869765,-0.009222531751591911
2024-01-16,0.0008302200559890558,0.0007015082714903033,0.024665182229199195,-0.0045971626161904755,-0.0011760304985079521,-0.003966873678681269,-0.004790055566881409,-0.005896744058901454
2024-01-17,0.0014512286158469066,0.001354855494690936,-0.002709335123831906,0.0021426879081025045,0.00281304154023694,0.0024532957075756594,-0.0002912391445992662,0.0013568055065873775
2024-01-20,0.0009525190706304316,0.0013530223446529372,0.0038184178766369975,0.015730396324862818,0.003478634772965827,-0.01195132168466813,-0.005252838972735289,-0.013511843159541508
2024-01-21,0.000786179827397417,0.0006991214658695947,0.027019538902444126,0.013679467735949843,0.013934565173256535,-0.00824714271745927,-0.009333886552360502,-0.007364578262208243
2024-01-22,0.0009095419843168712,0.000698633036497061,0.006958398658159109,0.004837790199429798,0.013329365319397412,-0.0024578424334652828,0.0,-0.0003051034441683229
2024-01-23,0.0007848483373736478,0.0006981452891140629,0.038750170241831236,0.009530053448726457,0.013868423004887293,-0.016209845560998734,-0.014503551273776335,-0.009623169691461066
2024-01-24,0.0014853939024254414,0.0013483670530617712,0.0020477467487772607,0.0375660737623624,0.023725028247503763,0.007674422292950645,0.005827342327692494,0.006684722132312036
2024-01-27,0.0009890382410118086,0.0013465514072343863,0.006772736931162539,0.03504217812127742,0.02168142219371904,0.0010565726687490078,0.002974485185486787,-0.0010363915660910516
2024-01-28,0.0007822954593505998,0.00069578127444575,-0.019204502855155924,0.00390866212363788,0.008896999757457516,0.0007878744245119233,0.008724221274085788,-0.00032998633213218785
2024-01-29,0.0007816839515136386,0.0006489593701080348,0.02578343631600771,0.01976541483992588,0.03562540613386779,-0.005628158642533825,-0.00842701387829272,-0.0034951033335896575
2024-01-30,0.0007810733989416575,0.0006948465826757982,-0.005122118579994004,0.01338259041509925,-0.0006840370890438564,-0.00819192573592065,-0.000965430005764269,-0.00381602956529424
2024-01-31,0.0014782575680917548,0.0013420025614820303,-0.024941669278709146,-0.02443510656453987,-0.028936309333315566,0.0029030293156350317,-0.00715947124306412,-0.0026156238904680444
2024-02-03,0.0009842924142911863,0.0013402040040061667,-0.04087537017543565,0.009673300704271973,0.021067416271404623,0.0037575320141957115,0.0026901964663631982,0.005555965570681235
2024-02-04,0.0007785449798072842,0.000738654758666701,-0.015135450737104329,0.008589052011918532,0.0012218620816166431,-0.007040513801572625,-0.0056137979802405435,-0.004461326811115523
2024-02-05,0.0007779393190253764,0.000599755502280667,-0.010495373465519674,-0.032932370840531876,-0.02816550943863082,0.0019060612300903414,-0.003157381725523524,-0.004051386585825558
2024-02-06,0.0007773345998456065,0.0007376671611588954,0.025569610081731496,0.013135901160861971,0.013721409569157992,-0.005869263085379336,7.535086804044997e-05,-0.004691473011997048
2024-02-07,0.0014711894766323366,0.001381660976026736,0.024382602579762016,0.008097210232619303,0.005290933818579015,-0.0010517173174489443,0.002256237656875621,0.00287494208559912
2024-02-10,0.001591349922688205,0.0013337934597798895,-0.006797731501199788,0.014329895903719119,0.016111180986922626,0.0012852821405345033,-0.0019557187006021244,0.0041063897649538505
2024-02-12,0.0009780350427118713,0.0013320168241884164,0.018143736323328222,0.000852616732244009,0.010023905977790336,-0.010226566077157724,-0.0073275495224706475,-0.008614142087015803
2024-02-13,0.0007735999245764075,0.0006882786423548206,-0.005603450171830274,-0.008524675461838712,-0.009029406719394265,-0.0021729896594337938,-0.001138003943971035,-0.004407468509363558
2024-02-14,0.001464129104889448,0.0013751377304505976,-0.0018073726679771868,0.010465927667890179,0.011489054385264819,-0.0022646134389836315,-0.00991789149246028,-0.0004587211418093134
2024-02-17,0.000974896494469399,0.0013732493231957106,0.00870946299209383,0.00985229644301164,0.01599302993515597,-0.011001211061973456,-0.006384123341516535,-0.011072911931107465
2024-02-18,0.0007711195820325962,0.000685918128271427,0.01512820842794902,0.009956335074135406,0.0020528928837527083,0.007265640486867386,0.007073548945838703,0.006789420996914333
2024-02-19,0.0007705254147673229,0.0006854479670664335,-0.004752650272938883,0.033393289060911574,0.01796303361869622,0.0033405135237305835,0.007784909677944621,0.005683138837582945
2024-02-20,0.0008104384915586646,0.0006393278142691289,-0.01635144761733253,0.002931467026410728,-0.009913008169236263,-0.0009408640038780007,-0.000684914063372912,-0.002196874563319912
2024-02-21,0.0015784684042326662,0.001368613352315598,0.014142173616338665,-0.03755971560743944,-0.01279617622907772,-0.004852761794992413,0.0014445445467918055,-0.0026862545345075046
2024-02-24,0.0015759807678691286,0.0013667428095655379,0.00942254972474901,0.0003339232675367128,0.0010297414441932289,-0.005555591985605452,-0.01053826279032803,-0.0050288596718487885
2024-02-26,0.0009686012541922528,0.0013194114609998361,-0.004682706394918782,0.02671656884537026,0.017256036255165346,-0.013024966621599823,-0.01609708971948772,-0.01104496515921219
2024-02-27,0.0008064516566105101,0.0006817717237922309,-0.003394994773406978,0.006286475661135174,-0.000773878658737083,0.0034356100064069847,-0.0029693370970841067,-4.9252591927654796e-05
2024-02-28,0.001651195477954892,0.001407523672178635,-0.008461647628233362,-0.005116922881707451,0.001636345068576181,0.0052477926024223345,0.006240335431688444,0.008020744749250248
2024-03-02,0.0009652898629919814,0.001314924581309022,0.022376469703930764,0.007762256381230805,0.012819173655952629,0.03879793559730576,0.027382703907694737,0.03389015086638656
2024-03-03,0.0007635275341292875,0.0007247361824670559,-0.01874127850042176,-0.001418577147327535,0.004100406998668753,0.029237042688682838,0.02347939522693638,0.02668129799782312
2024-03-04,0.0008833568131133084,0.000678963475217328,0.01728807485387415,0.026237694486313915,0.030398702336856487,-0.019546470995043832,-0.00771623119500092,-0.01526924092622993
2024-03-05,0.0008825771824953596,0.0006332835965028467,0.022279448775475694,0.0495396598657454,0.03054738301815329,0.021591790886490644,0.013684748588157589,0.02241785654472463
2024-03-06,0.00168276012303709,0.0014008452549515809,0.005885977907188634,0.0162865701135318,0.008979719222222973,-0.001453020515538916,-0.0015442158049641648,0.004987427926311231
2024-03-09,0.000880316970939837,0.0013537908204816753,0.017177162539859712,0.042430869078739636,0.03757779636579928,0.0,0.008790309345424439,0.0
2024-03-10,0.0008795426945292777,0.0007212730781970799,-0.027860506575745576,-0.03489693824367064,-0.0067689729713411115,-0.015636767391156093,-0.00219034393577326,-0.008899088962797317
2024-03-11,0.00087876977894011,0.0006306874702252236,0.005835272359054976,-0.024837916800323784,-0.016816524851369936,0.006344601827164815,-0.0023417744444505233,-0.002547362793004496
2024-03-12,0.0008779982205884012,0.0007202989551962335,-0.0029359974114502416,0.00977216178151341,-0.0020985237328072243,-0.006489266187067932,0.0023417744444505753,-0.0011035752355791424
2024-03-13,0.0015943880928562435,0.0013491637232688571,-0.010058788999711148,-0.01671214847677123,-0.018236926632215843,-0.010702084844658623,-0.0030010350648541277,-0.008083931680482555
2024-03-16,0.0008758311002156103,0.0013024636365525373,0.00740900090430938,0.010496422654921216,0.020039771309041783,-0.0009548083793705242,-0.0019812014332612074,-0.0034148357709156128
2024-03-17,0.000875064691295299,0.0007627252091502653,0.020448957837171072,0.012216246331605929,0.016980056377656826,0.011504592338105262,0.008921888228787072,0.018033464602007793
2024-03-18,0.002303324953032401,0.002866229737775142,0.03051375306752699,0.020159679160889173,0.018306847770248668,0.026505900862256872,0.023599758949278102,0.016703127170390807
2024-03-24,0.002772828078828311,0.002099667951798629,0.04249855131005418,0.01644265059289628,0.018028700793473487,0.03641108224117198,0.031084179781086393,0.02461970177972169
2024-03-25,0.0009093965002110574,0.0006691798335861421,-0.01871122870632739,0.015281677786060033,0.026708490636155574,-0.006255400598618943,0.002272250720696044,-0.0028768150900273753
2024-03-26,0.0008690843558793847,0.0007132985902720728,-0.01674345200913133,0.0019008755339368925,0.005691534999788055,-0.007816659870059037,-0.004549676325595967,-0.005380506486287854
2024-03-27,0.0018147393334478723,0.001425072608129686,0.024311780971158874,-0.0014812540263738122,0.000518051644065529,0.005417480059682471,0.004136648546254075,0.009046449192890492
2024-03-30,0.0018507949916837694,0.00213380832240716,0.026860597472621216,0.0061621017805345785,-0.0003700095011317927,-0.0007721311563276429,-0.0012393503212388107,-0.007831100293445867
2024-04-02,0.0009830715877940663,0.001420013551239009,0.05822133725007829,0.00341320936862507,0.0004933155839771449,-0.014030573507095002,-0.01387345789852846,-0.00958601402598118
2024-04-03,0.0017670971200201115,0.0014179999717255835,0.019724954931902138,-0.006196788062271443,-0.011732594804498153,0.008420166171834364,0.014700366707775105,0.005758194636089585
2024-04-06,0.0009803730123863195,0.001371772677886296,0.04076030369509064,-0.006431789510193369,-0.014678424749167656,-0.012609199394209082,-0.013723003751567427,-0.01141519095123022
2024-04-07,0.000861933919528236,0.0007514642855559902,-0.05489012947414211,0.04787463655779376,0.03971237798408088,0.0008230513622419465,-0.0001396744513141372,0.006347950416473002
2024-04-08,0.0008611916292058825,0.0007067450269882378,-0.03012063026473223,0.009290011579518349,-0.003046368041683627,0.01086375599355801,0.012829693018879812,0.019308388057289568
2024-04-09,0.0018763931857004883,0.002117243082831384,0.05180133834575359,-0.01982859340087596,0.0012440391403310493,-0.0016289727985816908,-0.001655454370969488,-0.00334942683343486
2024-04-13,0.001287980975429241,0.001409009083446418,0.06667933176865747,0.028691748229456873,0.021893580926564928,-0.03436896680077768,-0.02799567931597832,-0.030524994794360206
2024-04-14,0.0009746399477205629,0.000703760750401233,-0.006235897521933328,0.02356591978846853,0.022054601176577267,-0.01759950591965575,-0.0200736120620447,-0.01998034248973632
2024-04-15,0.0009736909495493929,0.0006593261925402922,-0.046485710360620866,-0.003082774881441537,0.002562968853283499,0.019548552896116112,0.014165645997536211,0.019460221719539112
2024-04-16,0.0009727437976426944,0.0007028024535963986,0.026143498742179944,0.004876681208092659,-0.003053010516630706,-0.014463374949522621,-0.01250108616845135,-0.0191373732710195
2024-04-17,0.0017873800220101874,0.001491817221957558,0.009006215229690567,-0.00012802949817125253,-0.00545330362708514,0.0189415485605081,0.01805463552576242,0.018707504148233432
2024-04-20,0.0009700639062711213,0.0013582493818142596,-0.048790164169432056,-0.024732945277427018,-0.011447578839294911,0.05896965031256774,0.05012810374508121,0.056379905656163694
2024-04-21,0.0008528785165176059,0.0007440639362867482,0.004663488562223132,-0.014488792177933215,-0.010667977023627867,-0.0042282763148720325,0.010947668074118958,0.0062049091899779195
2024-04-22,0.0008908686558016329,0.0007435107167505812,-0.014894788161263123,0.010174698942217746,0.007600964003796841,-0.007089479781023144,-0.006500384163849631,-0.011093531460475637
2024-04-23,0.0008900757151931083,0.0006992701652888082,-0.028268643328600993,-0.02503867726177624,-0.020010287678849634,-0.0069029496955818,-0.0062720727727665435,-0.011522334207324621
2024-04-24,0.0015846945049812979,0.001440702263996214,-0.011546841770562893,-0.007760811773715844,-0.010108248286973518,0.0031709618362799046,0.005128427571634324,0.007538050683240365
2024-04-27,0.0008878766820805608,0.001395065183969233,-0.019142704629284028,0.004891447020127433,0.017176784132882438,-0.0016272696649864793,-0.00013471961315884265,-0.004650416643538894
2024-04-28,0.0008870890563408351,0.0007838697435734397,-0.0015109143904663493,-0.005572710927227928,-0.013551461722131359,-0.011828564387008984,-0.010217373596930469,-0.023360167356592864
2024-04-29,0.000886302826751065,0.0006962576434449537,0.03662188623321427,-0.015272504729446199,-0.010322545453608936,0.0015306440034347994,0.0013594508388515263,0.004782155766075273
2024-04-30,0.0009240009897419608,0.000739242961936876,0.02764810870782532,-0.017591831101096682,-0.021020820447360984,-0.005123427399433451,-0.007704272287481029,-0.007026127424977492
2024-05-01,0.0024598367388313303,0.002171082051236848,-0.020836656879856558,0.0077729685763599276,0.006086997188054759,0.003135311898297146,-0.0013006375860545381,0.0015557633044183284
2024-05-05,0.0008825279240567275,0.0014303363728462813,-0.007323220095022624,-0.003163629330659711,-0.005733845303850615,-0.00409022338642402,-0.0040520676709027694,-0.004607636336218018
2024-05-06,0.0008817497552254042,0.0006927606789005746,0.016713587697229693,-0.011563430874440877,-0.013329299220539744,-0.014130877477090896,-0.007112198120341002,-0.009211903811875116
2024-05-07,0.0009192585295722273,0.0007355327535500754,-0.016829496129697887,-0.007402801303001971,-0.0021236591194153252,-0.0003921002939200245,-0.0013871674386188206,-0.0009010836139421864
2024-05-08,0.0016831156907360157,0.001469444468749409,-0.01694072436343252,-0.02020737311790248,-0.015721524198495686,-0.008672797646281578,-0.0013890943453731645,-0.0011951878205660356
2024-05-11,0.0008786843223561879,0.001381036860128306,-0.007504633143428408,-0.051919691519236214,-0.02633708318570206,-0.007597306320240391,-0.009355265932264916,-0.010160199888890591
2024-05-12,0.0008779129139926159,0.0007329008109743022,-0.01737368220221506,-0.04424236158253357,-0.028560209266728077,-0.007488749083198678,-0.011570922038664933,-0.004431963026302818
2024-05-13,0.0008771428588999874,0.0007754276009965321,-0.016881552319233845,0.03153798843220958,0.01884279460004414,-0.016672273955464372,-0.010772789999622228,-0.018253319804780833
2024-05-14,0.0009144599608486463,0.0006887645558558433,0.0007270307260313224,-0.010538757535178434,-0.017112571573890997,0.002208857103093604,0.001862988932976829,0.0020498493084975217
2024-05-15,0.0016743411194947292,0.001462051432230418,0.006204291461193106,0.006580207988166708,0.0037795838157421995,4.6126170459827465e-05,0.0057115040972684555,0.004620018200609691
2024-05-18,0.0008741093193145165,0.0013740984642328763,-0.01142811117801823,0.024556251325748374,0.029308495096383932,-0.0034962377936945716,-0.005281712783457349,-0.011016379621567391
2024-05-19,0.0008733459194586475,0.0007721014410076093,0.001973684851222219,0.01737072602987712,0.023300190857572227,-0.026571300007995013,-0.029412557888185448,-0.02696451224417857
2024-05-21,0.0018959508182020155,0.0028687052706157395,-0.0009452379209901869,0.03252894191364579,0.0129356575964726,0.0012430082395970227,0.004559110049763614,-0.0029878100391726166
2024-05-25,0.0026483066325757227,0.0014526192420158423,-0.02236913493411955,-0.012368164196333712,0.0009724142226921627,-0.013021069153106283,-0.011659800904536367,-0.010723312924531379
2024-05-26,0.0009063787017276156,0.0007255190980390922,-0.007173631911137397,-0.014248371351558388,-0.01479027218774609,-0.0234224776695769,-0.01669149260539384,-0.024318883713820055
2024-05-27,0.0008678427108211692,0.0006397270716094254,0.013868156213899824,-0.00366874376871128,-0.0022609451022252073,0.004772692609377837,-0.0024939378522391437,-0.0022017072118000972
2024-05-28,0.0009047727375868611,0.0007245296202044836,0.04157893093052867,0.018327949413104044,0.017383668352401436,0.027945126558337394,0.0218534910213356,0.03528735785709639
2024-05-29,0.0016566268848962932,0.001490027734755241,-0.009621749165891667,-0.007184531227686972,-0.0009720908391285724,0.008138968202153027,0.0037686220650770875,0.026813943950858826
2024-06-01,0.0010152094271196812,0.0014028526967496337,-0.0250271615220312,-0.0023964863020528755,0.0037552253195384344,-0.017338121941712876,-0.004805491285621061,-0.02386850483444082
2024-06-02,0.0017647615581713831,0.0014857266873906415,0.0144742078098243,0.023420959896069488,0.03154788261968091,-0.0037018788536098504,-0.015910295543217504,-0.008084470618858766
2024-06-05,0.002285800931550923,0.002160972006806921,-0.002363716533757085,-0.0032170677100318906,0.0002470294718720102,0.0003941267128166147,0.008919890702716133,-0.006167667434869272
2024-06-08,0.0011596372757490738,0.0014380580239125604,-0.013231020947277763,0.0030723771305830867,-0.004679210845013067,-0.015479056172201888,-0.014734420615157331,-0.0210794238607384
2024-06-09,0.0008968610466636717,0.0007604884392036802,0.0008716315625882942,-0.009304015479117812,-0.018938916226995412,0.00909766070636239,-0.0026544138414116673,0.008059143686854653
2024-06-10,0.0008587377084178045,0.0007599105359984714,-0.010929412467806873,-0.006770546255698106,-0.005452230530011865,0.023270536956225697,0.017538181147135356,0.02676603416065464
2024-06-11,0.0008580009106368094,0.0007171634385296343,-0.00158464501962976,-0.009782124549504974,0.002336687032937481,-0.010180692330725582,-0.003662959581127134,-0.010986323169007859
2024-06-12,0.0017510203233344263,0.001517003367068247,-0.00186070034919688,-0.010688902413353438,-0.012457403147938254,-0.0031682814588018665,-0.001873651517373217,-0.012885352965282251
2024-06-15,0.000967333954439632,0.0014306154085194564,0.00334047959691838,-0.0067163869675723135,-0.009886885652911088,-0.009096387163237534,0.0021733737002109935,-0.007189460027609854
2024-06-16,0.0013749793132259729,0.0007985710206878928,0.002806607838816094,-0.008345140757318915,0.0010889857952347613,-0.004051508244374029,0.0017200176488999387,-0.006565093910902095
2024-06-18,0.0013730913407400788,0.0013854778965409085,-0.0019470329609497274,-0.009122419156661513,-0.0009074057892885148,-0.0011942725091663169,-0.017719522427627758,-0.002783805577226597
2024-06-19,0.0017785028216046029,0.001551135364561351,0.0012251887747130811,-0.017214798346384206,-0.005670453482415419,0.01466265249219483,0.014051352681437862,0.02428947793732693
2024-06-22,0.0009620366315874809,0.0014650790623705237,0.008451532441953855,0.007666932775257531,0.004917978713195295,-0.0019966888873106164,-0.011164347287167205,-0.006936273382243043
2024-06-23,0.0008502615990701229,0.0007526342552971587,0.023232409814887403,-0.006353776008269853,-0.005204956448301591,0.004109315010164095,0.007255791975202122,-0.0004937662117354183
2024-06-24,0.0012924908093718776,0.0010861392996913564,0.021177391845911935,0.005111115312151495,0.009090971701252105,0.016687202257478648,0.012051665887603803,0.024346228609727464
2024-06-26,0.001880358190687642,0.0018770731521372311,-0.014165633120555146,-0.00996587388794589,-0.006485107034470237,0.0163204957419472,0.008003475209306594,0.012763736060798413
2024-06-29,0.0009940541657612822,0.0014158999575309388,0.011641132207189432,-0.0022631555519971,-0.008598999680152606,0.0040600259543376,-0.0020686815921167065,-0.009227230624710848
2024-06-30,0.0009195402946785818,0.0007487832622410887,0.02623342756731656,0.0032359945924926065,-0.008594153020141519,-0.02355379018506073,-0.010260164501043317,-0.018616011718271278
2024-07-01,0.0009186955170725863,0.0007897745396486147,-0.009535616262010762,0.016888668267339597,-0.001642863190461616,0.010465795647263215,0.006554946030700552,0.009254364425325632
2024-07-02,0.0009178522902289597,0.0007061120519341865,0.002355828830649981,-0.009482268686708208,-0.0012737503048975722,0.020103897306845378,0.011220849213486594,0.012143557092229501
2024-07-03,0.0015767379465204776,0.001493652256783372,-0.018516401529405237,-0.011429411575349921,0.0007697514613841903,0.003177006055424639,0.00869836991719022,0.004921293288457109
2024-07-06,0.0009521717558181168,0.0014500261473852493,-0.042661243709396335,0.012456345335020344,0.011082200019042865,0.0708501000888596,0.08124536163027539,0.08402007815936595
2024-07-07,0.0008781237986975166,0.0007862774308951198,0.021248225632609436,-0.01719150160344664,-0.001339162829618283,-0.0343969515962884,-0.013645950715244257,-0.024554037617392274
2024-07-08,0.0009138930650144792,0.0007443245598572956,-0.008644013510982172,0.017160397888105333,0.012741021397044689,0.0012343684981214252,-0.014525115980129798,-0.018173254616497245
2024-07-09,0.0008765522840279729,0.0007437709528446807,-0.015702153118699574,-0.0007467795480539846,-0.004863152423109231,-0.00044067100216634567,-0.002971768130482465,-0.005871172519638557
2024-07-10,0.0015685705516071968,0.001485884374424553,0.0017476702184682474,-0.009759226659405614,-0.00588290821149768,-0.004609287095550208,-0.009039324461715573,-0.0066465362035001705
2024-07-13,0.0009836603886212876,0.0014424961802290703,-0.006757909917224576,-0.0007546695534573694,0.0005243288710728251,0.003580298941019356,-0.003988930499707747,0.000347266437873929
2024-07-14,0.002000764595476454,0.0014815427213014823,0.01260284955777323,0.005395922240205796,0.012372688213180778,0.003208413634425553,0.0023115627276086097,0.003189205633492513
2024-07-17,0.001960500192275115,0.0022182066275870573,0.010433518608829469,0.004775513546838827,-0.0027478242092598935,0.006262282844451772,-0.001891371492012205,-4.6147811448245494e-05
2024-07-20,0.0009788106420511563,0.0014760755478452543,-0.01625767103766998,0.004938741809404732,-0.0028074571976482872,-0.009242757815449216,0.0009107075794402002,-0.003536635564515881
2024-07-21,0.0008692503263742237,0.000778162347542233,0.005286684715643768,-0.007557768654885468,-0.015927287875046246,-0.008179400849922257,-0.014247523540003457,-0.008978474903432895
2024-07-22,0.0008684953864286962,0.0007366482837723511,-0.00183162553599939,0.0030237402049890865,0.009843479927915543,0.003130541594060063,-0.003344351254843606,2.336475893515731e-05
2024-07-23,0.0008677417566690484,0.0006952254650743032,0.012986660938299564,0.001803651327039206,0.0020669002557332,0.01193598927958301,0.009011351036062525,0.0052664815407417204
2024-07-24,0.0016610699663002098,0.0015114690677502807,0.003714631124837335,0.0007143412059335078,-0.004033108337169101,-0.0006281315484727327,0.0019756932602681874,0.019448925410305903
2024-07-27,0.0010097368329964986,0.0014276684524018352,0.005688008591169959,-0.0034521937032721303,0.00593923855722977,0.0006354330836206371,-0.006222734464899962,-0.010586716659415046
2024-07-29,0.0019804482284584814,0.0015477357276680612,0.020163408640887157,0.00930296959898182,0.0071481790665722834,-0.011248943805397192,-0.017099450041618187,-0.011095910642914495
2024-07-30,0.0008629679439584148,0.0007323027178356494,0.006687664663327727,0.019137877361151447,0.015267864565510344,-0.007977030616174233,-0.013293019285858776,-0.0081627378425876
2024-07-31,0.0016519432040811477,0.0014629985947533573,0.021874942743806667,0.005435780733691719,-0.003705553619753211,-0.04862903089232652,-0.03436839703825284,-0.04047369949911395
2024-08-03,0.000968349398720499,0.0015014103901861832,0.022689988939524994,-0.010444670583069986,-0.004593461763730396,-0.04221551135840334,-0.008589103184734659,-0.020056988118158314
2024-08-04,0.0008599685208216232,0.0007296015888482531,-0.019155922967400738,0.016000824410808214,0.011457046786921752,0.012659678488803188,0.0071499196728277955,0.011658323784812519
2024-08-05,0.000895014827489759,0.0007290696584436113,0.00548335282411615,-0.01032597419172838,0.002438096445828918,0.003952066320500766,-0.008525029564380653,-0.0040278295555293605
2024-08-06,0.0008942144922069655,0.0007285385031025014,0.0074955944276310724,-0.011014868706338093,-0.01538806500295915,0.00025650480285557126,0.001527876477936339,0.0009404544572779209
2024-08-10,0.002963070907551132,0.002989538848365986,-0.026401318083305005,-0.007462606609797299,-0.006849607404929739,0.016407102438673948,0.009343922237609641,0.012414885041141153
2024-08-11,0.000855157721809729,0.00072583575104858,-0.020383059346476502,0.0008627330684554564,-0.004418920138035335,0.0021107688512278927,-0.0031805771084747244,-0.0018585547754270597
2024-08-12,0.0008544270518739947,0.0007655888356214297,0.012371943810552238,-0.00922036235163597,-0.0013816657785272418,-0.004344524737905707,-0.007003010286436178,-0.01628700497469905
2024-08-13,0.0008536976294810145,0.0007247544205148204,-0.007155489278239653,-0.010907551143818318,-0.0022721643643765417,-0.004331736495596703,-0.009209390533147788,-0.0027404785581030444
2024-08-14,0.0016697163585797778,0.001488125438015418,-0.0011282549865214281,-0.000911734716934062,-0.0002876531445940519,0.01980200484453571,0.019695600604787835,0.019541377021334974
2024-08-17,0.0009579394392402744,0.0014457833843721367,-0.002558129400590428,0.0014144051642134244,-0.007929880856898011,0.019646391885716524,0.0,0.01976664895513719
2024-08-18,0.0008507320352872204,0.000762210447090988,-0.0059645788297340765,-0.007408492137421155,0.003657658179518929,0.019582101885268148,0.0,0.01813585864969759
2024-08-19,0.0008854102683938034,0.0007616299247773748,0.019699419704004528,-0.008835552013391097,-0.0007094341903232779,-0.01686215201692831,0.01403242175262341,-0.009466630076009529
2024-08-20,0.0008846270105037831,0.0007210094444135088,0.004367693877017907,-0.010074520527674638,-0.013229456076638882,-0.0029107000129344734,-0.0032840752011898846,-0.013502072401466137
2024-08-21,0.0016609831889298327,0.0015204260120980546,-0.002851007594095428,-0.004881133319442603,-0.012867085443164087,0.010211026190520991,0.0057400731610599805,0.008758829767243187
2024-08-24,0.0015172100364684664,0.0018374281183094945,0.005314674638607435,0.024297358792765556,0.018338837301720094,0.019633184020613446,0.017025137611952325,0.018956679884278366
2024-08-26,0.0014797071471028505,0.0011167837791220413,0.013908027042091545,0.02812782878655149,0.012713206696423309,-0.009054414010599626,-0.005642900906636853,-0.007317593622735774
2024-08-27,0.0009149131470773558,0.0007571078841859665,-0.009589372018310527,0.01179936658297483,-0.003353422057933742,0.004072353194663835,0.0032284128121194,0.0008969880688286534
2024-08-28,0.001686874411603569,0.001472725005970414,0.0024856748054699856,-0.010723717632511785,-0.009863209261286044,0.014520263537117566,0.00962316969146113,0.012357560561042263
2024-08-31,0.0009826975837323065,0.001430842851428273,0.0030382407375806387,0.007009410250787703,0.022976869127226632,0.019800757319001265,0.019755680041411768,0.019775209754434867
2024-09-01,0.0018224517012731653,0.0011511363779840526,0.006221218221876723,-0.0010070647966490228,0.005398646663701985,-0.009364839271407317,-0.008644454616341075,-0.010034873006050108
2024-09-03,0.0025877759580221122,0.002219140993913296,0.003210643739541238,-0.017836437430920137,-0.010722435743158086,-0.007586255844111228,-0.007128743060753263,-0.006575924409830657
2024-09-07,0.000977414815831608,0.001779676568672969,-0.007574886949164414,-0.001866658912425008,0.005712224079743554,-0.0015227165858226598,-0.003184716067519836,0.002158149007285635
2024-09-08,0.0008718852453908752,0.0007504690783741788,-0.004479927335724324,-0.001277557235382761,-0.008371730770753111,-0.007715003755599558,-0.012033839563723565,-0.013818113103401069
2024-09-09,0.0009059549732848057,0.0007499062968603522,0.0017461860892829658,0.00974285531107315,0.006142653359342672,0.015036444827424113,0.012033839563723463,0.017681846292225977
2024-09-10,0.0009399314890187949,0.0007493443587809797,0.002964419537753644,-0.01049145172781657,-0.003378996275071228,-0.005125954109323029,-0.0015961695328222147,-0.00648660940960513
2024-09-11,0.0013561210069008122,0.0014576400634743736,0.007182012715257433,0.001683554567563614,-0.0018763687356551254,-0.0033243786428255886,-0.0007990411931326782,-0.010960230301355043
2024-09-14,0.0012501737980553523,0.0014948273897937593,0.013213462389843516,-0.0063123237002271106,-0.0034230053934540972,-0.0045136183308857524,-0.00480770156810312,-0.0019051432855385975
2024-09-15,0.0009019322774670848,0.0007072969763213385,-0.006613343328416367,0.0030361386141216852,0.007224202399294662,-0.005970961119344479,-0.0008035355996832242,-0.0003532029658674371
2024-09-16,0.0008664760961486279,0.0007852992393522566,0.0032648995827799644,-0.0029734446546641562,-0.0022112679570602213,0.008053873532665175,0.005611237167786386,0.009049623348514302
2024-09-17,0.0008657259652470659,0.0007454634970036826,0.006160009683056201,-0.002479404957887814,0.0003385108160491237,0.016856010944320137,0.01821832566519755,0.010932622091058226
2024-09-18,0.002661736538744253,0.0018808045981623287,0.00823858068192555,-0.0007544560415707931,-0.012496396718522993,0.006959481707766934,0.004698520781554114,0.0017759740809037833
2024-09-22,0.0008626788436808872,0.0017991243901720017,0.01800653159780814,0.003641275957222855,0.0018699717052126118,-0.0029407027824745963,0.000780944983071351,-0.0036476169356335015
2024-09-23,0.0008619352703124436,0.0008202644836224198,0.014321440964330225,0.00683854091312265,0.0018139521516340332,0.01692844046878504,0.013953714773865308,0.010628608383948851
2024-09-24,0.0008611929776645155,0.0007415647355035913,0.022044569850273484,-0.001245562843975342,0.0006826655729070749,0.02667830765238338,0.02583730350810906,0.023565088631105385
2024-09-25,0.0014107529221480811,0.0015593937119681852,-0.016039463660797004,0.007017136875726643,0.0063057025484544015,-0.005689355265449459,-0.009800304598292167,-0.0060305295244603655
2024-09-28,0.001271412297791304,0.0015569657888160693,0.0416745255298914,0.036575366583765104,0.037900673711763797,-0.0100471846542338,-0.009897301956194626,-0.010033982490023062
2024-09-29,0.0008581481690278221,0.0007387104008091942,-0.023943028999534263,-0.011611117381144677,-0.0037487621424296225,-0.00991573834070693,0.003818255879812337,-0.009952147880348044
2024-09-30,0.0008916935908757804,0.0007770008160924461,0.0026995553777049235,0.005417294375235709,0.01709443335930004,-0.00788850890433172,-0.008419490991529112,-0.005313227684719778
2024-10-01,0.0008908991817326961,0.0007763975545285779,0.012115012453199498,0.021732886357881325,0.06842443427734558,-0.00964121786563433,-0.007716087665862747,-0.009523771165813042
2024-10-02,0.0013690661685939048,0.001550989066248734,0.013340655289298939,0.033955394196111606,0.060104502585759736,-0.010033105606915511,-0.009338589267799763,-0.009991542412480781
2024-10-05,0.0010939050077260325,0.0015099017561067255,0.004961475560605343,-0.024950275307043832,-0.02343607521945651,-0.009510732834048737,-0.00942662125770367,-0.009474936498492138
2024-10-06,0.0008537814496740318,0.0007734251516677788,0.037936231888349554,0.007799062479184269,-0.02221787323435775,-0.010024536530420878,-0.009516328755254815,-0.010045060186723142
2024-10-07,0.0008871601223353301,0.0008114531251492299,-0.01579678482041247,-0.028294656194224423,-0.05357315574713861,0.005389892053392625,-0.00639490588584776,0.0006472569716193773
2024-10-08,0.0008522969918470756,0.0007722008105723896,-0.016329773445985615,0.009991510593918064,0.0019953128802726577,0.009357488714306118,0.007191401348107631,0.009919959256682888
2024-10-09,0.0013621660543159675,0.0015040786498899087,-0.00739535170356109,-0.021194854303911072,-0.017296104831359217,0.006806932198218762,0.004765696073014425,0.006244698124634339
2024-10-12,0.0012583537634063423,0.0015018197943759536,0.0011341011759282776,-0.004486540399438563,-0.010735489345421746,0.02245544269293381,0.021168959838028977,0.021600522599010408
2024-10-13,0.0008833022486998774,0.0008461864422757267,0.009195701113477233,0.011134067573570938,0.006572897634643863,0.013760085215214319,0.014632529077956587,0.00699078411594324
2024-10-14,0.0008825227143512441,0.0007686395459138685,0.018970441262536396,0.025167828074601124,0.01350186235550344,-0.02098686203317481,-0.018519047767237527,-0.02236192866470677
2024-10-15,0.0008817445547028516,0.0007680491929019748,-0.006675531168182192,-0.009004065860088242,0.004251522214324439,-0.02124697177544642,-0.028437935320533514,-0.012925013063226054
2024-10-16,0.0013550137574595796,0.001534330949261226,0.016339354128854858,-0.0002349555063820711,-0.00990790678019998,0.0078015482487637615,0.003998405966695423,0.010038466346857405
2024-10-19,0.0012517551577801876,0.0014937094640377832,0.02520804846523412,0.014608590336162637,0.008894979817266595,-0.014921675021566393,0.0071570882050902285,-0.013391261697759319
2024-10-20,0.0009462337227255157,0.0007651402492725005,0.02243889292729977,0.014740587282419648,0.008816556215158493,-0.018684226849152764,-0.024870916916704924,-0.01691047214831651
2024-10-21,0.0009790848028033397,0.0008027676801070709,0.0014464032043917593,-0.02072150108418289,-0.030402496966001648,0.005378324921617931,0.0008120179090116785,0.009211321188415729
2024-10-22,0.0009781271333154542,0.0008021237610417412,0.001966875956046755,-0.004845734443247793,-0.006480839959122526,-0.0014985408808154107,-0.008150004361924415,-0.006574297318173295
2024-10-23,0.0013812389549206043,0.0015260771341435722,0.023549356042262107,-0.024227454801342765,-0.016363046167545747,-0.019802328855576642,-0.019835361056145924,-0.021490973396534795
2024-10-26,0.0013793337650900648,0.0014856862602086866,-0.08204706583681748,-0.03217043599612802,-0.018843499091303315,0.02955835892683008,0.02879672448894974,0.029552331166709595
2024-10-27,0.0009744788149965816,0.0008371067038813831,0.02145290721323223,0.006203627864487009,0.014596564147415426,0.029556506757679252,0.028778964550043327,0.029542048455188284
2024-10-28,0.001040635217024296,0.0007603984854261034,0.030449902029709063,0.014509166055005287,0.020585164444558737,0.024502937029498788,0.017962216628159416,0.027517829442364125
2024-10-29,0.0008719565915667081,0.0007598207188744516,0.03559001200608674,0.0026650530613280556,0.014462476601310788,-0.025529259047350095,-0.016387413153093073,-0.014663052748406812
2024-10-30,0.0014404156246440557,0.0015558299315209492,0.00689176361028861,-0.005945537140489853,-0.00961014118253088,0.013466199711207823,0.007056085724208799,-0.0007583679367012262
2024-11-02,0.0013046316266649492,0.001515553656512873,-0.013579684207271174,-0.020377820070087423,-0.024196946265502436,-0.0008221644650205932,0.0031201273362436777,0.011520127404520276
2024-11-03,0.0008688097853192257,0.0007569163590384414,0.027526536603453958,0.008656724333640288,0.0034603421618977677,-0.02990388740888118,-0.02523793258986265,-0.028141008640560572
2024-11-04,0.000868055610063593,0.0007941460511532343,-0.027808715483856047,-0.020243543324831612,-0.02261899498536976,-0.0028240132899057585,-0.006410278360919054,0.002684502703474976
2024-11-05,0.0008673027430046688,0.0007557436877234702,-0.013175259301127269,-0.012231311918235708,-0.005456792489076049,0.017718599947126944,0.021471997890329355,0.017630865105695316
2024-11-06,0.0014660316489713298,0.0015474912975141628,0.027322937678855547,0.009463144060622843,0.0124987131334645,-0.017696620878525738,-0.009486237145106845,-0.01376850892330908
2024-11-09,0.001330893558617748,0.0015451002678197074,-0.027446604397207554,0.0064054476734941475,0.006941813854940356,0.029232623089467873,0.028964842867872737,0.029268819257409456
2024-11-10,0.000864131933591616,0.0007904692410920153,-0.03349862501567249,0.0005632216425992909,-0.004716208249702004,0.029556591688585706,0.021374859584733612,0.026813047329286775
2024-11-11,0.0008633858542574098,0.000752247374398204,-0.04131001756196317,-0.024541691797305202,-0.02709238246368932,-0.002372250634419619,-0.006060624611690958,-0.008201104166645967
2024-11-12,0.0008626410621209013,0.000789251191961183,0.0153751261893084,-0.03288172800682854,-0.012469780094503927,-0.004594486379867514,-0.0015209128407067314,-0.00804573939956341
2024-11-13,0.001491276311565394,0.0015391260053596323,0.023710374367592206,0.02172751822823503,0.01592944701441339,0.007816058471348484,0.012103022171243627,0.010013961006458766
2024-11-16,0.001323714535731573,0.0014993068515713533,-0.0128351595957788,-0.008039491931909185,-0.001623504507007957,0.02783856131900184,0.028170876966696224,0.02855252380810847
2024-11-17,0.0008594757727187018,0.0007488112971106427,0.00047051571011377265,-0.019835961185080922,-0.014784576813349264,-0.011103687812242125,0.0007307271059531384,0.0018019568974031311
2024-11-18,0.0008587377084178045,0.0008230453139508139,0.004749526492209069,-0.0021356833959387464,0.0025766021718954483,0.021481076432309936,0.02167714937703219,0.023679018948332874
2024-11-19,0.0008580009106368094,0.0007850027504402061,0.026634896411432622,0.011789260661830532,0.020143281224990463,-0.006678867161052012,-0.007893833598731395,-0.0034595943801749344
2024-11-20,0.0014832641116162655,0.0015308506676736235,0.023075436911199537,0.0036249833730300513,0.03210856673497394,-0.014829359943917564,-0.010137668284455116,-0.007716998742015652
2024-11-23,0.0012837183507769282,0.0015285107455221757,0.024662826597110856,0.010731682631427595,0.004872667499955067,0.023678238673840037,0.01660088647466708,0.02102827394703093
2024-11-24,0.0008548976287608976,0.0007819918847920255,-0.021135999918923343,0.00039044706684606637,-0.019736983388299188,0.028788649316990936,0.02823052682206308,0.028703849012094364
2024-11-25,0.0008541674030291455,0.0007813808512762034,-0.020263781070655625,-0.0007159361170133472,-0.015659526218038948,0.028771838523244452,0.02813221542912208,0.02940979895009494
2024-11-26,0.0008534384237027809,0.0007436050312902442,0.0017947302188548577,0.00687778470354173,0.0016858817910606174,-0.013203840469833566,-0.006788892333686203,-0.0025258719361151726
2024-11-27,0.001475385917046138,0.0015597730350622094,0.005938610535072363,-0.004049572230444233,-0.01627666464311006,0.0008303674060346915,0.004757059599459241,-0.00424370467322403
2024-11-30,0.0012769093983503752,0.0008902077739221106,0.02248387803558084,0.0029820773452403993,0.011522976785448153,-0.011643489187442855,-0.009536857023220678,-0.010330588607914078
2024-12-01,0.0008503679989132638,0.0009264578475857642,-0.014902176685587833,-0.008418023221270013,-0.0041225336265503275,-0.007644529718537164,-0.008937838805037809,-0.0008557640205819406
2024-12-02,0.0008496454875366337,0.0009996113455230285,0.00875294192290455,-0.005400022940328613,-0.0013605088307718316,0.028847633908096325,0.028592825993843052,0.028402580477930452
2024-12-03,0.0009468306370379103,0.0009616452270462314,0.009221061887466011,0.003047234455468906,-0.0015721213771211448,0.015468751945921547,0.017958580409027432,0.015039321577413466
2024-12-04,0.001532617325091613,0.0015514760601667745,0.00381527324253275,-0.007355388779743687,0.0011793226813995924,0.0009820483598778351,0.0072249903779335115,-0.003093081224945596
2024-12-07,0.0013350484716858995,0.0009592326874601342,-0.005350007290152354,-0.007210695086795673,-0.004015384559743564,-0.02011628383003106,-0.021164811192043272,-0.02149373400349408
2024-12-08,0.0009432275341125376,0.0009583134418115972,0.011285188117575937,-0.009572962150676503,-0.005299736871595349,-0.0045454623716746105,0.0006682258852058622,0.0005664449869700263
2024-12-09,0.0009423386942438259,0.000957395956327247,0.0054091893901829485,0.020369600250728502,0.02426308286721202,0.029471564775577715,0.028968450900487493,0.029400867085068387
2024-12-10,0.0009414515279746785,0.0009564802259568144,0.012827181342674318,-0.0038826055617854865,-0.0060043142162281874,0.009307341783217462,0.006468327856422975,0.006105821371841408
2024-12-11,0.0014915213037116543,0.0015431534825525014,0.02864641565173245,0.04908368789241556,0.025804411791347497,0.014922584250750603,0.011538589556493806,0.005506652891769669
2024-12-14,0.0013275269478633363,0.0009540935001397173,0.023995057531656868,0.05558427270433855,0.04358468123534139,0.02955431927815883,0.029515486348008053,0.029546974452335444
2024-12-15,0.000937919504711312,0.000989826861129315,0.0016433971875270393,-0.023948382472429895,-0.020133020200291566,0.027704034198332426,0.026863642269548252,0.02954731881720489
2024-12-16,0.0009370406359578504,0.0009522415017819951,0.015321446556622199,-0.024754196459066773,-0.026771103072511362,0.004085963383937506,-0.005436437430460909,0.008269162851904868
2024-12-17,0.0009361634127341332,0.0009879073634185991,0.01059177426249269,0.014207026644349276,0.009146097106394585,-0.02254668962458265,-0.01402889735764235,-0.022485598784111896
2024-12-18,0.001483153584792911,0.001534807536806923,-0.016943184120956117,-0.02461040440154448,-0.016687341986811304,-0.011592348292454742,-0.008636697732591543,-0.008891827399274957
2024-12-21,0.0014166132439871874,0.0009489398135354061,-0.03170732499622743,0.005904354328118334,-0.0020223489171513546,0.02944695382855049,0.029306126585499487,0.02950087462822496
2024-12-22,0.0009325809046609751,0.0009844853213515886,-0.013803801233893354,-0.01102026266288877,-0.0161193818798833,0.0001643120005282466,0.005400553180000289,0.007641968133314078
2024-12-23,0.0009317120077710435,0.0009471077496549066,0.031721635032506225,-0.01428550169940203,0.003379699044385075,0.00896214455914095,0.013670346616606018,0.013324762800465142
2024-12-24,0.0009950089890263948,0.0009825864647750346,0.0038100600851554995,-0.00935732176101733,-0.008732541644743208,0.01934595315882141,0.025066891029105195,0.02500575888947245
2024-12-25,0.0014746428266928953,0.0015265513813927725,-0.011826332015452566,-0.015584221832586868,-0.00020947343691584048,-0.01431083962081249,-0.009835196433606218,-0.002534813050946317
2024-12-28,0.0013765067717591574,0.0009801253166876744,0.021847136446264397,0.012011861577236304,0.0161828018244078,0.006320904743806737,0.0005812264040406488,-0.012345835822299379
2024-12-29,0.0008633508138548777,0.0009429173107407873,-0.020262656968274374,-0.0005857849685862021,-0.0057365980725077705,-0.017506383203746978,-0.027689545162118818,-0.01272419061355324
2024-12-30,0.000862606082145702,0.000978243225780724,-0.008188804056467833,0.019024240484217685,0.002200334820770191,-0.010135653524198169,-0.010207233622857683,-0.009159047709203587
2024-12-31,0.0008618626341494798,0.0009772872011204084,0.010072824888058322,-0.005316095271307128,-0.010606041867192974,0.013356359053141845,0.009609683560260976,0.018200809216511148
2025-01-01,0.0014666499249375061,0.0015183286844272837,-0.001412682750355885,-0.012992232393527467,-0.005818541341012133,0.015339909681268867,0.01306431882772665,0.010398530534217253
2025-01-04,0.0014008725905195175,0.0009387637893353913,-0.014294761484804155,-0.002866731611115958,0.0018908065193647952,0.028882163671778354,0.029071814821976877,0.026850160486989943
2025-01-05,0.0008904436905733705,0.0010099917894959432,-0.0015851145386594802,-0.005331775874411224,-0.006052650056900427,0.0009585663167878344,-0.012107383412889085,0.0034004418839054815
2025-01-06,0.0008578918629264963,0.0009009171945778611,-0.006351321359878799,0.003470520459456122,0.003425563297063171,0.005309295664860432,0.0011594204197349384,-0.001953430203319268
2025-01-07,0.0009206203726361219,0.0009720797870826489,0.01677259925322512,0.006872655424648166,0.006737739647766488,0.0257456446182483,0.018938873094184988,0.023690595440967254
2025-01-08,0.001521925529186997,0.0015821081290823779,0.014678737585950275,0.01925702057849433,0.00843008582997078,0.012522817208842392,0.0017040617585665975,0.013484209983064273
2025-01-11,0.0015196127912399104,0.0012925929055470848,0.026774422269669914,0.01535623717748705,0.009181474722262425,-0.012715903166613791,-0.016595516780518696,-0.0066875005999502985
2025-01-12,0.0008853755519076139,0.0012909242657674837,-0.0067530566989739815,0.027981853152181702,0.025198423162580173,-0.027755527393972343,-0.023351907582470802,-0.02147432966313865
2025-01-13,0.0014844061154433868,0.0012892599286098605,0.008650937742845848,0.018697779402443417,0.009864567836161055,0.01617024801443459,0.009406300982455588,0.014613431307668083
2025-01-15,0.00176578213251578,0.0015020387631936509,-0.00937523875573351,0.022664362531439202,0.015813036225852922,0.007899068155670912,0.018551256652598123,0.0034283367713417367
2025-01-18,0.0016997706254994367,0.0010001072376980675,-0.003519635510018742,-0.022814002647240678,-0.013930915808937348,-0.023366626341189696,-0.017381665875995517,-0.027991773252374105
2025-01-19,0.0009116487326040752,0.0009277762583857157,0.00660451998702359,-0.010712346293531325,0.00019791202874958836,0.004835682137862425,0.008728597751179724,-0.0012342734577169548
2025-01-20,0.000879424661722191,0.0009981819658785298,0.00498255779685083,-0.010216891865221466,-0.013698503164348631,-0.01620348539727427,-0.011069148848932588,-0.012177189711138217
2025-01-21,0.0008786519534753762,0.0009615899026114219,0.01808207142373815,0.014985416625119496,0.007146635779810514,0.002540375164051892,-0.011785640248472338,-0.0012509487991803339
2025-01-22,0.001441825726208927,0.0014939710387303002,0.027661883112201625,0.0250354991478422,0.015981370379134722,0.02909340690282095,0.029207683695136533,0.02951813026596404
2025-01-25,0.0013771951220520966,0.0011722706090159115,0.01807599074983424,0.013011444431207077,0.015006057713928636,0.012013097567195033,0.002874391171343082,0.004414018824238109
2025-01-26,0.0008754104045062416,0.0009935773146252595,0.006012461587108225,0.02566701224407329,0.0332600417792986,-0.006699093122285892,-0.006912469920623451,-0.007822725681209045
2025-01-27,0.0016237318165450993,0.0014531022740802673,-0.004613939977680474,0.0020601398585766446,0.008856918477960149,-0.005156379329647785,-0.0063786821089753445,-0.008900997039915155
2025-01-29,0.00193254844760852,0.002087351061261398,-0.004794889553353756,-0.014625333461840834,-0.012740509359443621,0.00719273151804027,-0.0017467253349416486,0.00425623115396825
2025-02-01,0.0011826218233811406,0.0009890848240019427,0.021807383416581217,-0.001832551194325775,-0.006443442479365912,-0.02294609207625526,-0.014084739881738972,-0.012525642096744203
2025-02-02,0.0009015871652675163,0.0009881075017878678,0.01557259442688065,-0.008606227113883204,-0.0054646883800901274,0.005445079760198372,0.008826182628272118,0.00457145539373111
2025-02-03,0.0008697273331985496,0.0009871321090663637,0.0044112530694801035,0.018956013713915074,0.024718069395381837,0.0011671212690488421,0.0017559267022650125,0.0011848342618317686
2025-02-04,0.0008689715648291716,0.0009861586401290687,0.0022014048955891533,-0.0054324000544958536,-0.0078295108681282,0.01839213216047303,0.013360640218900448,0.011625471230359195
2025-02-05,0.0013640029394832265,0.001547715670027792,0.03089603788137035,-0.0004564126049107444,-0.0010034421237511027,-0.013051397252124433,-0.009858009667698443,-0.0034033300776123675
2025-02-09,0.0022589089487178677,0.002527470015397313,0.09360791140002772,0.05048978745778113,0.045325392253097056,0.024438153410592987,0.009858009667698515,0.007831453417484622
2025-02-11,0.0018219722480130815,0.0014714128215279573,-0.022205927108314677,0.005923338706283177,0.000557668513989779,-0.022962589530264258,-0.02276141450360643,-0.01367172195021274
2025-02-15,0.002680595033061267,0.002552315075388643,0.015387276103561177,0.001347454862024599,0.0028281632461692506,-0.03042153197259803,-0.025711431291871655,-0.02357386013056699
2025-02-16,0.0011378489733833627,0.0010121281729567912,-0.006313396447351365,-0.01268378433086323,-0.014650143298087833,-0.029674656255410214,-0.02950429131057508,-0.008943094161686286
2025-02-17,0.0011365557444569065,0.0009762561355546942,0.014684089668787197,-0.011328380079735028,-0.016289005878218132,0.014958415554662402,0.01608945599249215,0.012431099307837016
2025-02-18,0.001073932690933889,0.0010101186877451652,0.02374311398855191,-0.006392627379277936,-0.006235137022333329,0.008388174143908514,0.00794868141032849,0.0032923628606919835
2025-02-19,0.0013790780751738998,0.0015654082823782435,0.04580890814951296,0.025626616489040032,0.01947312070216121,0.003996461394968301,0.003040440165266867,0.0064197669216330385
2025-02-22,0.001193664538395138,0.0010075217556294095,0.046356524635895506,0.015066552409841982,0.010738871958647579,-0.009848148119991459,0.0066566055176000664,-0.00829023742255411
2025-02-23,0.0011922414019436747,0.0009718173748322639,-0.04339730451245286,-0.02340865206225107,-0.01734735074335115,0.021177844153683654,0.017339746850728057,0.011749102756459863
2025-02-24,0.0011603054736888205,0.0010055305020187962,0.0046169148736544185,-0.013156458224080155,-0.008741874518559548,0.02270225739655805,0.02169536867767003,0.025736114970314354
2025-02-25,0.0011589607250651417,0.000935275541443581,-0.03897587284257045,-0.0006914386347133837,-0.0015872106385787356,0.006625699779943532,0.002896034459651987,0.006963637664488985
2025-02-26,0.0013707186233649284,0.001625988491983712,0.01980486321873518,0.0019072106614522045,-0.0034822750669007956,-0.016185239172379004,-0.005218915875791745,-0.019276071462622498
2025-03-01,0.0012168412307032317,0.0010019521628728638,-0.046893464648982135,-0.009405371260277375,-0.011244165393964943,0.0033184053351508792,0.009835196433606138,-0.001141701585393565
2025-03-02,0.0010635227912603367,0.001000949259513668,-0.011499951319784015,-0.010085814190179357,-0.005106114996219166,0.004525145469156605,0.005740543892951675,0.0024774677317498353
2025-03-03,0.0010623929120787193,0.0009654840238280953,-0.02570120185364813,-0.02005101090312495,-0.018557893317007315,-0.030456763436773133,-0.027271780089749148,-0.030310358417471508
2025-03-04,0.001061265431100993,0.0009989838754286212,0.018819665846656744,-0.00671617426898794,-0.005156566847119133,-0.0038363531544258794,0.005280153071283511,0.0007548119618658222
2025-03-05,0.0012114972557294814,0.0015825509891099388,-0.022247028833608132,-0.016152425577139095,-0.016706456331294924,-0.008178773235119235,-0.007046417881364619,-0.009891144140618022
2025-03-08,0.0012100313059438114,0.000962067144023894,0.041778186289143045,0.003052182917681989,-0.002472612802691272,-0.021249678100894613,-0.010068192836921673,-0.020270790988575847
2025-03-09,0.0010575776416687447,0.0010297601569016165,0.0306343097141136,0.010638863334639743,0.010145191270754514,-0.026900306686550742,-0.025928495026169725,-0.016640768728825736
2025-03-10,0.0010564603527163992,0.001028700841667926,-0.007009797857293635,-0.002467452664865403,-0.013090918417404215,0.015061637842395796,0.013349712819309528,0.010678465985615206
2025-03-11,0.0010553454220160313,0.0009934059222369885,-0.010933295283236813,0.02298555484893298,0.01563541822115509,-0.009195506458823274,-0.007259560012804223,-0.002001166564486461
2025-03-12,0.001204746847721509,0.0016762742751394737,-0.00461700052326515,-0.0011936906348483372,-0.0032484089557208106,0.004165862027957418,-0.0006073489406252517,0.0035818650063311054
2025-03-15,0.0012333610648225678,0.001059050711355282,0.00157649318351995,-0.009256680004630091,-0.0023337233462202116,0.02915100511501622,0.02578853557078496,0.02803346117885249
2025-03-16,0.001141758431828191,0.0010238209890288973,0.029567344171667283,0.00646584806363448,0.007733840596604956,-0.0052383799656784006,-0.001777778245999272,-0.0038553286732537885
2025-03-17,0.0009604707044455329,0.0010568483042836076,0.058614249428389255,0.03590718178516397,0.046917322296103285,-0.005770537148965155,-0.0005932957753387204,-0.010696564319885563
2025-03-18,0.0032646977704959643,0.0038429539379371924,0.07072565649053898,0.02802337211042372,0.030008834167407534,-0.02858946443563295,-0.011340020059674133,-0.017377022044788373
2025-03-25,0.0034924887367465884,0.003117906751966572,-0.01597395555985396,-0.005095757419404843,-0.002844060186659041,0.029301397756993138,0.02840427643093709,0.02883568471224124
2025-03-26,0.001161457610798467,0.0016904460040130063,0.03481979988706393,0.010591449407405765,0.011350201567679965,0.01590525047699208,0.004656585829951064,0.009569773474521804
2025-03-29,0.002021884608867486,0.0010466432408780023,0.06204351537214017,0.018556635696147062,0.021431663592968282,-0.0017388476652209339,0.004635002504148483,0.002445111834323389
2025-03-30,0.002936337029915241,0.004142047645423561,-0.018043828689855965,-0.005315609735454778,-0.015198359442522808,0.021659128941182274,0.020595693672080792,0.015930245282943643
