date,ret_afran,ret_yaghoot,ret_goldMofid,ret_nahal,ret_sahar,ret_agas,ret_sarv,ret_atlas
2021-02-14,0.05527915975678255,0.05893248021553443,-2.2558214851646774,0.0,-4.106050118948845,-2.325240833522957,-2.0892326220906976,-1.0584364667817647
2021-02-15,0.07103393843725936,0.033655868742110684,-1.9271092703531112,-4.292030375148482,-6.427626346059723,-1.0615122694342616,-0.5262270468176733,-1.1697529506138227
2021-02-16,0.15774114677813422,0.08411136344519399,1.3417692329864783,-4.652152870370275,-1.100755837357037,-1.5047723476839026,-1.5428003189885353,-1.4908972243273588
2021-02-17,0.09449562957712931,0.08404067568703599,-0.631756983573728,0.0,0.9583598482657107,0.253604308326838,0.2538116841913629,-1.0608086362606906
2021-02-20,0.12587522618203728,0.0923671173062468,-3.371676558954839,0.0,-2.388453726395068,-0.871674788451593,-1.7862487304746488,-2.1219263040853753
2021-02-21,0.07857311228098851,0.10906040268456874,-2.1173687477309633,0.0,-4.078231089278928,-2.4842773639276783,-2.925263976474002,-1.40073462664001
2021-02-22,0.047106854047274105,0.02514036704936995,0.6149723023175069,0.0,-0.6867466851139703,-1.325805630105592,-1.9515918759434703,-2.288192280764534
2021-02-23,0.08632190222082059,0.016756032171572066,0.2914071270936569,0.0,2.151514984786873,2.6696570052429536,3.630618825262477,2.617417545944134
2021-02-24,0.07056609691076243,0.041883062489533884,0.8999979773758993,0.0,1.3216532892674548,0.9912495672429467,0.5993230182244735,1.3132230118794386
2021-02-27,0.13319752409308716,0.19258142845182125,-1.506513166307799,-0.6923070942317366,0.7742064437110896,-3.3790440723700854,-3.7116222089832784,-1.546583103560406
2021-02-28,-0.015649452269173025,0.15878321912083937,-0.527689671592313,0.6971333982037642,-0.09473992939870168,-1.2773776147004257,-1.6656558051337922,-1.0379600688575463
2021-03-01,0.07825950853028729,0.02503128911139907,0.7419720235661398,3.8901594205634993,0.33718425276674235,1.9626577938647305,3.129502969633702,1.3841854227233608
2021-03-02,0.0860181420081263,-0.058391725058393185,-1.803887980009633,-0.35965262089897587,-0.2100714306011886,1.0662116169960045,1.9083365986787282,1.3606221467962643
2021-03-03,0.08594421439174216,0.1001585844253361,0.31883622815422896,0.9447597220120896,-0.16832655351380899,-2.1459707669510775,-2.5018044696882846,-0.2851532135989987
2021-03-06,0.09367681498828606,0.150087551071465,-5.175703699912049,1.1462731242320334,1.3068360095123133,-1.3968836263141604,-0.8973651573934927,-1.694836152675272
2021-03-07,0.007799095304950043,-0.008325701440348166,-0.2932974558769952,1.8195154964627092,1.0297925502460448,1.8049469286685937,1.731393195554931,2.154926630972076
2021-03-08,0.0545894096545263,0.0,0.30179244484966894,-1.7461290595591206,-0.6177707404784849,2.722463436693068,3.3417457438978726,2.301387604353766
2021-03-09,0.02338269680437488,0.07493755203997754,-0.879787930288678,-1.8395576321893259,-0.7563191912099976,0.9895863094640411,0.8612975577200643,2.915454223694547
2021-03-10,0.09350892230965968,0.066561277976529,1.0182537662644986,-0.47642692646843177,-0.480147853724433,-0.4553304399141922,-1.7827779469495653,-1.2602414933335249
2021-03-13,0.16348773841960984,0.13303400681798916,2.6474053226626992,-0.8617167237990553,0.06288441780910592,2.304087361232132,2.654079744731064,2.6990953071514667
2021-03-14,0.12435877506606907,0.049821473054878496,0.3260787111192709,1.1053265219796327,-0.0943724390441214,1.3564554844532228,0.9361006038779429,0.3404365643316032
2021-03-15,0.05433938829373375,0.10789277118432583,-1.7729360791328808,0.6261659484585236,0.1364328234020551,0.7108859043161164,0.7507985928591587,-0.7543138380334713
2021-03-16,0.02327566141671067,0.0,1.9139979534776863,-0.3375201755190238,0.10483765919986343,4.816725583393278,3.682031474498193,2.9647260002545694
2021-03-17,0.1784052125349156,0.16580998176090045,1.1695929791739834,-0.592607172044346,2.187742012663896,2.0033239964643457,1.705186783989543,1.3205564932453617
2021-03-27,0.43360433604335835,0.4966065220989968,0.4886806627105722,-0.021306084501238054,-0.5429279703921042,0.6698910744207032,0.5402928451160527,-0.1198965132859997
2021-03-28,0.06938555238609201,0.06588700378851176,2.123129434422699,-0.9371293511883372,0.46349690812765854,-0.8400367111159213,-0.20668821877152244,-0.9017323347173534
2021-03-30,0.08474576271186862,0.1481481481481417,-0.34472036763644187,-0.20425746436086856,-0.6356655114717724,-0.6045107712164266,-0.35900159320233493,0.7407052492710564
2021-03-31,0.07697636825494403,0.041091387245240085,-0.09630526804556006,0.10778126282624534,-0.5365061009856231,-1.597209366179153,-1.4414847932947894,-1.0317085412981264
2021-04-03,0.11537574032767228,0.041074509159622075,-3.5123829758980207,-0.010766521989258315,-0.6742760164055839,-2.0257082566361273,-3.3328801114925755,-1.205717570387188
2021-04-04,0.04609711124770044,0.09853834784037119,0.03699188945540666,-0.10767681294036047,-0.6056703729296231,-2.288970332290996,-3.185822037027275,-1.8751835938200956
2021-04-05,0.030717247734601827,0.12305168170632097,-0.01848910525832359,0.09701359279115085,-0.34676174876626664,1.4304297987267622,2.313959535425081,0.7749285281122731
2021-04-06,0.0767695378473876,-0.07374027038099529,0.2884906605471471,0.0430753633939851,-0.2108739058603759,-0.0846688315222277,1.1601807881161275,0.6346709229592795
2021-04-07,0.04602638846271656,0.04919645785503857,-0.21390347156658995,0.4840629977764799,-0.07404127668769744,-2.7790814231479,-2.5987325356783386,-1.56226715959622
2021-04-10,0.10734549915656366,0.16390755613833186,-2.661137075277331,-0.5245805141278481,-0.24317101791557771,-3.235739959905659,-1.952576769200276,-1.422179325054207
2021-04-11,0.06127450980393245,0.16363933889707027,-0.7518504774600032,0.13988615486026923,-0.29678824748293753,-0.40538001268868307,0.45615043109639153,-0.5278983054826214
2021-04-12,0.09951010410287342,0.024505799705920595,0.9105689709964393,5.523867456726839,3.157579491027218,1.5657207384862648,1.1500788943813012,0.5385172853576092
2021-04-13,0.007647013841105554,0.048999591670062514,-0.6976132418157421,4.481202481218949,2.6589276471238543,3.3979258412618174,2.7378795898440833,2.5488649406246067
2021-04-14,0.03823214558800192,-0.024487796914540727,0.9659568503952443,2.9436714217170534,0.35133271943199595,-0.9637599110716044,-1.98044831282701,-1.4124517403976689
2021-04-17,0.19873117786439742,0.15512736773350966,0.17015220658234131,-1.751702845045655,0.24018789814026498,-3.5641453902057085,-3.3724976821321695,-1.2989915220910753
2021-04-18,0.06865512243496852,0.12227928588897097,-1.2684009157453269,-1.7347155467841269,-1.9960361409501082,-2.7069846854448576,-3.3825981340302125,-0.6658603354638304
2021-04-19,0.10672358591248265,0.08141996417521113,-1.9117285144564122,3.658260950594694,1.2728924641172812,2.593722803491172,2.403019860231792,-0.29862881370901206
2021-04-20,0.06853487663722735,0.0,-2.3583278824998444,2.8195562424150777,1.2368340676720768,2.140288680521807,0.7304192825226874,0.5548083555761529
2021-04-21,0.04565862567535994,0.10575984380085668,0.41121154566978735,-0.9385719494318878,-0.5860687689867472,-2.5864997882788843,-1.6661892404516099,-0.9214650925894019
2021-04-24,0.10648817220659801,0.01625355546526208,-0.9780766214801173,-2.0901307258887614,-1.4586857605868309,-0.7655629580207268,-0.8785825465965957,-1.1492700032036063
2021-04-25,0.037991034115947286,0.1625091411391999,1.3972794147864898,-4.098708083683034,-1.6221671787605918,-1.932609144676245,-1.7885650091645555,-1.1041459613129412
2021-04-26,0.04557192769254481,-0.008112273870364284,-1.3661383199947585,-2.2456854700410256,-1.1440125053078343,2.101002075669922,1.8050241077135931,1.1185057190368664
2021-04-27,0.05314303067112114,-0.14603277624533062,-0.19269543256114074,-0.6780940534557911,0.09385098386764934,2.468996185170025,2.279498600750318,1.5850645089651394
2021-04-28,0.053114803854614756,0.04062398440038972,0.1809933255742191,-2.7205952022937963,-0.7186755403901235,1.2408889557397496,0.46441076290224537,0.7265756031838544
2021-05-01,0.16684362202334935,0.2680094209372319,-2.8065321232008444,-1.8644896818372225,-0.923278200264821,-2.200751581472171,-2.187586748546011,-1.7774587123122298
2021-05-02,0.09085402786190855,0.07289810464927715,-2.573661098166413,-1.931846500894896,-2.7424655440348333,-2.06081413320246,-1.779830548364325,-1.3674414651765554
2021-05-03,0.10590015128593144,-0.032375556454877774,0.1526515592534805,-1.9046676127300488,-1.3390654809459668,-0.6390276451691768,-1.0423218618024976,-1.0694634233372136
2021-05-05,0.10578812150521255,0.08096510404016488,-2.2480744510857575,0.3217392084475357,-0.7063310939448009,1.053270674270279,0.7452867644833328,0.5988158938280197
2021-05-08,0.19625603864734664,-0.13752932610630042,2.806507383593937,-0.36497370289015896,-0.8890552618033731,-1.6471396103024394,-2.44482185176611,-0.0323904784216289
2021-05-09,0.08286876600873683,0.048606610499035696,1.0405692220877505,-1.95361935107482,-2.455704910735368,-1.841705493447432,-1.5334728222964888,-2.670991551293389
2021-05-10,0.015054572826489476,0.0,4.290362953692117,0.8038612804337264,-0.6667772968438013,1.9302495913430473,1.8587066507220973,-0.538923566128835
2021-05-11,0.0,0.008097165991904909,2.4987172949560543,0.33691590270303884,-2.0367298165829606,2.718570235913176,3.189181671552399,2.0990127772172906
2021-05-12,0.052683073681047965,0.016193020808041858,-0.5538560519368629,-1.5894331938002049,-0.697051446328445,-0.11873857849807878,0.6054506310059216,1.194702855163543
2021-05-15,0.14292161877538234,0.016190399093329866,2.3689666526543585,-0.5119267552718854,0.3925927339337498,1.0370760156986458,0.633471881747294,1.1962865505118714
2021-05-16,0.0600916397506257,0.0,0.10727950855804469,-1.3146552222214614,-0.22510750516738787,-0.39942673882912283,0.23599177054338671,0.07555135881711639
2021-05-17,0.05254860746191081,0.0,-2.85897673493557,0.9036077567179168,0.03559841652527318,-1.7268966651106332,-1.3501789487301075,-0.7788338264857919
2021-05-18,0.10504201680672232,0.008093889113713892,2.005431781661615,-1.710728782994364,0.08307308527248924,1.0755440654191428,-1.0343615754606628,-0.12748739826352606
2021-05-19,0.007495128166690179,0.01618646811265556,-2.7269299106596367,0.9578557631913398,-1.3878813968477344,-2.1469749017384743,-3.1998247445811367,-1.2440178273693148
2021-05-22,0.08993479727197329,0.08091924259587824,-0.1667527069470709,-1.9089963969505575,-0.625504220073303,-2.064547288410734,-3.3055980902286675,-1.9415958830642954
2021-05-23,0.08236615499812583,0.016170763260014986,1.2131000715568607,0.9435075734544496,-1.5978127912395057,-2.086836907357603,-3.7451373802158128,-2.0368554373536685
2021-05-24,0.07481669908724342,-0.056588520614386795,2.259589836332121,-0.3739227281477797,0.3689741113853007,-0.36856212031561864,-0.6959301128508733,-0.5344343390514816
2021-05-25,0.03738038277512068,0.03235460648709498,0.1921312422797694,-0.39868031244775226,1.7526960064578878,2.132508917416631,2.570021484313312,1.5082110064601473
2021-05-26,0.05978626410583221,0.0566022479178363,2.397223818148464,-0.9302879179213686,-0.9756639465606787,-0.01311557033262245,-0.10511502008928586,1.0548828405477328
2021-05-29,0.119501082978557,0.06465168902538565,4.457439713987754,1.1528748585337478,3.1748354416796687,5.078020993531318,5.209632192104219,3.5471800217720117
2021-05-30,0.06713912719134019,0.04038119851397237,-0.7853118590137265,0.72866559771958,0.825188214298378,2.0138563989273273,1.5004112346748588,1.0896944419405363
2021-05-31,0.059639182943183044,0.05651085815774337,-2.721579413162445,-2.1349275131619994,-1.274540143384295,-1.657566735446936,-2.398088459289527,-2.1858030257489336
2021-06-01,0.08195499925496286,0.056478941423265816,1.2855602372565667,1.382806070996967,0.7817444156448694,-0.9655924602544053,-0.8246736437261815,-0.5726307983285439
2021-06-02,0.06699918112111902,0.07257479235545095,1.1444743129579882,0.03529596318763151,1.4572285913221128,1.4962709117380513,2.239913490938905,1.7304132202457412
2021-06-07,0.26037791995239257,0.19339242546334567,-0.3735697109421343,0.035164709837665065,-0.6602629904362778,0.7548910137536335,1.842355764496495,-0.20481220062987804
2021-06-08,0.08904058766787681,0.04021232105517747,-1.3505529793601423,0.4230157627406639,0.035067786030396064,0.5634564236657535,0.7008345912186131,0.9732436635403907
2021-06-09,0.06672103195195511,0.08039231449472606,0.08857955653565064,-0.9944288804190071,-0.9092226327610087,-1.5816691327205534,-1.634627865666416,-1.8228576510828098
2021-06-12,0.1333530893465662,0.12852437946822004,-2.027797855942315,1.45353212247461,1.211667384036641,0.27301665827239585,-0.3947953535623605,-0.4674896613847568
2021-06-13,0.10358094110682892,0.08824709185719648,1.5391413075201088,-2.2947569436677195,0.06967423218531277,-0.15469934438483435,-0.2479065867655006,0.42417722781746825
2021-06-14,0.044345898004438666,0.13626162231483718,-0.6115111456249989,0.7510724442088001,0.7084824620027463,0.9668325110428144,1.1592873984804797,0.6524471890033468
2021-06-15,0.04432624113475114,-0.10405827263267886,0.15289173092816188,-1.0175658074925265,-1.0264022854156618,-0.9268954996186185,-0.9166936441135309,-0.016686193243431457
2021-06-16,0.06645990252547307,0.04807692307693401,1.5898305954261227,2.0561741410455525,0.3496148162857704,-0.6737814821190846,-0.6113377005497966,-0.2149214727615978
2021-06-19,0.19924728802303004,0.1521704308825811,-2.4885332186775466,2.717547021034261,1.613939595706082,1.1305971566479167,1.5293440841559258,0.9238990487699716
2021-06-20,0.05155398438649872,0.05597760895641457,-1.42825700562077,0.2052848456905787,-1.1084343422193665,-0.6044687643617319,-0.49124978189661883,1.9639118379357168
2021-06-21,0.007361059992638808,0.023976982097195787,0.21735589851821224,-1.0242064240656212,-0.49683354049210315,0.04654547159446132,0.01644980639845528,0.5102235479787165
2021-06-22,0.11040777270718838,0.06392329204953917,0.734306767230386,1.609735348398278,1.2774483164877282,1.1676583937105134,1.7437541682556512,0.5918857521474807
2021-06-23,0.036762002793921944,0.03992653517528311,-1.2048743641632664,-1.0637044594379752,0.21782836044788034,2.2884323117182914,2.295816405743456,1.5168801992513359
2021-06-26,0.10289578127296028,0.1436781609195359,1.8924327897768878,0.2744499152026014,1.7391832961325848,4.666293257936549,4.23591804272212,3.619310520621677
2021-06-27,0.07342143906019505,0.0717360114777632,0.3301651120977134,0.22815915109577478,-0.10123910805864833,0.4695869374161665,0.6670509484318243,-0.2551297336559233
2021-06-28,0.08804108584006265,0.03185981680604577,1.4024026676677792,3.5392865523445005,0.12379938856417194,-0.6726004151480169,-0.5120329395721601,-0.040870986410745935
2021-06-29,0.029321213898247933,0.01592483477983464,1.4530596718864697,1.7036522705179857,1.0681824329807688,0.6168984391635268,1.0446400649406717,0.5066803488585014
2021-06-30,0.058625238165022076,0.05572804713001034,-0.4144014058808265,1.4049767330085228,0.02219285479292399,0.7599776837349914,0.9589361323842249,1.1839034875033239
2021-07-03,0.15380108393145964,0.1591343093571007,-0.5986636407759649,-2.5045189061554063,0.13346207536313326,-1.447634964043365,-0.9201508636503597,0.6530764158680924
2021-07-04,0.0731261425959806,0.055608516047023215,0.506782214842838,0.9292078420280347,0.11112583386132524,-0.377637833669775,0.0,-0.1284165278873317
2021-07-05,0.073072707343802,0.06351726875744035,-1.0376530399789141,1.0504859427991065,0.34390748755113165,1.5479715577635167,1.4678437064904903,1.346610504567547
2021-07-06,0.0657174151150075,0.02380385622471337,0.4208885424785702,-0.2786330082615085,-0.541804159078485,2.682569814965885,2.804985848559327,2.3036972724300053
2021-07-07,0.08026853473437345,0.04759638267490818,-0.21323496952183607,-1.536980747545369,1.08951133588846,-0.5294094529412652,-0.7467195928303583,0.5174910018816314
2021-07-10,0.10936930368210529,0.13479226133841227,-0.055262943186873414,1.5718954320478096,0.7148377338188627,-1.3646133551748152,-1.533604829710744,-1.069785393795586
2021-07-11,0.058266569555720515,0.12669253305883643,0.07372466666981659,-0.6232857740290254,-0.15292109949943677,1.6652556111341088,1.968817902101505,1.1650563774855183
2021-07-12,0.09462803901587602,0.023724792408064133,-0.23576688408848412,0.5299130911924799,0.08748599456667172,1.340043215646336,1.3257257929182753,1.1337591229680255
2021-07-13,0.0509053886990074,0.0,-1.2813030348180932,0.46253458951959203,-0.010844038626678376,0.056075010283818116,0.0,-0.357881208051658
2021-07-14,0.058147986625955994,0.11068943706515899,-0.9463377498461267,-0.6424457963416619,-0.021909524618091147,-0.009578357965089879,-0.25608254638859185,0.5182453500558681
2021-07-17,0.14528548597994018,0.10266940451746365,0.3738713711528119,0.29094814674419656,-0.07648099754012927,0.6588095773188751,0.8126706443876808,1.085745608627131
2021-07-18,0.050776149717113306,0.03944773175541538,-0.6470985717327182,-0.2149442165994775,-0.1422231774434235,-1.1392492890237804,-1.810195205857268,-1.0519567062400426
2021-07-19,0.07250054375407267,0.06309148264984632,0.28777482458481884,-0.3338322131214433,0.20809312029870242,0.6221968677969425,0.08640238508561549,0.31255352684602666
2021-07-26,0.3912193001521347,0.3625472887768044,3.1753912012693952,1.1129701264009029,-0.15297875721198562,1.030600620547828,1.0794136666703702,1.127525170860011
2021-07-27,0.05773255394385668,0.06282393591958702,1.7602237619583017,-0.4915488378774535,0.06563141703497255,-0.6836580082073884,-1.0678867511340617,-0.5437259812075101
2021-07-28,0.06491164803461569,0.039240307644017314,1.8089152136250064,1.4604395103430257,-0.07655632538412505,0.6761114543915481,0.18720166710675112,0.4261007388061122
2021-07-31,0.2666858872711453,0.16474464579900872,4.765089845173165,3.3340358362048628,1.5985967823904046,3.4822039894217616,2.1688389775541106,2.264047682675585
2021-08-01,0.04313133491482546,0.03916040100251372,-0.4585588132621443,1.659354106663291,-0.6034919561414887,2.1911156965788825,0.6045721346926269,0.8206982948594677
2021-08-02,0.0359272831788493,0.06263211461676743,-1.4598535279404579,1.57177685941996,0.2710790009423425,-0.15078074447325562,0.41915266676286755,-0.13870596034003535
2021-08-03,0.050280132164925995,0.046944683514582586,1.151503690339628,-1.1606408791032363,0.2595062876617593,1.3641773894954135,1.2803419953397732,0.18131452825673744
2021-08-04,0.05025486395291434,0.054743098459364425,1.0602679131330728,0.8631533245959444,-0.28045820426741974,2.2788077742199597,4.053331884097355,2.2410359390183876
2021-08-07,0.15068886337543663,0.16413944036266503,-2.9086597251018587,-0.48757282666523905,7.505955085051741,0.3863650419521303,1.7430085249859228,0.7672590788681211
2021-08-08,0.05731890807481044,0.04682013265704388,0.9281787164131305,2.0397891790007616,3.62180424587768,1.059924158765413,0.947407747525264,-0.5250459364979698
2021-08-09,0.05012531328321135,0.0857967397238868,-0.6588561252613534,-1.6658280905820555,-2.0777410746090963,1.5075203048472652,2.6870040088935676,0.8148254043637282
2021-08-10,0.05010020040079333,0.03896508728180592,0.7772140503655933,2.301906974917123,-0.12891183305271392,0.6364900970172283,1.4148192167803053,1.4248844241717906
2021-08-11,0.05722870019315707,0.07789982083041824,2.810625038372083,-0.6720600817381017,-0.12897870955608237,2.5226945415996793,2.9259406456303427,2.412969434246026
2021-08-14,0.1572889111317588,0.21016579746244712,1.116837811446758,-1.5397623250867132,0.8249951919292231,-1.0990360091044926,-0.5276724951370881,0.13991083961930606
2021-08-15,0.06424441430508132,0.24079540158459256,0.979248803439603,1.8526702794559258,0.2760426961850193,0.4534282828591696,1.4831743508214146,1.2538953166855826
2021-08-22,0.3352832073048928,0.18597442851608914,3.6209706651310736,1.4570150416219452,1.2585342102695352,2.1376136678564306,2.4120261881604987,3.2410921975241758
2021-08-23,0.07820831852114463,0.030938200943619876,-1.5723451828283053,0.8770861605877256,1.7283099822652526,0.649147481049428,0.44080660725507315,0.17612917367382241
2021-08-24,0.04973003694230815,0.054125106317171046,1.4918201787827323,0.6784358793591405,0.17175094104204813,3.1315792270965037,2.217966339606736,2.994227118641568
2021-08-25,0.056806078250382086,0.15455950540959051,-1.3405636371143226,-0.9774627216437626,-0.20956851237876606,0.07390265791895612,1.0396011944301176,-0.7310706265998279
2021-08-28,0.1987083954297031,0.1311728395061662,0.9431498448431386,-0.6805159327911814,0.3055367041280954,0.6998694510534698,0.41387208796501707,0.5988032567300516
2021-08-29,0.014165309157876393,0.038529706403633845,-2.9550368323665865,-1.9202559300873778,-1.3612797269997312,-1.9482040636420228,-1.6039973272830022,-0.9541414300322404
2021-08-30,0.035408257205582494,0.2156832537359321,-3.1168403169807513,-3.9748725129078344,-3.2715262285153757,-6.1415829058042215,-5.671242315360336,-5.478356233218573
2021-08-31,0.14866204162538033,-0.05380476556494651,2.193014156157358,-0.5429666504767283,-0.658511947030993,1.026352154026,-0.6000474658509503,-1.513015130533213
2021-09-01,0.056549091680224706,0.04614319772360265,0.356025902230761,2.6681160959538763,0.39164517148824185,3.3573828215010426,2.6440231917430834,4.697461645875944
2021-09-04,0.10596962204167948,0.1460527327235006,-0.3547628545769732,0.20070953202933062,-0.009928435037942496,1.7517279391950247,1.5055141880174094,2.5400241116915856
2021-09-05,0.11997177134792647,0.007675775253290773,0.8274179524779823,-0.6509234489327165,-1.0005646731264806,-1.5301639025755986,-1.4600138515440397,-1.9752473709722884
2021-09-06,0.06343835906110762,0.06907667510938076,-0.6179163567002988,-2.217513117008807,-1.9504367004673506,-0.08979435104708999,-1.4698890445010604,-0.14573504815520444
2021-09-07,0.056353902507755294,0.09970854425525033,0.03946695330661054,-1.9688804981120689,-2.3706123832285098,-2.3768140006015126,-2.0169755332554495,-2.4717016363122513
2021-09-08,0.04928189242467962,0.015324496207180793,0.5393091444681142,-2.2607390685597806,-1.9848317115866099,0.927722952951715,0.8404204778887703,1.0917199100682895
2021-09-11,0.17592006192386211,0.17620470389949627,0.17006041764107138,2.571290625652467,3.683787706022601,0.4769089358091172,0.45904250024884075,0.3110324443145185
2021-09-12,0.06322000561955754,0.22178036096665021,-0.8391536030613489,1.027816237694279,2.243842087504211,-3.0582312241528076,-4.6772454899971505,-2.7769558632521507
2021-09-13,0.0631800631800683,0.1220908050362457,-1.438954303268003,0.062332298309364376,-0.9753772253084714,-1.2910483425682906,-1.8919645554603903,-1.15576522096551
2021-09-14,0.05612459660446767,0.03048548128954387,0.7082471999739548,2.7391298420325727,1.4877627808327132,1.7415126644395151,2.8542531281517958,2.4581851107233543
2021-09-15,0.05609311457017707,0.03809523809523707,-0.42460439636142766,-0.7776087866322334,-1.688420147933134,-0.4497681627370631,-0.4625534930479569,-1.4749345258824986
2021-09-18,0.14015416958654825,0.12185833968012538,-1.4525651459122768,-0.8854464575969168,-0.05134004740192655,-2.6408138769600686,-3.4157325694984864,-2.6924414248504225
2021-09-19,0.05598320503847898,-0.030427506465846577,-0.8891232704883789,1.375999667858574,0.18514602812775838,-1.483496538415241,-1.0402738254419952,-1.2383063883375955
2021-09-20,0.05595188138201035,0.030436767615271698,0.5628063711091036,2.6438975245264063,1.838360959538754,1.211590414596686,1.208847365336374,1.5740546926873211
2021-09-21,0.04893051866350362,0.14453065571276014,-0.24759754932839328,3.03952519887285,2.208549510896174,-3.3994928714571993,-3.284410212523181,-2.6881195063020447
2021-09-22,0.05589324390413708,0.11393847322445083,0.7276694431709085,2.4518948264128593,2.2200747377354224,-0.05690728336547046,0.4965542058156025,-0.008422123298268414
2021-09-25,0.16060330982472504,0.12898330804249625,0.020266359769749442,0.36453830345120064,-0.8108785452954903,4.2410569977956225,3.9401854895515287,3.2286580402822063
2021-09-26,0.06274400446180106,0.15912707433507478,-0.20926589523949657,-0.10243056045897703,-1.070369058802978,-0.29131107964279757,-0.4626635982436511,-0.59889165619611
2021-09-28,0.12540932209295086,0.08321985171735324,0.7372952216612383,-2.2843383485927404,0.22621154822772827,-0.07182133707248628,-0.41304202901223386,0.2349698611886275
2021-09-29,0.048709206039943,0.015118300702998688,1.306051400124364,0.31479781184660105,0.7752937113644665,0.4811794576310646,0.5963529463709705,0.8972808335459437
2021-10-02,0.159966615662821,0.12848613105584938,1.0074692586190093,8.161365996231208,3.5255387012591344,3.8540330900430853,3.840218154633801,2.9273972698957262
2021-10-03,0.0486077355739134,0.06038647342994086,-1.1582000446914709,6.824395915406822,2.0320073935758964,-0.17976955935393724,-0.09926221450182737,-0.6074217520830594
2021-10-04,0.06940588561910044,0.12824381412190888,0.02986029368283738,1.7370856469096418,0.14751457353405772,0.5461392765017559,0.782603117582914,0.3366538453909662
2021-10-06,0.10403662089055743,0.16575001883523122,0.053105409011267035,-4.458724795711644,-1.8044840764801506,0.6873921866691335,0.3697097981222086,-0.00452383758282604
2021-10-09,0.15935702903069338,0.08273787138022293,-1.3797792757929805,-5.564468079277896,-4.0783066455758465,-2.578318363900911,-3.3402280519249317,-2.1654955480002847
2021-10-10,0.06225788599889537,-0.06763865925146773,-0.42374003373502056,2.0269357644475905,-0.1368830830342449,-1.3363262603174664,-1.626346506307308,-1.4857602499387945
2021-10-11,0.04839267196681263,0.04512296006617955,-0.4255764711357357,1.06361333554863,1.6345461360188773,0.6417656757810253,0.1034424042909432,1.0318338431560603
2021-10-12,0.05527915975678255,0.11275652108546641,-2.0453086490227035,-3.5139264721655072,0.2022511176908548,-2.5303701157159186,-3.9091724795844995,-2.8276450658519026
2021-10-13,0.055248618784520254,0.1802072383240816,-0.024230502624467132,-2.515161675948341,-0.048076181961120845,-1.3537618366166182,-1.7187128904204374,-1.165642397048039
2021-10-16,0.12424075096630904,0.014990256333380358,2.064284684349338,0.25899616786615454,1.3269239481529915,5.206222631350976,4.235110470701264,4.549504942445193
2021-10-17,0.048255894112791964,0.13489208633092886,-0.2646814721299573,0.3873508279798932,-0.8635820103253145,-2.064666583502317,-2.4377354360823444,-1.2586757289556383
2021-10-18,0.05512299317853575,0.18709773985929878,-0.6839369909987236,1.9386604706795652,0.7083603214585565,-0.5050481448156119,0.2148991848295312,-0.10998405565909586
2021-10-19,0.05509262447489505,-0.014939867035179688,0.8017017913451108,2.5055980584894444,-0.10452526757800396,1.8790116334736373,2.0508613617719496,1.3831146867581356
2021-10-20,0.061945075366498514,-0.07471049682480357,-0.2379253630845457,1.3188696114311504,0.6374414589711996,-0.8561789376860585,-1.7469851697483718,-0.9735390401325761
2021-10-23,0.16508460586051044,0.14953271028037562,1.0424881306831946,1.3104734370367632,1.1439749860912674,-1.9898323398459983,-1.6711148452635993,-2.1714648759146082
2021-10-25,0.09614064002196887,0.11944755505786109,0.6777007484805475,2.1157832216148087,4.412072007743895,-0.9985883046809141,-0.5574925383836415,-1.146939507821465
2021-10-26,0.05488474204171645,0.12676161360076765,-0.3449577207609078,6.006242035300313,8.120012887627247,0.6131125272969218,0.5606179415767798,0.2167418238633534
2021-10-27,0.054854635216683434,0.1563896336014281,0.13107200228605898,2.342309052022684,6.740050003154252,0.46685796953118697,-0.02718747105729946,0.5528779147030205
2021-10-30,0.164473684210531,0.1487099412595727,-0.6645104264519808,-2.567080380791009,-3.102907405808908,-2.320999180640737,-2.7607270293046993,-2.1865790536146457
2021-10-31,0.05473453749316182,0.13364021085455757,-0.5642464156436877,2.6029517927328216,1.489058780663588,-3.4127498937152168,-4.657420155877368,-2.818102988397797
2021-11-01,0.0547045951859948,-0.029658189367542942,0.805275539600836,0.36352236757035694,-2.200895794321578,3.1704072814133566,3.388620360088268,3.340067414282477
2021-11-02,0.054674685620548225,0.1409181932804371,-0.08425980415899259,0.6859318539244041,2.201991681382731,0.19347183973723592,0.7945638550610701,0.22666668307393945
2021-11-03,0.05464480874317612,-0.0814694119389725,0.46215968015363984,6.054353720813821,8.397146467063866,1.166130933601539,2.1114137285197065,1.1047826715073317
2021-11-06,0.15701802293828226,0.08894818768068191,1.1249341510827016,7.346961701581334,8.547530681731107,4.580999845734768,5.693444586986707,3.707727542459671
2021-11-07,0.04771317565264166,0.05924609346070753,0.04980546781681028,1.6538652593839354,5.278686628663021,-2.181868050884561,-2.3086083433764615,-1.0450965238909204
2021-11-08,0.05450333832948129,0.06661238990453011,1.3342135323079596,2.493447180700059,7.880978353894541,0.05936772469852247,0.5474444524308675,0.010610251159226536
2021-11-09,0.054473648372610484,0.07396449704142327,-0.4749095421908156,3.1037926039364283,3.000070450593717,1.064349701832823,1.6597976497020328,0.9827047590801774
2021-11-10,0.054443990744523774,0.1330376940132938,1.6223908856948466,2.5848157494042567,0.2350842222275773,0.26478589396654595,0.6400486781416026,-0.17660820083813533
2021-11-13,0.16324309617739008,0.13286093888396078,4.553112313290852,5.631108671924623,3.5693724152642714,-2.1306068813152224,-2.8942707783744526,-1.8595448733698894
2021-11-14,0.04753497215808089,0.01474273920094582,-0.6194493878056262,6.081828944510992,1.734197497644141,1.0036395238820717,0.7618376322532594,0.6775582548210757
2021-11-15,0.06787483879726608,0.12529481132075304,-1.9167387742920372,-0.5662654381623167,-1.9272256266803067,-2.162616347581825,-3.117143927260313,0.11059568427367328
2021-11-16,0.07461168011937414,0.044166359955832846,0.9977533740044287,-4.446119524328973,-5.2975281457541605,-0.2248741684826916,-0.3285277624010208,-1.9275312790719923
2021-11-17,0.061000406669387,-0.022073430946945027,0.2768773364041133,6.784713731427483,4.658604557408252,0.26500855458004846,0.24720796860850935,0.15515375022787659
2021-11-20,0.16934227460543294,0.16190756549896435,-1.7255971920602242,8.559113166898435,4.953958009884185,-2.534359625280902,-2.7267334901044493,-1.975941107942858
2021-11-21,0.0676223965377254,0.05143277002204183,0.7246798026925294,4.8987078107427084,7.167941004038791,0.7818477784639066,0.8451911856201422,0.25231549378166296
2021-11-22,0.06081902959860219,0.0954688991701591,0.4627678539955715,0.9141552363524541,3.1729217989414416,2.279586381079435,2.0253626913980805,1.8001586627744093
2021-11-23,0.054028500033775906,0.1760821716801253,-0.9748968032128658,-1.3074832198768482,-0.17807870876290766,-1.2403996976542708,-0.9036017714024402,-0.532498338584253
2021-11-24,0.05399932500844695,0.05126702797715321,2.246179153122041,1.159240085603952,2.15032663311725,-0.7294349208847639,-0.9394681356513668,-0.4971474219152672
2021-11-27,0.16865681710853675,0.10248151672644923,0.09347448143590675,-0.6361377888822517,0.3965028261472492,-2.1655173617343704,-3.528566262327848,-2.162588208212668
2021-11-28,0.05387931034481763,0.1243144424131648,-0.17433500692898285,-2.923148582958768,-3.572953515268229,0.2089184491796292,0.8963388774082315,0.8515409003595487
2021-11-29,0.0538502961766385,0.058428279287170426,1.3004348185053916,-2.540862686669576,-3.6711802526337323,-0.2865002719673715,-0.48724504253750966,-0.42034125213716855
2021-11-30,0.06054897739504739,0.029197080291964994,-1.576210471651207,5.328617614948161,4.069193695771167,-0.34247252205675816,-0.6334350562956725,-0.3496795845568057
2021-12-01,0.060512337793316995,0.05107997664914876,0.697524509864289,1.398193735175357,2.1009861871395863,-1.6294494942948767,-1.6664411205132956,-0.8021672472188657
2021-12-04,0.15454911974197572,0.01458682809423184,3.668376872087964,-5.450488352568761,-4.920433611272124,-0.047098315815718994,0.2652038896570508,0.05912486820429663
2021-12-05,0.06038242200603339,0.01458470064901185,0.1528097442014431,-0.03446185963563719,0.9618412389431175,1.3050858397470666,0.9112253663955849,0.8289329747763086
2021-12-06,0.046935765052968925,0.10207801676995754,1.4180613350834648,-3.8148780092909784,-4.321920796206413,-0.46905255109865873,-0.5971973967826227,0.14273345989392894
2021-12-07,0.06031767307821401,-0.007283851700778943,0.5693152162773663,2.1829363542005487,0.9231338720880444,-0.4478902348855507,-1.2746564239110025,-0.6545439474474946
2021-12-08,0.05358338914935867,0.08741258741258306,-0.733293130479229,0.23569424627261082,-1.49536061124953,1.2506185485082755,1.2317596356574256,0.6314892750701739
2021-12-11,0.16066407818984274,0.1164483260553073,-2.0092785145070957,-5.318210205077511,-5.884500171532315,-0.18418479374953112,0.16123758301480606,-0.046970174975291545
2021-12-12,0.04678518914582597,0.029078220412914746,-0.4070804759253588,-9.141331197009139,-8.452958179739001,-2.2632844286328946,-2.356454559489496,-1.800636738729744
2021-12-13,0.060124256797378095,0.06540697674417562,-4.308458538681437,4.198881387714071,5.497684412423465,-2.1995160426849347,-1.90374704984263,-1.2732184444983252
2021-12-14,0.04673521164373362,0.02178807466046706,1.3067605019773998,5.4864279238900915,5.917130485712607,-0.46572048182423886,-0.04583520815564235,-0.49579097462777444
2021-12-15,0.0533867200533944,0.05082776648270837,3.7416268707365807,2.7460262623388854,3.4136685801693822,-0.19665696639709074,-0.10699786172247983,0.5008409691266147
2021-12-18,0.15340492229707348,0.1524058349662516,-0.9062251758450102,-5.702068965517237,-5.294842514639164,1.4037628387588486,1.2702160073448487,0.7653354791817168
2021-12-19,0.05327650506126158,0.04347826086956719,-1.0846177674706747,-0.20759519103339397,-0.1992797531659818,-1.7300796051104905,-2.1157115910841906,-1.5950398802425214
2021-12-20,0.05990415335463961,0.05070259307546898,0.37779651948379733,0.4598055906784193,-0.23852395242858204,0.9927828299760577,0.9881020637338533,0.7345578264750685
2021-12-21,0.05321625756669057,0.04343734163470003,1.1719469931591453,3.487183214214329,1.8569913342261213,2.461572453756,3.042300269258358,1.867031452967871
2021-12-22,0.05318795292865719,0.043418481800427955,-0.00604248671842722,3.5013010836955294,1.1026321301785158,5.322814686872146,4.658725798800556,2.307906407296101
2021-12-25,0.1594790351518327,0.14466546112115175,-1.8904302957038488,-1.7245323191101947,-2.6023420916540196,0.2940415140992192,0.014173792501903648,0.5326360284856113
2021-12-26,0.06634379353811504,0.04333694474538685,0.49019444237956566,0.37272837589599206,-0.34918136492314567,-1.747864933312504,-0.7654320603126097,-1.1242146398891428
2021-12-27,0.06629980773056321,0.05053786730200294,0.28224714378750626,7.255908626172114,3.04830538231311,1.2431125781836805,2.256883959033651,1.7418353020553834
2021-12-28,0.04637911614655543,0.050512339442931875,-0.8290632181779722,-3.2021953024298333,-1.8191327506094201,-0.06646692924282549,0.05586360685527758,-0.1546957284961903
2021-12-29,0.06622516556291647,0.043274432023077125,0.27454586689004135,0.3129038977465859,0.22542113593082558,-0.6400589679682378,-0.25124587584036684,-0.5849045623125493
2022-01-01,0.16545334215751772,0.14418571119600987,0.27688242200818447,2.500626707810061,3.33534686079342,-2.3430614434114427,-2.561228208570343,-1.0753727002134172
2022-01-02,0.04625041295012178,0.050392340364258104,-0.21476507635438402,0.9951599085190832,3.965600786790513,0.29101366567154674,0.11488865427196071,0.22871808623339263
2022-01-03,0.06604147404569716,0.043171679378328776,-0.2982258346601485,-0.7509784180103285,2.3590528589510606,0.1173600125437213,-0.15779061610852185,-0.2917789515362812
2022-01-04,0.06599788806758156,0.05034522439586464,-1.2705226247351264,0.07714170502648443,1.4716290433186563,-1.3448182469521175,-1.3364720296060617,-1.1169901762836165
2022-01-05,0.0527634876665406,0.05031989073394083,-1.7178692212305724,-1.675906154316309,-2.438439308209084,0.005218023155828533,-0.04368566166174093,0.2705614789298316
2022-01-08,0.1582069874752845,0.15806868802989982,-1.4174266632846155,-1.0530514835618177,-1.2597903614324002,0.39691249325555233,1.253029716031162,-0.06560983738282955
2022-01-09,0.059233908121636425,0.10760401721663371,-2.933577076315208,-3.464980552532171,-4.261247280378577,-2.5086201781010176,-3.093887011777563,-2.1876921058119225
2022-01-10,0.05919884233374084,0.14331780723755294,-0.9431967233743954,-3.420176283537635,-1.0980806021070877,-0.24010059135345374,-0.3119569917034437,-0.3121077290776708
2022-01-11,0.059163818038387994,0.06440071556350624,2.6352589162920603,1.672415208339717,1.2773531454294718,0.6083956984673566,0.9237421705322157,0.3556867231005123
2022-01-12,0.05912883516194789,0.028604118993125205,0.055553823070719766,-0.861632273138857,-2.5704203573325257,-0.3840965961122156,-1.0776194097986358,-0.35100951001310055
2022-01-15,0.15758371634930768,0.02859593937660776,-1.988320253195064,-1.9278314025745313,-1.8953123418041895,-0.8512124917004815,-1.5218232370260543,-0.3667746247503101
2022-01-16,0.05900091779205141,0.0,0.30980112406993054,-1.471636161350287,-3.8472330614583328,-0.7495231037185857,-0.30314178745449727,-1.0897922576787566
2022-01-17,0.05896612723579331,0.021440823327623093,-0.9431353875456905,-2.5947157165212786,-1.8008327691226844,-0.6277335468279577,0.18250490909819117,-0.09980777761349202
2022-01-18,0.05238344683080598,0.04287245444800636,-0.2916590782517381,-1.2367440211315084,-0.08844344847919183,-1.277042584543009,-3.1402661084267813,-2.1811177014746663
2022-01-19,0.05890052356021247,0.049996428826504236,1.3213676865327928,5.17903695598525,7.0585591711952445,0.25014212777019207,1.0493168599648994,0.22776813044109723
2022-01-22,0.15697560337497585,0.13563677898342785,-0.20904439507268835,0.6519014836678938,1.8798350490864868,0.6134548941470808,0.9919317210398404,1.37646860319518
2022-01-23,0.05224319205903161,0.04277464889141935,1.2037787322278781,-2.986680253057339,-5.189123193560141,-3.2034430491749033,-3.1920723430731712,-3.0146202160183044
2022-01-24,0.052215912799424835,0.04275636000854455,1.9583101987413754,-0.18208294865104113,0.48507603508238795,-0.7346427828139768,-1.8706499550625977,-1.6445740257018837
2022-01-25,0.05218866201317507,0.04986110121802945,-1.3406090130892556,-2.4485847470596345,-1.7379121495082583,-3.305430492866701,-2.730248210837205,-2.2142930608256783
2022-01-26,0.05216143965574016,0.04271678769756093,0.8982541234274999,1.4674947984119946,0.5953411658146779,4.421243773151606,3.7037645298443334,3.1539143839588446
2022-01-29,0.15640273704788932,0.13521206945630304,-0.15860357485703025,-0.8990454307693407,-1.1376949386334378,3.3146403659428225,5.26898313763513,2.922244188126677
2022-01-30,0.052052833626126116,0.049747708052017,-1.2775775330164607,2.4905482041587934,-0.4591037228513617,-1.4571937859411355,-0.6846624577309557,-0.3129981123697334
2022-01-31,0.06503219093452195,0.04261969029690782,-0.7422994992937082,-3.6175689061405336,-1.6932504570383866,0.20946005393089884,0.3371174188553372,-0.00044366379334803696
2022-02-01,0.05849093390524196,0.12780460096564195,-0.11580549626694081,-2.3501012159750645,-0.7008321079532642,-0.2657881008013119,-0.07632204885282823,0.4506756807718171
2022-02-02,0.058456742010903895,0.07800312012480326,-0.3909217471821935,-0.35050397489688745,1.9199906032047132,0.9493917592530376,-0.36679351958944784,-0.026765519474125643
2022-02-05,0.14930217461863737,0.09919931977608876,-2.527691219984818,0.9613824003639637,-0.9624905626650748,-1.5151753311802074,-0.5672953474031073,-0.14230168221706085
2022-02-06,0.05833549390719117,0.05662914985489209,-0.4436017913318602,-3.901787348687902,-3.5790047395897306,-3.4762460567385522,-3.747684914538818,-2.058771479639687
2022-02-07,0.05182354084343199,0.014149274849661886,0.8431584322926566,1.4199097514471015,2.5749349924047538,0.7289584038775665,-0.01602016780685167,-0.03862231710413111
2022-02-08,0.0582712852055689,0.07073636556553797,-1.4274757557908302,-0.3157397942905371,-1.1562803334495886,1.0639988020931357,1.362108521453731,0.899185725822016
2022-02-09,0.05823734955350268,0.04241181876016853,0.7999305057403872,2.593643583405836,2.030551494992383,-1.3284290656110032,-0.6957002079283847,-0.339620089493442
2022-02-12,0.14874215870142038,0.09185331731789148,2.445684007836868,0.6291196210213679,0.01779728005182335,0.02304596682696225,-0.3661177524253212,-0.08758739640285507
2022-02-13,0.05811700891127369,0.07765071297471948,0.9415650668647801,-3.1722011967921793,-2.340193688029324,-0.6578894643805677,-1.150494837433147,-0.40634078741234037
2022-02-14,0.051629557921906155,0.05642942794668038,-0.5160023894123622,-0.7951241407349152,0.10944492653295335,1.1114749360997322,1.4386495875871264,0.6724254964382448
2022-02-16,0.10320583112946036,0.0845964046527925,-0.4554923145488554,-1.874158510318924,-0.8687585372326945,-0.17485815303743824,-0.30273423820930123,-0.23498146347064042
2022-02-19,0.1610928539210077,0.1197436078044678,-2.131018101228288,-3.8752016879731954,-2.5740360029769205,0.07321710985379593,-0.27168997486822777,-0.3244788148968891
2022-02-20,0.057900154400414294,0.04924722104966417,0.11261934526947126,-4.114515915568884,-3.535203606676607,-0.1549270083142651,0.20832893077773473,-0.5640473180797523
2022-02-21,0.057866649520987856,0.03515927149988496,0.1500013923188881,2.478685019017357,0.6520646863849899,2.2170812415563512,1.7274860070118692,0.3377257951459933
2022-02-22,0.057833183395450405,0.007029382820178398,1.2151980999025147,1.534456783902094,1.0172002261598978,-0.1138618565575289,0.7074188282242044,0.06289566960375748
2022-02-23,0.05137756085029643,0.06325999859422282,-0.3665537493566684,0.5955123360286585,-1.6226345014339727,-0.2786555812538727,1.0774324138877356,0.30723139282147205
2022-02-26,0.16047243083638918,0.09834223096374384,0.9754809305353884,-2.622676645685862,-2.1579152954885883,-0.4318337861501931,-0.4017032080252392,0.21087589856514377
2022-02-27,0.05767751858498649,0.035087719298254605,-0.22397131272258175,-1.235547352629729,-2.538644462929762,-0.6321372407372849,-0.031011767432187476,-0.587555687422181
2022-02-28,0.057644270799972475,0.04209049456331826,0.3919723482763926,2.223970132143327,5.127477977340278,0.462145200542996,0.5430447321592924,0.5671972506104739
2022-03-02,0.1024196645756037,0.08414557183928917,0.8977405407003092,0.673397148596222,-0.26011361074441686,0.07098173712873912,-0.01542691878659852,0.14168528599878272
2022-03-05,0.15986699066377064,0.13311847544315025,-1.6273291561540004,-2.93924201676522,-2.927572740184037,1.6259494072595526,1.8055670945612556,1.325449217680097
2022-03-06,0.05107578369405452,0.034984606773025284,-0.6589797279768717,1.3252651434241924,0.83962073047541,3.5391241555265074,3.1528755770806605,1.6507925816256597
2022-03-07,0.057430923361634356,0.048961320556761834,1.5433446551023966,2.1843356160898164,0.4129779729508787,1.669291473682244,1.2049398821700308,1.881758516739196
2022-03-08,0.0573979591836693,0.03495525727068571,1.9731902254048306,-0.2368259885156876,-0.43115222724320335,-0.7811581217293084,-0.6823221607134333,-0.7157802852338135
2022-03-09,0.06373892536171155,0.04892025997624838,0.02615268018328898,0.731352678331243,-0.44636956756822777,1.394163721685504,1.4472663371632777,0.9415153717059255
2022-03-12,0.17198547678196618,0.1327186364906474,0.4868979742921553,-0.4139898050264379,-0.09373749077208338,-2.1883817078270695,-2.5364057109108717,-1.4474747112479647
2022-03-13,0.06358896095637334,0.0767352633414653,1.6227248040642461,1.6115982862349387,0.8440262791769904,-0.14556270893487655,-0.05913468411680167,0.28376524859135
2022-03-14,0.06354855109302893,0.04182350480970154,-0.7584105563997356,2.4796983482032964,1.3683158999505451,-0.27399885086867304,-0.1923014402288703,0.06700374460644198
2022-03-15,0.06350819255684925,0.01393534002229746,0.3030867502125334,-0.9826238053866176,0.7863376702161196,0.06496087412470875,0.10374643524315719,1.5408313175875543
2022-03-16,0.05712109672506571,0.06966699177930469,-0.7361441460595031,-1.550609626928623,0.03250572921620343,1.505433512518639,1.9694647546344646,0.17070302435588935
2022-03-19,0.2093244529020044,0.36897800055695207,-1.1367555201136192,-1.0458198717234635,0.03249516642540584,3.2740434335728485,2.7446831934824445,1.2035382905223324
2022-03-26,0.37346499556905055,0.11098009294583377,0.4193290477326528,1.2096652270944919,0.025974668513750743,2.2683238523217186,1.1025854853162098,1.3384868116166349
2022-03-27,0.056757268083496015,0.08314279775514244,0.4892985800035943,-1.2895372489194035,-0.5716197280722368,1.3272753497764356,1.3000717312734666,1.212999581181995
2022-03-28,0.05042228665070869,0.03461405330564826,0.7011898630973734,0.7965674831751812,-0.05223442916540977,0.0,1.4491171408859582,0.0
2022-03-29,0.05669648481794187,0.06920415224913601,0.6382818071759999,-1.1822782206156957,-0.18304702900591163,-0.03485677837462564,-1.346810908406093,1.150908108081583
2022-03-30,0.07555247749164717,0.03457814661134151,0.8103903473169138,0.04480283841821198,0.11134184307819428,-0.4322212215840282,0.37239546641092414,0.973529993156208
2022-04-03,0.2201950298836186,0.1866574490148709,-0.2732433529442302,7.047374100951864,5.154368239753793,2.8509954731041898,3.1460704684766583,2.7638013919092597
2022-04-04,0.050219711236665354,0.048302511730602404,0.2835557127555344,9.325540317507851,6.97310466512806,0.25298958284591944,-0.026633418794419494,-0.7949277338423766
2022-04-05,0.0501945037018503,0.062073246430793816,1.6298609180763979,3.1311326411950002,3.896033526746412,0.09584833312910046,-0.14666920385847382,0.01017084266805579
2022-04-06,0.06271165182489824,0.055141990625862114,-0.23757711949587978,-0.11125918303205307,-4.124928290277586,-1.6775169471746176,-1.6410913440677466,0.6536948602024362
2022-04-09,0.16294810729506892,0.12400110223202976,1.7955702708112087,-0.9123444964792227,-1.5819975036176603,-1.2524830112337515,-1.0851405347159893,-0.7281729514137858
2022-04-10,0.06882743085971921,0.09632585661207838,1.616116509442822,-2.8319084805248362,-0.6643777854509647,2.1909344656925844,2.701554335444767,1.7072104925619058
2022-04-11,0.05002188457450263,0.04811657959857829,1.6570770795302447,1.3387809455307487,1.6540747902417552,0.39092628398151863,0.0267010161056902,0.9009033374804076
2022-04-12,0.04999687519529061,-0.006870491240118515,-0.41718723421727555,-1.9789497277659995,-1.850337974039118,-3.516757255416725,-3.364016638212741,-3.0401336857748595
2022-04-13,0.06871134986570215,0.05496770647244187,-2.1695677975211436,3.327829731332299,1.867231611315523,0.9446489597803032,1.243344645665001,1.1775582677488794
2022-04-16,0.16853932584268705,0.1442109600329644,1.373422677203373,0.23079042602123234,0.5052993445353815,1.0782488377379051,1.0505801577069596,1.921136522164435
2022-04-17,0.06854863837477687,0.09600219433587576,1.472500126207521,0.45521475778971254,-0.34491463231068886,0.7391937080735822,0.7561551653542331,0.919636986004968
2022-04-18,0.04981940465811352,-0.0068507227512504265,0.28843542511449716,-0.7143661340569096,-0.3461084108634327,2.408650517511668,2.5462148373370352,2.073314935912607
2022-04-19,0.06846757126852676,0.05480953685941259,-1.274967084068701,0.3168083686457823,-0.09412591759500044,0.7200967085019716,1.0846310904605971,0.8258646502492528
2022-04-20,0.05598059339428918,0.047932073404544084,-0.23125897813325302,-0.38006197168167777,0.6716036847588924,-0.4342126503149468,-0.43948114520774295,-0.37381992115783635
2022-04-24,0.22379709063782283,0.1847922797892032,-0.53282637059473,-0.2686382732444259,0.7549628177147438,-1.223454077653685,-1.3764805583534767,-0.6334518071419715
2022-04-25,0.068229748170201,0.08197841235142445,-0.6597643243558826,1.5515527503981996,0.6563628141773803,0.44391284941136533,-0.27644769771579814,0.246168355465759
2022-04-26,0.06818322692616618,0.06825938566552558,0.3625204631722889,0.790485865227164,4.068376760227488,0.4792900052901894,0.7525831968538954,0.4833992666153142
2022-04-27,0.06813676907828636,-0.006821282401092699,0.625330298495741,0.4105455804520819,1.7189297843934526,-0.32958725638834174,-0.589736907653482,-0.4807039872916641
2022-04-30,0.15475085112968134,0.16372194556244501,0.021108677625969463,1.7455373695640652,2.289607272735217,0.6866006133240177,-0.013179791179962486,-0.15141004552704507
2022-05-01,0.06798516687267497,0.0749165701832144,-0.054289203245838635,-0.3297491636532479,-0.34644110260968475,0.07524634928173235,0.1449968132568369,0.672386923341417
2022-05-02,0.06793897844481478,0.11569348033211302,-0.20518744997647387,0.09307816058332641,0.33692892075043446,0.07279337950383269,0.0,-0.6476769643681601
2022-05-07,0.19750648068139753,0.12915505404118566,1.941340183605078,0.43380427510903985,0.8901197667147143,0.9468347599672411,0.7504039134403007,1.0113328960551726
2022-05-08,0.061599112972765546,0.09504412763068348,0.09192845403138694,-0.07715828880062725,-0.44377985681959276,0.43472113399058987,0.22209492799500907,1.076271205168866
2022-05-09,0.06771731100714273,0.03391209983722998,-0.27559040190582307,-0.7667188385600543,0.6526867502356648,-0.5328118711532492,-0.2607091288304164,-0.12531689066893614
2022-05-10,0.06767148569670756,0.013560241372290172,1.1322272234067121,0.5704299708916283,-0.6537366681509837,0.16555002977620692,0.013069529899056853,-0.2763422703703111
2022-05-11,0.05533013648100216,0.04745440987050653,2.709300983862173,-0.25780621913216173,-0.4935288803721516,3.3007869964558845,2.025799614283841,1.9880141810239227
2022-05-14,0.16589861751152846,0.1490716899308797,1.3789887791038957,0.6099806563469201,1.1679657422363876,2.7187614638406465,2.7799750589043493,1.4076791696845392
2022-05-15,0.061342166605315995,0.08795669824086527,0.6067660510964412,1.2331775700934466,0.5113248336121368,-0.5840993062832256,-0.6107706528809653,-0.41736135505536787
2022-05-16,0.06743501716528488,0.04731967822619865,-0.1037982713722907,0.17258614048667464,0.19931707757969708,1.0530747118220773,1.1287400191521968,0.5557353457839698
2022-05-17,0.05513692335967768,0.0,-0.45489327376417865,0.4610581245558354,-0.8165551442187446,0.6124214051123289,2.294139847429766,0.5691619566227324
2022-05-18,0.061229488121483655,0.04729729729728849,-0.7728909357918479,0.12104248412814211,-0.4749841504509411,-2.1694914364023155,-1.285037859868532,-1.1989051428218156
2022-05-21,0.17133765756944808,0.14182481258864232,2.46181892143158,0.10078921005691743,0.5408986536240334,-0.6728147668938478,-1.1912616525466602,-0.9619097259010556
2022-05-22,0.06719609040928276,0.04046398705153109,1.59810263538942,0.10063687530383891,-0.6803461601262772,0.4882160834746241,-0.21124702656496464,0.9212806386033057
2022-05-23,0.0671509675844062,0.08089524066334786,-0.8165292481249642,2.036063816546485,0.46729419476214673,-2.1045400807947257,-2.97671910899584,-2.25597796276521
2022-05-24,0.06710590531966432,0.033679105482953275,0.9746946813823376,2.714865668193811,3.7526339452859547,-0.5193197287010065,1.7714641941389386,-0.33710347216939773
2022-05-25,0.06706090349326566,0.07406908625682274,-0.5180788201134545,0.8826196776346551,1.9765321263032876,1.0012224595647101,1.9173256390854432,0.6855797832289845
2022-05-28,0.16449372486901925,0.16821423765307486,1.8501254601238637,1.7260117851006562,2.6276419443689525,-1.3843734951192732,-0.9776819283858207,-0.8672873388887115
2022-05-29,0.06690590596678536,0.006717270101441741,1.0818273816980417,0.565559620157785,4.614489485278805,-1.0389002160654526,0.1624502384571791,-1.442442596616178
2022-05-30,0.060782883539989285,0.04030091348736775,1.7438350694390037,0.013949104087096487,-3.3500743813481226,0.5707052005523128,0.4241807717512591,0.7183023254346388
2022-05-31,0.060745960393626675,0.046998791459640366,-0.1334486007855018,0.22306061707488833,0.6017846126240789,0.14711324214184973,0.08709897610921224,0.7139534935146408
2022-06-01,0.07285089849442539,0.053687671968316586,-0.8096522889219471,-0.041701496006030236,-0.3589300757608105,-0.26582656123699255,0.8193546099097171,-0.6586858339365231
2022-06-06,0.2669255035185669,0.24817224495270462,-1.286447147752412,-0.19021940387918823,0.4178221375959579,-1.8224910053852184,-1.6993959236685563,-2.4054099253181027
2022-06-07,0.06655372700872242,0.04683527365181295,1.0061681624216723,-0.22773084459073445,0.8847827337026271,-0.29767823288882056,-0.5385475044867527,0.45693123083068166
2022-06-08,0.06650946248261125,0.06687621213135042,0.5431149296897031,-3.214243517874771,-3.773564292852727,0.2818387966139868,0.64233932176605,0.932474676124917
2022-06-11,0.15709969788519906,0.14702933903629756,3.035594902017924,1.0636947476697856,-1.330201164049416,-0.4704119591236178,-0.6132160431616129,-0.344446603517512
2022-06-12,0.054295366795376054,0.0533867200533944,5.188980083912864,1.609668114529006,4.254066339121643,2.3823273844536086,1.6368473258048466,1.6747693853575996
2022-06-13,0.06632499246306267,0.04668845461215376,-1.8793650763267111,-0.056264519016513415,1.5517196702793834,3.288729125724621,2.0317551059297445,2.9018119562661537
2022-06-14,0.06628103157386711,0.05333333333332746,-2.2696835147942185,0.5862291359340022,-0.7404019216711633,-0.6211859911282591,-0.12152953794762889,0.27823150017582954
2022-06-15,0.06623712892153133,0.09994669509594267,-2.0181564716271083,0.0932330430341688,-1.0928233364149609,-1.494936008684522,-0.9724843428818741,-1.1196290950468923
2022-06-18,0.156456854013709,0.0998469014178216,2.473747942044935,-0.11644451682348844,0.4755835657263896,-1.3061089982257856,-1.0434031992662685,-1.0052746402827828
2022-06-19,0.06608988223983925,0.05984838409363036,0.5302716840934529,0.38706156936643143,1.630340798423413,0.03397258372910272,-0.4218437365405281,-0.0607420275179571
2022-06-20,0.05403782647852573,0.039875058151128684,-1.1277990108552682,-0.15795474655188046,-1.4065978403759782,0.664975442253013,0.3738079823265794,0.6789772541164085
2022-06-21,0.06601056168986652,0.053145552381583805,0.0787561035980211,-1.9867023477286194,-0.9399870251002751,-0.45357254715479023,-0.8067419407625565,-1.0534580623052126
2022-06-22,0.053973013493258115,0.10623464577386166,1.241293681486133,0.5269254845340132,-0.4672141709566535,-0.3726901260867721,-0.663180295956578,-0.6397834848763773
2022-06-25,0.17381922800288052,0.09948928831995385,-3.046395495946108,-0.8405225888954648,-2.8648828445472008,-1.2922922826066996,-1.2092778654266723,-1.8535745592102582
2022-06-26,0.0538502961766385,0.06626027034191129,-4.45848395205889,0.8714670336676944,-1.3451784378099574,-2.3368520259449577,-1.9124680251372261,-0.9524762171289058
2022-06-27,0.06578160507115793,0.05297311614356204,-3.5025762581468833,-0.8875520879299215,-1.0958557546594472,0.08879838003119644,0.25992944772135207,-0.055638999345264395
2022-06-28,0.05976214665630586,0.03309066843151243,0.2805037860143411,-1.4718354262830746,0.771014638074341,1.5228768009426075,2.0096579820800153,0.6458246762929054
2022-06-29,0.05972645284597622,0.12570294409526284,1.5188687244189536,0.7009664240551272,-0.30907193131374244,-0.06944212210363565,-0.4067765368277354,0.34718057262796975
2022-07-02,0.16116516444815154,0.059468745870217,7.387086854680325,2.698046939428944,4.279516010755313,-1.3393362221958194,-0.9188101597717324,-1.2431725932454452
2022-07-03,0.05959475566150729,0.07924453542891285,0.08724388364822477,-0.8554570459948785,0.248618460763117,0.3399890685897855,-0.16740913490658205,0.5837646273164854
2022-07-04,0.05955926146514745,0.019795447047177284,-3.409561668152683,-0.04716785610657803,-0.7876531987663693,0.08955134104455809,0.09029454164535267,0.5091922825191109
2022-07-05,0.06547619047618802,0.06597176408498218,1.5552924975891003,0.06134714907357619,0.2989240110417235,-0.021766842620318805,0.09021308415451124,-0.19734548182812617
2022-07-06,0.06543334721313965,0.10548523206750371,-0.6925633098595063,0.4006795021303633,-0.16610157211489618,-1.1089320828839733,-0.5023042322315208,-0.4817786435661664
2022-07-09,0.16644869813340346,0.14488935721812535,-0.7289645703949632,2.0331705095143926,2.0065384123142183,-0.057476713907467225,-0.7636594789766193,-0.43608155405256976
2022-07-11,0.1127596439169043,0.052610811521769385,0.9119353854879941,5.434872579920635,7.666855906469072,-0.743929240603447,-0.665211665422305,-0.6159967875558725
2022-07-12,0.05335230304108762,0.039437360326011195,-0.6514903044312792,0.6677928126598731,2.7494225900025038,0.17504790410649562,-0.05251153739067593,-0.22661621585290392
2022-07-13,0.059248726152394404,0.09198423127463329,-0.8831806369580475,0.13441631642336915,1.6783823913461893,1.3684169576587024,0.9985320798998831,0.9693445967411618
2022-07-16,0.15987683562292965,0.10502822633582376,1.0030813145681883,-0.04327225775738741,-1.7530304092227667,-0.877712870623959,-1.3397929216060311,-1.3458356315499187
2022-07-17,0.059119125036954934,0.08524590163934143,-1.0987611285664167,0.36817039754173386,1.784309904442427,-0.9834459654426086,-1.0678486586708447,-0.6725681127476735
2022-07-19,0.1063515509601265,0.04586254340561702,-0.4086261728914242,0.16402443837657543,0.11089990033967823,0.3896127370387026,0.09326664597328893,0.6159595498489434
2022-07-20,0.06492356725491533,0.11132940406024527,-0.06703345048353349,1.0599935908376823,2.6202720718467187,0.6579436495889324,0.8121411592612926,0.749414033663065
2022-07-23,0.17105107939130448,0.07849807025577249,1.0626382997153572,0.8271231598362183,0.676726884876544,1.2595256272318167,1.4261938515069517,0.39296682126592763
2022-07-24,0.058882411823590886,0.05229099941173043,-0.12213697371548093,-2.1143422404823253,-1.406252065951774,-1.0903428101532775,-1.5755229568844897,-1.8003360424538761
2022-07-25,0.058847760842706265,0.04573071143920693,-0.6274173069431344,-1.5508731983163826,-0.5604825832991822,-2.1668428935024964,-2.8574418635073373,-1.9710753079442256
2022-07-26,0.058813150620484755,0.045709808018812303,0.2300829130460924,0.7284346237906414,-1.3039534993492974,0.588374892378396,0.16339135821310524,0.27985951344644544
2022-07-27,0.05877858108505052,0.12401279289864231,-0.13879932281479768,-0.771105021625007,-1.6067252985254354,0.9276906943766372,0.8701484555425187,0.5765075534696962
2022-07-30,0.16448334606120607,0.071707953063882,0.6895951259071387,0.9263325818332113,-1.8668380625609493,0.21533839589775727,0.1347647023106857,-0.1689069480894978
2022-07-31,0.06451234531699157,0.045599635202919764,-0.09025914432240212,-0.587242680235367,0.5384749078034323,-1.3211607876529308,-1.669129097951516,-0.9784077293700677
2022-08-01,0.05274879849959113,0.08464643833832053,-0.30022915941064765,0.4857011096623287,1.90535929588449,0.42181206634106516,0.5339349501785939,0.7184308668223505
2022-08-02,0.05272098881143883,0.019517272786417905,0.029321283107752727,-0.5965686084700494,-0.7926816371439771,0.5662494347790759,-0.013614092830160907,0.30409599570890844
2022-08-03,0.0644028103044425,0.09756732145180802,-0.34367684937368637,-0.017484792656918824,-0.8164192332777431,0.9770373562155488,1.007729668100077,0.7925729609359111
2022-08-06,0.175530981218186,0.1494574046396746,-0.7966450404373715,-0.6177859850153511,0.43345989256722284,1.6337815165191616,1.118996724779242,0.948307516134439
2022-08-09,0.1635418491910512,0.10381520892810414,0.6009292802851673,-1.6003068483581906,-1.3383150334185578,-0.2881271034131827,0.08013207876089723,-0.05016807460939132
2022-08-10,0.06414368184732844,0.09722582317863715,-1.0446788155702103,0.5958799982253016,-0.8793141155105988,-0.5971897109673163,-0.2798717742289569,-0.16052589578771093
2022-08-13,0.16317016317015653,0.08418053487015964,-2.522876816445474,2.266925773043682,1.9970575414123948,2.3728146197939504,2.2445241010013772,1.220784536317332
2022-08-14,0.06399813823598777,0.05822981366458979,-2.2965900426073826,-2.203605315514612,-1.367937479227399,-0.39754339143949213,-1.2805990676894252,-1.217047515359948
2022-08-15,0.05814291528576376,0.05819592628515391,-1.787769254911531,-0.9752539381620684,-0.3810571572416932,0.34686377191943674,0.5559684073824789,0.22872947208016914
2022-08-16,0.058109128944150434,0.05169962517772575,0.0028766356236831214,0.10342539829684139,-1.3210418769651011,-0.7505114127749235,-0.22373208841683923,-0.4629649250899148
2022-08-17,0.058075381845634766,0.096886707143784,-2.511942678560608,-1.3342436501768473,-0.43275360368314475,-0.9983205600725964,-0.9498409201266766,-0.6578853144406094
2022-08-20,0.16832085437343824,0.10969865135186385,-2.894287937097506,-1.5799372809988,-3.7710961253481945,-0.9951293288467111,-0.9724124609279072,-0.36868291515891327
2022-08-21,0.06373855603198919,0.03867474539125393,0.302658430105307,1.262970020063925,-1.938275905467568,-0.5050033998755588,0.12117504326096817,-0.2588609726117297
2022-08-22,0.05211650935201817,0.07087628865980466,4.364386990883751,-0.7857607466781547,4.768757994436523,-0.25684724355186095,-0.30906517378643805,-0.3051343500818704
2022-08-23,0.05787706910522772,0.02575494172945003,-1.0688486238466077,-0.47432485250050727,0.8700379893189503,0.9981218020168603,1.1724330910690028,0.6828917197953199
2022-08-24,0.05784359093012892,0.09011908593499207,-2.1725583955866323,-3.1738699913883672,-3.286706575278042,1.4520444777557096,1.2918671489949407,1.1659289520467908
2022-08-27,0.16764943924152398,0.1350569168435234,3.786848880613647,0.11950298347045418,0.4553056440780745,0.5768041800666257,-0.039440607934360106,0.2924572743630893
2022-08-28,0.06348473480695116,0.05138086062941305,-1.2588587495647396,-1.2504623706266371,-1.6681609311101186,-0.7257977139163985,-0.8681802612200751,-0.3666038591582099
2022-08-29,0.051909101395786195,0.051354474258569205,-0.31506864399070134,-1.4111965868733867,0.014283578550644549,0.5441370068568485,0.5308353987461656,0.4182651733188214
2022-08-30,0.06341154090043766,0.025664057487495562,0.04726577931415399,-0.5490586151279397,-1.6724633845151882,-0.3194727272037734,-0.36966619823911584,-0.49071520047285766
2022-08-31,0.057610323770029837,0.09621552277101486,0.9329273767072266,-0.2661826499120279,-2.4353637552881113,-0.014349175718919582,0.039738454014015545,0.3558910152890338
2022-09-03,0.16697374481806637,0.11534764498557504,1.377690957829003,-0.4695600059931082,0.30210700781072575,-1.127862013172698,-0.9402486668170229,-0.5955438446275996
2022-09-04,0.06322929240674124,0.044805735134101354,0.4385363381193441,-1.584024872321621,-0.5481212783262857,0.10886808934760239,0.10693254876963376,0.1706819369434287
2022-09-05,0.05170036764705621,0.04478566858605593,-0.9652096498913298,-0.923404016662166,-0.5362182361957069,0.12446212265999623,0.14687519716636288,0.2550255315773242
2022-09-06,0.06315668599643498,0.057555797147790244,0.1508413602213654,-0.7384139409917112,-0.1646985860829009,-0.4887832991121166,-0.5599737448207409,-0.7278110277556316
2022-09-07,0.057378930456741806,0.09587114917550821,-1.091895737596138,-0.22572801692183342,-0.3400101296667457,-0.44873298849973375,-0.06703894152141343,-0.28828170262736874
2022-09-10,0.16630347516917166,0.10854990102802109,1.5519618904350274,1.1723986706267953,0.8328432185710888,-1.0135977579328492,-0.979720016807839,-0.8019104842659552
2022-09-11,0.06297589740653642,0.03189182293659165,0.7612700661322469,-1.697568511601233,-0.8209789331262152,-0.3003059952308318,0.5421301052694227,-0.170374225768255
2022-09-12,0.0572147843002524,0.051010648472860076,2.1748828532273112,-1.882053848798293,-1.239148901946796,0.7024114637949053,0.0,0.2117758058939767
2022-09-13,0.05146386093322075,0.05098464087693877,2.453515080499802,-4.378959991011722,-3.230746679777563,0.20593410474234464,0.09433529161748666,0.3413159722986281
2022-09-14,0.06286792021490406,0.1656156443085477,-1.3641177021330608,-0.36925746450262587,-0.041971260731465954,-0.30582802560937816,0.40406102786259,-0.1985085814135812
2022-09-18,0.2170436371944362,0.11446740858505056,0.2521953900559204,1.399447218907457,2.0586129040575107,-0.8380933653452827,-1.153519132237668,-0.9063466632764028
2022-09-19,0.056993046848274886,0.031760147367076996,-1.7389158500548785,3.2292951113262136,3.807742416454296,-0.07795480638680408,-0.0406982204591233,-0.16334207790922317
2022-09-20,0.05696058327637754,0.07620015240030753,0.3573269892217734,0.8824952289617549,-0.6344727022775998,-0.496594003101436,-0.3257183252351137,-0.5274367873078778
2022-09-21,0.0626209723329163,0.09517766497462166,-0.8018059602537542,-4.923767457000916,-3.920961979459281,-0.4654808382911213,-0.8307223633692185,-0.6864166459326193
2022-09-24,0.1820560960345885,0.08240887480190917,0.9410961060605016,-3.492922242369023,-4.117390926622355,-2.0119026354130765,-1.8401223931850952,-1.181939321574299
2022-09-26,0.11357828383213864,0.12034456549276928,0.4871848425749059,0.9019803071094179,0.7635447400432094,0.9353640529143892,1.1611070634781617,0.2515745756913601
2022-09-28,0.10777695842079105,0.13285253368759964,-0.5266117871649212,1.516275001357803,1.3542524258461919,1.2655194004917325,1.2723736590998902,1.520573538291936
2022-10-01,0.17565729827742071,0.10740459944402758,4.733640709497555,-2.089963433665021,-2.6458053760801903,-2.538105905082666,-2.717572324062212,-1.9810699358485562
2022-10-02,0.05090785677923648,0.04417797412432645,1.2783543576170509,0.6432312607056678,-0.806041903701693,-0.12297457112028232,-0.5613809972532469,-0.40075198013834745
2022-10-03,0.062189054726369264,0.050466818067129715,0.7235213433728571,2.030405503875099,1.3396678556732322,-0.09362266813512932,0.1270238119241096,-0.030463569659744394
2022-10-04,0.06215040397763438,0.17654476670869723,-0.34083048598402277,0.40464331565539524,-0.27088413541819234,0.22208204018381306,0.014095851792195191,-0.018283711667099745
2022-10-08,0.2202145680406442,0.10070493454179541,-2.02028831748009,0.033138075313798865,-0.7279849068599464,0.44319259108813736,0.6201300662411757,0.6083002775377544
2022-10-09,0.05634120232125284,0.03772635814889291,-0.719551252833539,0.4801756070791807,1.696502594651017,-1.279074042380568,-1.5549313118097596,-1.2997611845377066
2022-10-10,0.06194042457345894,0.06285355122563896,0.12979896198090923,1.0875260309129553,1.829629933164112,0.2712671994756555,-0.02845648581162319,0.027438380031452603
2022-10-11,0.056274620146323784,0.05025125628139726,1.334210119221968,-2.5483473874127194,-2.710965537909571,0.6776396338246116,1.252598175451336,1.4667269102026648
2022-10-12,0.08436445444319762,0.10045203415369741,0.07994917666511725,-0.03904478318313975,-0.608405454151606,0.7882392390365256,2.0665739882607337,2.3178084816365407
2022-10-15,0.1461084574318594,0.0878073256397327,-0.2822719088342862,0.5020313472273719,-0.08197138722200181,-0.14220341714800133,-1.225825881270437,-1.758208450731047
2022-10-16,0.05050221648617015,0.06893094372728559,1.0842641995426616,0.7214966751705854,0.6016714618440888,-0.4030263312558624,-1.0458433625105124,-0.6943782619019623
2022-10-17,0.0729108244531762,0.05635919594213501,-0.6261386969627525,-0.8375446278433119,-0.6904613916324243,0.08680199741040173,0.08453936112398086,0.2890057056972761
2022-10-18,0.05043994843916266,0.037551633496057946,-0.9438306672751029,-0.4778985267181901,0.10400130769576688,0.28314244368756736,0.5491963941775868,0.19223688969551844
2022-10-19,0.06721935917544108,0.10010010010010895,-0.1502984838079202,-0.23453928011053504,0.13671607441301248,0.029257163896012628,-0.35018132191910745,-0.16171793332898643
2022-10-22,0.16233766233766378,0.09999999999998899,0.5967286666261007,-0.04473339237462959,0.38775448782315536,0.16910851662796933,0.04215090022281487,-0.06283003502672857
2022-10-23,0.06147655507739991,0.04370629370629153,-0.3366847530956507,-0.4535314176308036,-0.22850526919415692,-0.4595029796714445,-0.7866396273763621,-0.6954181899008871
2022-10-24,0.061438784629141985,0.0499282281720026,-0.806994657328064,-1.8954819326754357,-0.687031200231214,-1.6641161028805307,-1.3591061042328767,-1.3859537193080196
2022-10-25,0.055819145967062056,0.04990331233236667,0.45947628269242813,-3.692260631934352,-2.146813337704989,-1.1100298188297497,-1.5789008881711752,-0.517904227480237
2022-10-26,0.05578800557879404,0.11846125070140712,0.5973171831561874,-5.0363187386645025,-4.354205786118259,-2.2043203348893092,-1.254286172087804,-2.269716326053084
2022-10-29,0.16727069974908915,0.09341138373395452,0.5295712602237712,6.337785047030886,4.3236015023893515,0.02949889075904988,-0.1771944855518348,0.6245401684554341
2022-10-30,0.05566379070414129,0.04355129720650108,0.1010936759503922,2.717648362357905,2.828581843956113,0.9638082191415931,0.6066517116941395,0.9286672619282177
2022-10-31,0.055632823365781015,0.05597014925373678,1.344854203051904,-1.1363352983648767,-1.8484425084244194,1.508239407136469,1.4412388190889747,0.6970865657517367
2022-11-01,0.06672226855712893,0.0497234135123481,1.961643626310039,-1.0971883375637481,-0.16155729171029032,1.2124895394334034,1.4061086405280587,0.7982787206211928
2022-11-02,0.055564816358288915,0.09939740324285129,2.777869186510107,0.26998541533092,1.847216063779178,-0.24037652436948997,-0.9292243897842001,-0.3812038088972014
2022-11-05,0.1666018770478228,0.09929870291069953,1.6366726186811231,-0.0994931292363721,1.9780867733907526,4.549467137700702,4.963979046966771,4.639534300029169
2022-11-06,0.0665299107390327,0.068200136400276,-2.339155495319134,-0.3281451038464889,1.2519064736388419,1.6838477729187007,1.127249438867528,1.3862270914723585
2022-11-07,0.06648567787688187,0.06815365551424701,1.406862683065957,-0.7348463921537207,0.1539286908723847,3.5081044171189957,3.126731658792825,2.96275846319467
2022-11-08,0.06644150379271352,0.04334096959941469,-2.3395888102196616,1.8359341103248106,0.8053572983315327,0.09182065878221568,2.016797716275298,1.991534516121063
2022-11-09,0.06639738836939912,0.09902215620745114,0.2087563413622151,-1.7737458812107865,-1.6714714404736486,-0.25639664557561836,-0.6072041068974632,-0.020703910618691257
2022-11-12,0.17141277301631064,0.1236552491653331,-0.36328741860410796,-0.7992964276953951,-1.6838701107833254,0.667402428953312,0.9880031252722743,0.13289001898375563
2022-11-13,0.07175977036872894,0.06175126590095559,0.5635049728259789,-6.935245550657065,-1.0384996096705845,-0.8316477968087099,-0.875369157133632,-1.0695203078302185
2022-11-14,0.06619228859838788,0.043199210071587224,1.7951278523294034,1.680236612153596,1.7801169899689828,-0.8055563709805202,-0.5195290706551114,-0.6221658424636067
2022-11-15,0.0606361281076051,0.055517858244402696,1.3749143880529058,-1.9300287308705144,-0.16734247280684178,1.0442903941477288,0.3132593023956298,0.6335897529994972
2022-11-16,0.0716174526222968,0.08631319358816114,-0.6265440838119751,-1.6978595116460604,-1.449120683667704,0.33350652210968335,-0.3903513161845673,0.27947998827040355
2022-11-19,0.16515276630884035,0.1231982259455533,-0.38322166072289887,-2.688883967381417,-0.9107446094441141,-2.050737042370465,-1.6984382177308133,-1.7300536032817337
2022-11-20,0.06595218466611819,0.01845699520117705,1.4346037734835004,-0.6051107297606939,1.0686304642345767,1.24469545640562,2.166446653660592,1.022269341800608
2022-11-21,0.06041632339210956,0.0615119640770212,0.1688334143264969,-0.3449631080171267,-0.4273349449651964,-0.5471897917561086,-0.4423678327835301,0.09909279488886646
2022-11-22,0.060379844110225456,0.04917932009589343,0.7328304835171551,-2.2805773356524783,-0.4016602249980905,-0.34536401025720975,-0.16983729787853896,0.23284881012068936
2022-11-23,0.06582917329529536,0.1044546850998529,-0.07761136467128171,-1.7572821189858923,-0.06625394022753417,0.5234290949595044,0.4187722724435794,0.14814708868011728
2022-11-26,0.17542897867441898,0.13503560029461958,1.453716105832159,-0.5656131226245309,-0.17690508051010356,-0.22230946574347543,0.7690346824617,-0.4826073802360553
2022-11-27,0.06567066163192248,0.03064852274119456,1.3539260229191052,0.3128316291888922,0.5648357038307905,-0.14655061219495114,-1.215806767019867,-0.2477421849803263
2022-11-28,0.06562756357670896,0.04902261167962774,0.8850626400621397,-0.8434581497639648,1.4482414644292785,0.1754000145188117,-0.1571012799726046,0.45491819725791416
2022-11-29,0.0655845220527862,0.030624119556565965,-1.4832147455320022,0.40740229748890133,1.8726583612648673,0.24418515017528009,0.7474052631048167,0.7019752239604715
2022-11-30,0.08738871593205744,0.1408278226794124,0.6031669243254267,-0.19222731167369833,-0.7193207613247488,0.15802306040513248,0.3125053633643571,0.3950230464416782
2022-12-03,0.15279672578445425,0.08560073372056998,0.61372111196909,-0.1069665960043209,-1.4543884384534578,-0.026099064879825384,-0.20759282150866198,0.013718285318709
2022-12-04,0.05993570533426862,0.036654652086265394,1.7478065258985875,-2.0065446490098227,-0.8604550278696999,-0.28003951389510284,-0.0781521237518179,-0.27078715384249996
2022-12-05,0.06534524068830816,0.10381679389313003,1.4848951959486767,0.5538059153629149,1.1865487052980406,0.15825811498710873,0.26037719661982095,0.21247141820279758
2022-12-06,0.05986068785373,0.15861395802829747,-1.1132800271897114,-1.4059248171836347,0.26054925305587506,-0.10811823367831153,-0.44139186042033707,-0.25949721389201263
2022-12-07,0.08701800184913733,0.1522718966987524,-0.9718730914319629,-2.7856940727685187,-1.3590934096637586,-0.29377465192739205,-0.7431642639407765,-0.6273227337466158
2022-12-10,0.15758300277128878,0.08514261387824185,2.835180191391262,-1.1190543314744783,1.0265306245919703,-1.3682401643989595,-1.3791152649413663,-1.2281739491662447
2022-12-11,0.06510416666667407,0.06684085799355532,1.6267152373494076,1.7357864855133354,0.309718879350096,0.745015376424818,1.691514768377056,0.7163907771687406
2022-12-12,0.059639991325100006,0.10323050765119746,3.068098569808342,0.23293240403405857,-0.2600248790241122,2.1632861106904544,1.5455216567301422,2.4876227839875753
2022-12-13,0.05960444324031311,0.07279344858963643,0.8249734385559426,0.5024405989582981,1.3523242051993734,3.6967890931731917,4.514271219058719,3.704840976462398
2022-12-14,0.07581501137225999,0.09698733102987411,0.01709318688278838,-0.1566659554625316,-0.05895058298260869,1.5241229725354577,1.7895447630256411,1.7434660061496299
2022-12-17,0.15151515151514694,0.09083752195240269,-0.258456107867544,2.062430954662453,-0.15552149661640646,-0.6261685457714772,-0.9579008504017494,-0.6355219296864889
2022-12-18,0.059433758374760615,0.04840271055179812,-0.2848171229171137,1.303247056873813,0.6927316709925302,1.635380184411539,2.4483768273049655,2.500579954314741
2022-12-19,0.05939845564015833,0.02418964683115199,-1.0630727170314214,3.816134363686685,5.3757522873864705,-0.058567614778681776,-0.513839129230409,-0.1908113810952461
2022-12-20,0.0647598488936918,0.10278113663844124,0.24744776102822996,3.0075463017352977,2.7177109870673677,-1.4651583401020796,-1.0328541850586404,-1.5895906022255768
2022-12-21,0.0862905835400607,0.12683457148034982,-0.5651486146933005,-3.210327793952228,-3.759319806541961,0.24127356564556113,0.12133721612423987,0.20433402109003573
2022-12-24,0.1562668390990396,0.030160453613214955,3.6824072432984467,0.013970855947764704,0.1843029112986283,4.0112468004724455,2.6181071427620273,4.521354270801825
2022-12-25,0.06994135686231306,0.1206054393053213,2.1633262875387027,-0.6632407575943633,-0.08688746767319122,1.2291811429685495,2.799447144553535,1.808647335302327
2022-12-26,0.064516129032266,0.09636812624225222,3.0179666984519793,-0.0703108520894058,0.5114266446107463,0.12865977986620258,-0.5400724136363833,0.8702067798610935
2022-12-28,0.13432194283258259,0.10229255671219128,6.0865954906586195,1.5403225061352055,5.0071276200886805,4.258252749825764,5.915048525204414,5.39315600824144
2022-12-31,0.1770671245372002,0.06011060351045483,-9.802469931176061,-0.651144104216661,-3.610179292704918,-5.141574804855786,-5.246518918698662,-5.854487578885026
2023-01-01,0.07498660953402236,0.10813408626697552,0.09176709015814577,-0.09060083287949494,-1.7193908236695088,-0.47244092807208204,-1.1626995168593335,-2.2259942979843794
2023-01-02,0.07493042175124032,0.054008641382630174,3.0129262508951093,0.8583152284668438,2.081949501410474,2.639920369854165,3.4125561284097827,2.9464422441226823
2023-01-03,0.07487431810888623,-0.0059977208660688675,-2.498031259380895,0.7403347132312943,-1.4682247800273607,-0.8545434939253416,-0.1689074226459808,-0.6923282736190584
2023-01-04,0.07481829841813337,0.17994241842609338,0.6182081070602585,-0.8036016678603652,-0.44244991801197786,-1.3580476692037102,-0.3159512624415828,-1.2493067782988532
2023-01-07,0.18690590622663095,0.08980960364028956,2.9071037985255455,-0.08304712277051873,-0.6231961424895904,2.464395975219502,2.014496015398737,2.0231965948588337
2023-01-08,0.06929268162678692,0.05981934557635071,3.67246643943957,0.7275989026147567,1.1463090414565613,2.657911546635683,2.607072945386668,2.39080984783715
2023-01-09,0.06924470011717698,0.0657619417707922,-0.7169878067567859,-0.8255747428073223,0.5996802248609878,0.10830686097504927,0.2055093126604346,0.05433226755242604
2023-01-10,0.06919678501091653,0.05376986497789282,0.2394192330768652,0.26362697728994355,0.14648291682208825,0.7940572886851349,2.416835696190245,1.3164768239932956
2023-01-11,0.090425531914895,0.023884874902968534,0.24662550189864518,-0.5327188656583659,-0.09077350040509469,-1.8206482540590874,-1.7382235556666736,-2.357617239106369
2023-01-14,0.1594303023861432,0.17312399259745703,2.713850922737149,-1.3911516765089171,-0.8230154976210935,0.23927448064919865,-0.9971598907306145,-0.30341083599122465
2023-01-16,0.11672945296332671,0.10727056019070869,1.744467362090285,0.5501840718183049,1.2065375626247876,3.774053295373192,3.216387489499639,3.0244742410641345
2023-01-17,0.06889607292384081,0.023812358614128115,4.298415087813834,0.08421327223853137,0.105637707016637,-0.30934763084168315,0.18882323240472232,0.4196604088470002
2023-01-18,0.10062493379938697,0.1309367932389005,5.793600891296302,-0.742974675116792,-0.8140019614990335,-0.04177312221411711,0.31422732983859003,-0.2552006468402701
2023-01-21,0.15872176075339972,0.02971944840703955,7.653413548054844,1.4476217388015744,0.7751001488273568,-1.3531839080255126,-2.140169089301225,-1.390564244523651
2023-01-22,0.05810575246949501,0.1307267217303565,9.340722287352833,3.6405289764498416,6.982690101131395,0.93298712299692,-0.30931049194314886,0.3830538689674867
2023-01-23,0.07390983000739038,0.059343659130028925,-7.2041176739922825,5.077620761127322,5.464959924066637,1.1651991779201953,0.6955507560410856,1.155083834594639
2023-01-24,0.07385524372229835,0.053377616985939014,-7.548100783213241,-1.898386707159383,-3.390650711013443,-1.224877539250624,-1.3602423916914241,-1.4305381313759247
2023-01-25,0.07907221929361885,0.023710729104919892,-1.2891947673243087,-3.420635077393064,-4.962409141948809,-2.3651092404092244,-2.6179696146493625,-2.8551792248060037
2023-01-28,0.16855412167500194,0.17186203626882168,8.624873353134666,1.6932814784769379,3.9064539828141953,-0.9361935933737686,-0.4093847316998467,-0.6776295364861684
2023-01-29,0.06310143555765535,0.05916109566348471,4.699185584225485,-1.3533062421820286,-0.7799562292382545,-3.3210571812406053,-4.565681715548053,-2.997252706747333
2023-01-30,0.07357191654842055,0.053213504404903134,-0.5023200548430862,0.41697076447810844,-0.6213051936567848,0.5625365998042975,0.36090556347052605,0.3001402410849563
2023-01-31,0.0682665546394956,0.05909466966078636,-5.20343517855586,0.9309048779794438,1.918231815569582,1.2049331520117113,2.284821546899374,2.211044141408225
2023-02-01,0.11020151133500633,0.07677769903142728,0.5906855817986223,0.13268895268925274,1.0688566237447628,-0.691447631642994,-0.5216314468887706,-0.5091990238402677
2023-02-05,0.20967657388477612,0.09442313366774258,-5.269398179834861,-0.17228714703064751,0.12876760419004984,-1.453881983657468,-1.6869404260808185,-1.0489769858237796
2023-02-06,0.05754040906000846,0.129709333176109,1.8431744136239159,-0.28547204842293006,0.045919428427354525,0.27058366291226044,-0.44062740042573045,-0.1662969691047067
2023-02-07,0.06796319531576778,0.011776482364722618,-0.5746644829915604,0.31292714690087653,-0.775718943878001,2.062475195920288,3.784875850544678,1.9537662513547271
2023-02-08,0.10971213625201592,0.12952605239917592,-0.23934396966802662,-0.5308933385191006,-0.3654687849796612,-0.12065890526451462,-0.7293447855423185,0.42060393753939884
2023-02-12,0.20874647740318775,0.09995884047744319,5.36133733555717,3.6493245324918044,4.025459407206311,-1.1712977384944478,-0.033903651535038826,-1.1923842216432723
2023-02-13,0.06770128111655005,0.0822368421052655,-0.006189343292384297,2.72271093838925,3.351921829930915,0.04464461198179226,-0.1131747313497744,0.01580665642493262
2023-02-14,0.0676554774915461,0.023476933912425224,1.869769986108194,0.23807473520516265,-0.6909684722106957,-0.531229202650263,-1.2564067165896198,-0.5074559512927124
2023-02-15,0.13521947160390901,0.17016782067831304,4.516425644865341,2.7505596628378814,1.8742252634376566,-0.6205855722455467,-0.8942775056459129,-0.7768216946614892
2023-02-19,0.17658668328659477,0.16402085408002698,9.207048660004835,4.933974327447999,1.7928268961243443,1.93356998681391,0.9948693312592072,2.010807001057202
2023-02-20,0.06739941932807358,0.04678636177555262,-1.428224338450057,-1.9016953561372674,-2.9773073901187774,5.51250209903944,5.783946694519093,6.5668178885546435
2023-02-21,0.06735402310760197,0.011691120593915194,-4.310280726393156,-2.2340032894619055,-0.7563632206367021,1.7068589977622617,4.395880222880977,5.714777038639918
2023-02-22,0.09837423630527642,0.1519668010988351,3.966269982210857,2.817051112654556,2.78286124703393,-0.9206579507856416,-1.5557538278517802,-2.0730607529312217
2023-02-25,0.15517508922566758,0.09337613072657458,9.720802141132424,7.608188708413466,7.147981887635768,8.807198518228155,8.006801492716974,9.853157257635225
2023-02-26,0.06713835665961287,0.046644510524163074,3.229322737905127,1.2075392943036833,1.716239614246251,3.038663145506626,3.37487581730167,5.297682440391416
2023-02-27,0.07225433526012459,0.06993414534646192,-6.749584319780711,-2.9531252130982177,-6.002634771031234,-2.834061141898969,-1.160594323817743,-4.965533706119829
2023-02-28,0.06704486848891911,0.05241395375925606,-1.6207777555817038,-3.7661149154947005,-1.2614862339242472,0.688210013239865,0.26735976723233357,-0.8682304798706908
2023-03-01,0.1185383703550924,0.0989522700814982,-6.497038319635006,-6.757635321228195,-5.210929778210538,-2.3199676937398106,-2.9324878183495717,-2.5257559014305597
2023-03-04,0.14928446412025842,0.05233470954235653,4.427236077696106,1.4569073420461987,1.1268953901384382,-1.373577611197463,-0.24528161584111974,-1.7897872436001716
2023-03-05,0.06682086867129122,1.482041148436597,-4.747049345017118,0.6905157967143305,-1.1536556949189425,1.002302722235271,0.206560455124416,1.5084313611702038
2023-03-06,0.06677624820217165,0.057270488517269236,-4.369278729005521,-4.21770568045442,-3.0061906229956636,-0.7963014399248625,-0.4317831187354959,-1.8401013620168993
2023-03-07,0.1334633745700975,0.21750329116823064,-3.9441427409275476,1.3811855800460737,0.27350279028559576,2.884818707312564,3.143759257815537,3.039450890518358
2023-03-11,0.19992823089147738,0.06282483294306473,-8.602430390819926,-3.0685346057952922,-3.5954801343881737,-1.0614889062730115,-0.3056967513421549,0.13838468045390684
2023-03-12,0.08185818070194362,0.03995433789953928,3.5314324962913757,-2.5144927819496066,-3.969988406930902,-2.1429831774004926,-2.8943860262450105,-2.3783730878142895
2023-03-13,0.08179122789080395,0.06846579562960198,2.5715586819472502,2.7314581833808305,1.4287569622569718,0.996691187536336,1.5297463941382317,0.48777055956468196
2023-03-14,0.07661661048115054,0.10833000741206078,6.838532612077564,3.3412526070500492,3.340109002424585,0.9542862034896737,0.21393035888606082,0.8409304202923185
2023-03-15,0.11228499974480499,0.028477047499708696,0.8353456120462344,2.429653914697716,2.4967439590173113,3.236930745089328,2.7451030546025823,2.9185996995220176
2023-03-18,0.16314045373437835,0.18220121847065673,6.882015209021408,1.642088701920863,1.2978901500651174,4.425343169363205,3.8803127651585223,6.977005865630459
2023-03-19,0.19341375273578265,0.2046035805626678,2.627862512346524,-1.908814200044262,-1.2316268540400577,0.9486747704742227,1.7631363996748695,1.754395370697992
2023-03-25,0.28448056896113183,0.15313935681469104,5.988478926510243,1.20786421621355,0.6303576740886552,1.5049697985890287,1.616506935947104,-0.39052297461837915
2023-03-26,0.0658527936781228,0.06795786612301402,-4.5472888077325635,0.46410212683021257,2.8688015725491622,-0.21872358542357473,0.05272382276684251,0.18876022766083356
2023-03-27,0.06580945631264878,0.05093378607810006,0.0,0.0,0.0,0.0,0.0,0.0
2023-03-28,0.06576617594982181,0.05090785677923648,1.1850832673511613,2.049105789633221,0.49960208683350604,1.9229649591203657,1.3954799151844721,1.3080719326429735
2023-03-29,0.18705763397370845,0.09045680687471691,3.47127793314006,3.142636487851247,1.5265496458580774,1.3603388198428323,0.7271152400080139,1.191421566194495
2023-04-03,0.21193924408335896,0.2372345232715789,-1.4864864864864824,-0.046077640824793153,-0.7712973394574885,-0.5281378310925011,-0.19768878002776047,-0.14052211445318985
2023-04-04,0.06546150360038361,0.09016116307900557,-4.709228426523704,-2.1724098190618824,-2.16157205240175,-0.1626819042685801,2.531489759377803,1.0191752293758238
2023-04-05,0.1258051529790638,0.045039972976024245,4.075595293123269,-0.630264475466813,-1.2184780182994848,0.7052929397744601,0.15117192874880558,0.1745506172479372
2023-04-08,0.1306729657737371,0.16882386043894915,-0.8730410506947561,1.8197984588026017,2.11910356045546,4.267325696529634,5.198661146508554,4.426030189778185
2023-04-09,0.0702705415851046,0.07303370786517771,-0.8000819283894622,-0.37259125574896634,-1.048626166983757,1.2908804545875618,2.0963458352689646,0.77620643744718
2023-04-10,0.06520539700054506,0.056138775051928214,-3.258400867186295,-0.44410681937707697,-0.7959220175281723,-1.7332845513582718,-0.7807301982216797,-0.7891376653193949
2023-04-11,0.1654135338345908,0.16832183134152245,3.2054103805674528,-0.9391324763749487,0.18029387902280813,0.7640278618079144,-1.2747109360195852,-0.18595314585072575
2023-04-15,0.15012760846719875,0.11202599002968494,-1.4656843737882896,-0.2547846181193303,-0.3284441644920366,3.79271324870869,3.9452015414805475,4.042467919795234
2023-04-16,0.06995452955578241,0.07833044256699839,-0.3790859961173232,0.3029582986812329,0.8441294632781204,-0.22323746236112552,1.2727709644644314,0.44026645185306634
2023-04-17,0.06990562740301076,0.06149717672052635,1.9289767864431706,3.5119928931003797,3.137869292748441,0.5411311722774315,0.4316079561065278,-0.0378836921624659
2023-04-18,0.06985679357316421,0.03911051514136066,-0.2544825091717051,1.716443529007905,4.244607438913239,1.9347779478193994,0.9347793287428852,1.4334379839664457
2023-04-19,0.214410371478424,0.2289863166713202,0.8003626238425099,1.7381032737090685,0.516257962446387,-0.46707959210315897,-0.2838487125785383,-0.3331854218630914
2023-04-24,0.1492685839387109,0.15045135406217547,-0.6269834132051955,-3.295184386575989,-1.4869734498612397,0.1741550927612634,-0.6067075531219102,0.11973911427014539
2023-04-25,0.06955484896662423,0.06676681689199437,-0.17066390846208757,1.0748384883654483,-1.223511604439964,1.6956056825703891,1.7859865686384868,2.240165769183422
2023-04-26,0.12411875682654117,0.11676396997497562,3.435949904808777,-1.8100571299281665,-1.4046737326012027,-0.22603072873451646,-0.022144787833389135,-0.32012070661798786
2023-04-29,0.13884068031932983,0.12218149505720532,8.138632208949993,1.975920271905074,3.3329016103268216,3.4913397568249627,3.4507918515188862,4.156542520118811
2023-04-30,0.06932409012132545,0.05546927002439972,6.247829006785088,2.513840244040222,5.109672028410284,1.877970046689481,1.3027557022128766,2.4006799090688036
2023-05-01,0.06927606511950568,0.06098237055105482,5.59817789498922,-1.1902793850223192,-0.9738452977184231,-0.07411487125090765,0.021213209068982053,-0.509202523602037
2023-05-02,0.06922810661127432,0.05540473156406822,-4.490242417362412,-0.9313479448998963,-0.8108216593746276,1.7617038649972772,2.3454658030914954,1.074737099794354
2023-05-03,0.1284775411375172,0.1218229137825988,-2.62674504041146,-0.3715379419049758,-0.11330986200477344,-0.288199854228377,0.6143929169468931,-0.4060201402109498
2023-05-06,0.13818289493165992,0.12720535368619945,0.5559439395452559,0.3842242061249834,1.843373982092933,1.2620877425931099,2.1404882111698775,0.8191948542666694
2023-05-07,0.06899610664827804,0.05523641184268513,-7.28883886203624,-6.101542271755034,-7.737290158326038,-5.2304635761589395,-5.736174386792159,-5.444550312372831
2023-05-08,0.0837232208815486,0.07176769349674927,1.7140204492162026,-2.128042201174918,-4.307334109429572,-6.533801064974631,-8.372564260886195,-7.858695481466038
2023-05-09,0.07873240822753313,0.06068295912176058,1.9788655752284834,2.719421816622769,3.370280255925029,3.5834978168550746,4.736037791838732,4.379082212362473
2023-05-10,0.1376733208771741,0.11577902745616431,-3.750114752593403,-1.1269453222825132,-0.6145933222909905,-2.2945613338626436,-1.4998358827304603,-1.2240523303886586
2023-05-13,0.1374840420308443,0.12115204581750749,-4.97520148791073,-2.0082016644554335,-2.0963992807332965,-4.49522036552753,-5.186241311709139,-5.287722909548931
2023-05-14,0.06864764146317093,0.05500247511138756,0.9623226227368997,2.7140131700412296,3.8838865743851647,5.984638113875973,6.002535408288168,4.728824793431308
2023-05-15,0.10290082320658644,0.054972239019290825,-2.920342984963342,-1.4559616536848452,-1.6213885295385921,-1.3158855040943496,-0.532472491807956,0.01396399855944086
2023-05-17,0.17132507709627376,0.18130871930113202,-3.2846902201740913,0.23104517541192582,1.2316998334356066,1.8755315608475431,1.2742941340844638,0.773542547880246
2023-05-20,0.1417122752150224,0.12613798398595222,1.203113005267764,0.18804974218986636,-1.831565273868807,-1.18765018039797,-0.45416250125884794,-1.1255969049101866
2023-05-21,0.06831601034500423,0.05477351152982646,5.046885421707237,0.5328166626301867,0.4851799576570226,0.7229181207067503,0.6955787936063107,0.5464914368317642
2023-05-22,0.06826937143413758,0.07116658455137426,2.198650432011151,0.23488316068416282,0.21947151259766873,0.7549289199775266,0.6536908662159391,1.0643393711833538
2023-05-23,0.06822279616003346,0.06017505470459206,-2.0904395283110833,-0.10815357808087178,-0.8759635599159044,0.7340698162653592,0.4279864511532283,0.1290001443467137
2023-05-24,0.12661309958608147,0.12574490186429976,-0.9219628726422124,-0.6436090225563906,-0.5788264404383181,0.6259522235317894,0.16168965283187564,0.879624888852959
2023-05-27,0.1459073002285871,0.11466637545047842,-3.3743140234330893,-0.9746942729144004,-1.506599706679701,-2.023296838286237,-1.195830445877033,-1.8667762922493614
2023-05-28,0.06799086979747404,0.06544859558221816,-2.6915678935329646,-2.800024454362049,-2.4907499323165827,-3.2590789147580623,-3.4155171653599825,-3.0363007571230782
2023-05-29,0.06794467362289947,0.059955306044590095,2.676532261295783,1.3963142335996048,1.1985192040721904,0.7037637041781286,0.42285800272716667,0.4815547855924196
2023-05-30,0.07274843590863167,0.06536659766858133,-1.2253339750510572,-0.024812356553560733,-0.4298321825415008,0.9726971395221717,0.864968158228141,0.7404031431783142
2023-05-31,0.1211592517204707,0.11976047904191933,-2.614077829722794,-1.81175156666874,-1.6578645235361678,-1.4768542190012557,-1.229447996127453,-1.1222164334640405
2023-06-03,0.19846071929909836,0.18486298390605338,0.2001352265043943,-1.067930489731439,-0.3689175305874648,0.531002737747821,0.7146062060976011,0.21131535950547065
2023-06-06,0.14975845410627464,0.1193965049386847,0.11201381953629408,0.22994379151763944,1.0827279118818867,0.614235908485572,0.9765870798536191,0.3707524105251103
2023-06-07,0.12059234962134013,0.12467476149176093,-3.2825116943691834,0.37598776446596816,-0.6306222758045044,-0.3234609578905867,-0.26446849559551566,-0.3707620666043021
2023-06-10,0.15899017151665973,0.12451951708083442,-1.0871686226409882,-0.3999746047870012,-2.9584694353709806,-4.030645738839822,-3.946972707422658,-3.8482879514872947
2023-06-11,0.06734330655635556,0.06488590894344615,-2.6731110672716496,0.5481896991331059,-0.7982304289286368,0.2782852034669103,-0.04735534287090282,-0.34408540228476614
2023-06-12,0.06729798586742053,0.0648438344320823,-1.5375928419406715,-4.101686319259546,-3.5191468734852127,-3.1224080060153647,-1.1283894418706697,-2.313620964887575
2023-06-13,0.07205649228996247,0.05940166324656104,4.9921331627626575,1.4675745355986036,2.9541800643086757,1.0426085217043468,0.39107101326534277,-0.35172559980677365
2023-06-14,0.1296082949308719,0.140320578552533,-0.605025069325793,0.8404456316372322,0.8881514737458573,1.6241942381095775,1.9238721171859874,1.9424319851986338
2023-06-17,0.1390287166211257,0.12934518997573807,0.2944906298435912,0.8205194469569799,-0.31440456612169543,0.0927304038837784,-0.6630082562968598,-0.45882467122821957
2023-06-18,0.06702412868633267,0.06458905215565025,-2.23099509686846,0.3780839474527342,-0.3639186763064628,-0.6251557050323875,-1.4368381789170437,-1.3355303730173684
2023-06-19,0.06697923643670389,0.06454736162659902,-2.3666853472431804,2.534473953013272,0.9447745203077895,0.025069528771193283,1.2108342597240362,0.6294932924870933
2023-06-20,0.0669344042838027,0.06450572488307937,1.2436712586836318,1.7495797272897073,2.10343496719414,0.43625711757011576,-0.4486090350188543,-0.1112153157974971
2023-06-21,0.1385570950788395,0.13430029546064315,-0.6992397040224474,0.17745685962551327,0.20317520317520987,0.6729884430026312,0.6641649987914722,1.0374448527152635
2023-06-24,0.13836538002767185,0.12875536480687622,1.7113661650172807,0.09162543522081013,-0.7686141368416055,-0.5096942609045918,-0.4084452908736713,0.08903246522624642
2023-06-25,0.06670478368591137,0.06429489927133325,0.15256847589850686,0.7872574148663603,3.4594183615282326,1.146069340309408,0.9147705788690397,1.996830736027544
2023-06-26,0.06666031806494832,0.06960805311628793,-0.849345386085687,0.13926733272782155,0.1883152673158195,0.16780719107696296,-0.2344399909249062,-0.03455112136260263
2023-06-27,0.07613247049866878,0.06420889293166088,0.16813543599258907,-0.1874470915467441,-1.8658598083711508,-0.6531979804655363,-0.8067906169028083,-1.1653711477082385
2023-06-28,0.1664130848231249,0.12833538313459236,-0.3197893152746434,0.5452232386260469,-0.9950481173502723,-0.7108656471662034,-1.15298776410514,-1.7036711895310086
2023-07-01,0.11392224806570095,0.1335113484646211,1.821824146791129,-0.9821051997348951,-1.18907186335111,-0.3279837955749487,-0.07186451518248482,-0.5410113600117783
2023-07-02,0.06637902422834685,0.06399999999999739,1.9759915599783406,0.6145795302421764,0.5539372522802122,1.0958347337403085,2.1106261017113104,1.2462842129932206
2023-07-03,0.06633499170811685,0.06395906619762748,0.36069790851134265,1.4454188085878394,1.6906491902930032,2.09910237279749,1.9417241670268481,1.3137857349963644
2023-07-04,0.06629101756712164,0.06924470011717698,-1.4153177499791059,3.445808990103738,2.545182832858539,1.3418549706185168,1.4592979356314206,0.9275893499178567
2023-07-05,0.1656177542232573,0.12774791078937753,-0.4846686449060389,1.7692485016136406,0.9928044448492601,-0.24434348566817476,-0.6283339659960419,-0.340508880871937
2023-07-08,0.09920634920634885,0.13290096220297531,-0.02839819955414713,0.7135171867036716,0.6087662337662447,-0.2112343727762367,0.21336590367622144,-0.3423896020677164
2023-07-09,0.06607201850017397,0.0637077935867536,-0.8749130058090859,0.9165026707899981,1.6673389807718264,-0.7423865965065057,-0.015213943997638424,-0.7423135519007751
2023-07-10,0.0660283922086391,0.06897283531408505,-1.1333839606826102,-0.8190327613104564,0.07935458272714246,-1.4414278151705373,-1.3837599041542914,-0.9465544788511804
2023-07-11,0.06598482349060575,0.06892529558348848,-1.5043478260869603,0.4044716588955666,-1.5241619311924581,-1.411865811362456,-1.3568024090788056,-1.0583340450713075
2023-07-12,0.16956337431115465,0.13245734873370552,-0.008828462964594053,-1.4435181558775767,-2.2992619100872247,-2.3248030883222803,-2.3134691379882333,-2.599776055719716
2023-07-15,0.09874453378473369,0.08995184930420397,1.069809876979222,0.47686630712460154,0.5906322970560041,0.14502338701323225,-0.36802226961436535,-0.30107592228239
2023-07-16,0.065764750093944,0.06872488898286289,-2.220345645938593,-0.1808011752076344,-0.8010923987255336,-2.7076918180443776,-2.5856717351048553,-2.3719166531209313
2023-07-17,0.06572152849497748,0.06867769031644322,0.4362845826260564,0.07358351729211954,0.9498026979902763,-1.598024142104748,-0.5688246044062817,-2.419943749705711
2023-07-18,0.06567836367048496,0.06335128286347746,0.7798253547019351,1.527149321266963,2.199900004545241,3.4266385199714033,2.221853498614701,3.582341274866563
2023-07-19,0.16877637130801038,0.13189828004642745,-0.8576430263177226,3.052924791086342,1.632199243940402,0.18321346779701653,-0.3487185707354734,-0.058426249086296345
2023-07-22,0.09828699803426932,0.1317245376468712,-0.6513932991067506,0.5892528922045726,1.207771748643438,-2.135987743938139,-2.8485561217822974,-2.8099367236934514
2023-07-23,0.06546032636647325,0.06840665123131195,-1.6608169666193717,-0.9942494760036502,-0.17295053614666545,1.3826735513482458,0.48585457526877374,0.9011990637704859
2023-07-24,0.0654175038549587,0.06310143555765535,0.8945521923363176,-1.7044837694061399,-1.1954261954261969,0.4009798135767184,1.9175198756123946,1.678602032474319
2023-07-25,0.06537473733363441,0.06831677965211114,1.8695809248554962,1.1762756792577767,0.2761704366122997,-0.6248339278381199,-0.8916074480525449,0.33317922717917003
2023-07-26,0.16799664006719173,0.1312887301754051,1.7495640866507012,1.2390153375907431,1.857923497267766,-0.6668449241190477,0.3713963121762198,-0.06692940749455367
2023-07-29,0.09783368273934556,0.13111658887081656,-0.2033169711580407,1.698296312270875,1.9399141630901395,0.11909228836648467,-0.23022389409338428,0.2024682580774817
2023-07-30,0.0744670948524595,0.06809134716112553,-0.050932797811342745,1.919100885331071,0.28208150892556905,-1.6677529737656793,-1.912204282656016,-1.4647746114988647
2023-07-31,0.06511022230490937,0.0680450143941469,1.0322787298167047,-1.456436931079319,-0.5667744237793371,0.4615014955299701,0.3781060692861882,0.6660368680065698
2023-08-01,0.10224948875254825,0.18307354325766134,4.303089693336415,-1.092636579572448,0.3462252997804338,1.3797938144329835,1.92538533481601,1.4562653881041943
2023-08-05,0.19500417866096242,0.1461911972014729,-1.938434330874017,1.0139822819938082,0.8541614070521009,2.672404676098039,1.946454440033074,2.076537350339369
2023-08-06,0.060240963855417995,0.06777540274229832,-0.8524128214159932,1.5638207945900318,0.11264550043805777,-0.8192824543610588,-1.2326407960340013,-0.8398440432634935
2023-08-07,0.06946695688416771,0.06251953735543214,-0.18615887452039237,-0.6814398668331223,-2.0253375562593767,0.7837090769648558,0.644373126483333,0.5304838962048475
2023-08-08,0.06941873380228447,0.06768718108924876,-1.0350375147709978,-0.49232703084900464,-0.31050616758826477,-1.0463318933058519,1.2723850468689069,-1.1146145040467514
2023-08-09,0.16186468112657781,0.1300796087205347,0.7653354816434588,0.7684614979735827,1.9755088108546426,0.07209516561861307,-0.8082066770332519,0.6938238758682269
2023-08-12,0.10619632468371609,0.13510704635211201,-3.8233110616184063,-1.8177069731000306,-1.2384937238493765,-3.4972983790274137,-3.089981094060379,-2.475563298431549
2023-08-13,0.06918500069184041,0.06746237675143707,2.0188225514354396,-0.20747991700803547,0.3473987459752692,0.23723414844554203,0.4662510413519838,0.061786163001698036
2023-08-14,0.06913716814158644,0.06223098065654131,-0.09748857783080656,2.350996907985925,0.1857637422950198,1.0236507174657739,0.3645813874868731,0.41957644481305234
2023-08-15,0.07369536179817615,0.07255765742419928,-0.48500560742218424,-1.489660919839575,-0.8849557522123908,-1.4793699162018004,-1.5191243335899718,-1.09367321788304
2023-08-16,0.16569245639066477,0.1346522347092094,-0.13172145303398386,1.5121873843388256,-0.8971088435374197,-0.1912316147431259,-0.3689526612162708,-0.6224798734542403
2023-08-19,0.09649404953360197,0.12929919834496761,-1.310158860425581,-2.750143236626912,-1.467244412029689,-1.5752688619911193,-1.194884749558145,-0.9234705215802275
2023-08-20,0.06885787734116633,0.06714876033058204,0.2539277122746597,1.6549729527074009,-0.648756912091264,-0.10156408693885455,-0.5621023865470032,-0.22879238570487903
2023-08-21,0.06881049589431143,0.0516182315593916,-0.3184571860234353,-0.5426765015806079,-0.08765010079762048,0.2541683611223977,0.7965906147724411,0.4983541338369646
2023-08-22,0.07334739158337822,0.06706908115359234,0.8440072513299146,-0.4343910579011512,-0.5044302131765988,-2.1270662204644575,-1.257576621165668,-1.2705352030735417
2023-08-23,0.16949152542373724,0.12889255516601583,0.5967642118291927,0.4682096302208061,0.9787065203015421,1.9600224495963436,2.4180193683796203,1.6391644477988132
2023-08-26,0.09603512141582726,0.13387570156015993,-0.7616704017811338,0.6672668537838211,0.05675616677580653,3.6931024262184087,3.1171725365809033,3.046094068165761
2023-08-27,0.06853070175438791,0.06684835707306824,0.43098994848784766,-0.1472986480088423,-0.3141635395758846,2.7824510396419644,2.550299489725072,2.65590679991643
2023-08-28,0.06848376934667222,0.06680369989722212,-0.4100348309157398,-0.2002002002001957,0.6040444716799431,0.12315955916823995,1.0011113751694944,1.6355192382635497
2023-08-29,0.07299936125559903,0.06675910234683613,-0.09149400861814261,-0.5912474264899936,0.2392969021928204,-0.2563329312424645,-0.16522691451280602,-0.5414474744662612
2023-08-30,0.15956961794474367,0.12829723904341783,0.4682284127499825,0.361106685784085,1.7318460002604175,0.06603811115089009,1.1819845486779057,0.47465751238211507
2023-09-02,0.09558923938277619,0.1332581620624218,0.07350887252091098,0.06878670829144617,1.506101203174337,0.11211118885567917,-0.20253194909383154,0.05547762076769658
2023-09-03,0.07276034561163325,0.06654041050315751,1.8128663561973957,0.2908206429780069,0.285822369803701,0.21761748564439465,0.35113854011492585,0.328528752983015
2023-09-04,0.07270744342451341,0.06649616368286093,-0.7070400992742032,1.1230031106658878,-0.5071461502996755,1.5683570687017978,1.182014701003209,1.830571691507643
2023-09-05,0.19980019980019303,0.19935592700506266,-0.6539462020257791,-0.5839416058394109,0.2527592889038699,1.3779435402069273,1.237336966213043,0.763869795464589
2023-09-09,0.0951690383395265,0.13263952657891487,0.564632915465979,0.8705684917138745,0.08824270947138668,-2.0411304722615653,-1.3588689615563143,-2.272339012005875
2023-09-10,0.06791325213926225,0.0662319135928291,-0.5643718454086621,-0.6550899448892533,-0.24770141483689834,-0.18542380338790743,-1.6392610207933034,0.04540124258587408
2023-09-11,0.06786716134286053,0.06618807596354692,-0.07606676321294525,0.005233410090021984,0.631313131313127,0.2951826196473606,0.2816925644864243,0.4479821389569594
2023-09-12,0.07234254193606571,0.06105627353210075,-0.6616990440498349,-0.1098958605892486,0.00836470096194919,0.8083820586273216,1.2717775714822466,0.5631577421505884
2023-09-13,0.22590701667193347,0.20339672531273223,0.7913700870949114,0.09430008382229627,0.1589160254265698,0.42586320993420745,0.0461724715488776,-0.14102203739605468
2023-09-17,0.10819095703917814,0.13193951080889832,-0.33921104190426377,0.22506019051606874,0.20459290187890833,0.6085648722401471,0.4698103652970298,0.4089881152865349
2023-09-18,0.06754626919440732,0.06588282992094907,-0.952143423021623,1.4622173481643852,1.9417475728155331,-0.47851314177396187,0.21458974250916363,-0.19599386620663406
2023-09-19,0.06750067500675971,0.06583945302607308,0.0029623924281185765,-0.9315970971228604,0.3923973022685434,-0.5001703366471544,-0.5430632230890575,-0.3862755736516177
2023-09-20,0.16638935108153063,0.13159226642371902,-0.6754054654521169,-1.2312967581047385,0.008142990920556592,-0.5664928799315239,0.7690232626577309,-0.5268320427635476
2023-09-23,0.14366525994433665,0.1364739183178365,-0.6114018998195636,-0.3997685550470753,1.0503602980092008,-0.05634596422031679,-0.9997205515456464,-0.1255006093320965
2023-09-25,0.09862817179233652,0.13124022007975356,-0.6196642110159245,-0.12146818061790077,0.6969904516336944,-1.2919896640826822,-1.0945817651646261,-0.8218732791725025
2023-09-26,0.07165890361877647,0.06553410293894668,-0.28232381182438093,0.047588832487299726,-0.7241738017124133,-0.14199587498017197,0.13249834805586502,-0.29375723080610205
2023-09-27,0.1655925528105895,0.13602015113349797,-0.45420823933746135,-0.23783098144918302,0.08866320074154554,0.04130885518862648,-0.5447839822382616,0.14252772053773288
2023-09-30,0.09829766319646716,0.1308044473512071,-0.9703569636040132,0.07416825598642873,-0.555667404872151,-0.5074126718175531,-0.1408792517650692,-0.3870452524490364
2023-10-01,0.07141900638307774,0.06531678641410466,0.568260355393102,0.8840656431974514,0.461594525650888,-1.1133813271186122,-1.0266721018036828,-1.4526326661600697
2023-10-02,0.12043356081894441,0.07029524000803367,0.14508025228692212,0.5142467334837697,0.13300552174437819,0.42696066957763623,0.4276243036193561,0.47837218703679074
2023-10-04,0.1826606076806625,0.1956848971399916,-0.37056240087837145,1.6758026624902111,1.7992271775881585,0.42273443276432676,0.08670402454071802,0.5145895577063131
2023-10-07,0.09783430426468787,0.13520957484101093,2.6648095143342543,2.156500308071463,2.415879166501922,-1.218848536261341,-0.8271328688290946,-0.11612880908671297
2023-10-08,0.06664001066241099,0.06501300260051135,7.482780212899187,-0.5327704061117822,0.12740328932128175,-3.2009786844471755,-3.4554477153671215,-3.209376306421974
2023-10-09,0.06659563132658253,0.06996851416862793,1.9890974158378816,1.1015664477008524,1.2878349720454985,1.3834951456310751,-0.03293393398555722,0.19321251587740562
2023-10-10,0.06655131106083623,0.06492533586375249,-4.391584043956643,-1.409436225509797,-0.1636910426738747,0.7314274392609788,1.2840320071247469,0.9596081982476079
2023-10-11,0.1684845260264245,0.1347574366140858,-0.22048991436456333,-0.836459495082631,-0.8846183176999922,0.6728460321753227,-0.12197671987174141,0.9494766256439524
2023-10-14,0.09737960339943896,0.12959178587450548,1.5012189384542962,-2.029548591585295,-1.1002539047472504,-1.6403451644415479,-1.0494756647797643,-1.7274217567043282
2023-10-15,0.06633059166887278,0.0696898800338408,-1.0562391145570005,-1.0958046336881688,-2.4117006379337225,0.20194496172150078,-0.4522722566866477,0.4528171184226215
2023-10-16,0.06628662335941282,0.06466696512958947,-1.801430923854408,-0.9918750659491438,-1.271524234693877,1.6593843180335188,1.6272029457686799,1.2805788591667477
2023-10-17,0.0662427133015342,0.0596540067607787,0.826888326707631,0.7780027709687776,0.839759376640159,0.2729976112709087,0.6502014507312692,0.15344871608733435
2023-10-18,0.16770378216162118,0.1341414944356023,2.1219550661677244,-0.7085448392554983,0.2001841694358797,-1.2138007033237752,-1.5423221765310302,-1.251952661242961
2023-10-21,0.09692910957395107,0.13396179608038405,-1.1049180788184287,-0.10650761529449326,-0.23974107963399272,0.9334295744610976,0.541310798257566,0.8663936459403887
2023-10-22,0.06602403274791335,0.06441383410960011,0.5565019875070965,-0.8423072822262512,0.4405815676693292,0.6314301038568448,0.8238308132817673,0.5681176585723424
2023-10-23,0.0659804697809463,0.06932409012132545,0.011294330246225393,-1.3763440860215082,-1.0527575068788098,-1.13703353764405,-1.0679943343986031,-0.8972660333904869
2023-10-24,0.06593696426215878,0.06432777475382512,0.040937323546019755,-2.10968163977322,-1.430701648329502,-1.0692435245011178,-0.3352602403657534,-0.28400436077616886
2023-10-25,0.16693024073097806,0.1335179507467199,0.6420296603592446,0.6459876371331497,0.11448196908987462,0.22705880410192059,-0.451254416897362,-0.44565192690803057
2023-10-28,0.09648276466975858,0.13827843350289193,4.220178341091363,5.4224533835002475,1.4620599526259825,-3.2935438960696617,-3.2312011043804434,-2.700312465126664
2023-10-29,0.0701016473887206,0.06904374414360426,-2.394597357871231,3.6687135884112765,0.49911447431976175,1.6525968771030186,0.7325811754457456,0.9344508130209483
2023-10-30,0.06567425569177221,0.05913951998421929,-0.915180417344319,-0.6632239773187498,0.012015379686003413,1.6399762006519714,1.5558630334679746,1.2021527702454904
2023-10-31,0.07000656311528797,0.07388070728464591,0.823480317151204,2.0895978798226356,0.34840414881263104,-0.19210474243124276,-0.2831118126847332,-0.03495994916771217
2023-11-01,0.166149272003846,0.1279653509203671,0.2593747413150771,6.649692975887378,3.4958895362758424,-1.0937177316096003,-0.960189375018361,-0.4709756471128812
2023-11-04,0.09603212711162268,0.1376327172630809,-1.1944406219898118,6.13677854233956,2.7300069406956062,3.0969423123501816,3.321809124614439,2.1516049192731312
2023-11-05,0.06977454101435576,0.06381307677203463,0.30361271273779966,-1.9846520243450683,-1.3474964342016338,-0.3499704307390661,0.34268701073554286,0.19659338562432183
2023-11-06,0.06972589009457408,0.06377238165318211,-0.5456817550680393,1.0169186465082802,-0.5402731803827554,0.9706764655670108,1.3418323500979712,1.4325915197197503
2023-11-07,0.0653224752863224,0.07353662123736893,-0.7203987323216143,0.5879732739420884,-0.28308021881335854,1.5177011457234713,2.1505366855739005,2.1399067156804508
2023-11-08,0.16972756549742396,0.12736981335423891,0.2446878823248122,1.0539367637941721,0.12276057850921784,-0.2149326650064287,-0.10996671627981902,-0.13472134208577513
2023-11-11,0.0955815266976634,0.13699300357159494,-0.1416847864207038,1.332164767747579,1.264416261159429,-0.4482772324444606,-0.11804384485666342,-0.04456403537028697
2023-11-12,0.07378792482313212,0.06351688083257034,-0.25427062261181854,-2.5298391281785126,-0.5221536948049499,-0.3696577272836121,-0.5274527374814375,-0.5718370264474637
2023-11-13,0.0693962526023606,0.06835937500000444,0.11267129557905875,-0.32388304716269856,-0.07987524247841105,0.1666826938487631,0.39577227818430316,0.10137810866466257
2023-11-14,0.06934812760055475,0.06831267688103271,-0.5500611960665647,1.1751090536811226,1.202893033878949,-1.0264328458510663,-0.5282459425717922,-0.8647364282392878
2023-11-15,0.16891891891892552,0.1267797932514192,0.352232218638604,0.18037835459745466,-0.8538328443541743,-0.648274635648638,-0.3170793142789341,-0.2821646869298089
2023-11-18,0.09512690794308831,0.14122918087076108,-0.3791883396061513,-2.222124632207634,-1.3733449675632614,-0.4995484537592243,0.06365255497684519,0.0
2023-11-19,0.07343729750746153,0.05835724359286587,-0.2094181571202225,-0.23355041545025657,-0.08847174674000424,0.11120469022134483,0.023854524102251418,0.0
2023-11-20,0.06906673573339184,0.06804374240583222,-0.8365946344506825,-1.5756538963669908,-0.057750057750061146,-0.7514313951303975,-0.5879218317303203,0.0
2023-11-21,0.06901906651712864,0.06799747437953307,0.5962764892613048,-0.617481589900748,0.12712354096844347,0.5382140182531803,0.09595950719696322,-0.7388070728463814
2023-11-22,0.16811794120181744,0.13104887637722662,0.19189492686670917,0.2991531664212177,0.08848876577407516,0.45838892663321307,0.35125084279132857,0.16622835309878514
2023-11-25,0.09898007488058358,0.13572467280660305,0.5632324149476453,2.2667829119441985,1.7297712857966552,-0.17029667473335008,0.16700595674992158,-0.0743070864191453
2023-11-26,0.06878761822872725,0.06777035531029263,-0.15518530536235975,2.7190738995827246,1.1600226714528539,0.10937168416069731,0.023843169586945656,0.13633096200085237
2023-11-27,0.07303660422752767,0.06772445820433237,0.09890777556411656,0.4149740095225507,-0.4183475272672932,0.12148191631609073,0.14293759904999703,0.056933511559975614
2023-11-28,0.06869016442707654,0.06284443585033994,-0.08328275200090163,-0.1479032538715841,0.7051762940735173,0.17182270502682506,0.4598514942993681,0.9895846218549664
2023-11-29,0.1673173452314547,0.1352722353736846,0.521304249547927,-0.788533588916962,-0.331495828367101,2.4615484668162546,1.5943883086291466,1.3497954484211538
2023-12-02,0.09850950830905258,0.13026487190621605,1.710398718255024,0.8562771703332972,-0.7324638439403564,1.9755633132338968,2.0664891981109434,2.0496954461954875
2023-12-03,0.06846091309742341,0.07227522405319764,0.15337847174243802,-0.9491466388018122,-0.16940857583856994,1.051116470862823,2.07035091757517,1.0563713879677916
2023-12-04,0.06841407619617712,0.0577784197602238,0.2511002883514246,0.25934065934065664,0.16215400859793672,0.6005497339872656,0.5667262558837427,0.5929780152814867
2023-12-05,0.068367303337169,0.0721813194745291,-1.0184000110097347,0.2718225261957974,-0.04141410338466267,-0.013776107637319956,-0.3040678554858123,-0.04426943777814385
2023-12-06,0.1665314488236147,0.1298326601269384,-0.33786132391585566,0.07432993747540362,0.1242937853107362,-0.14619994948064097,-0.223123367265321,-0.4405594405594404
2023-12-09,0.09804757438827139,0.13446669548096146,-0.6291852678571463,-0.3582663404404052,0.15047210623331253,-0.7550669978229507,0.04475725338015657,-0.4378263210882416
2023-12-10,0.06814019845833297,0.06234712963406608,0.19374131322915655,-1.3505217925107393,0.12395297299327979,0.4317702580580285,-0.2011536633728328,0.507948452638507
2023-12-11,0.06809379920840186,0.06710122699387089,-0.4021466504126603,1.306782825140007,0.16881752701081165,-0.04999000199960024,0.39564698010270405,-0.13570425830603527
2023-12-12,0.0680474631055139,0.0718459622569112,-0.04924029262802776,-2.3297648297648244,-0.22096550690985373,-0.23237740552934927,0.09666149830229731,-0.060915608453215864
2023-12-13,0.165752900675753,0.13401617766715113,0.0971215426842198,1.6845604420286708,0.3678402522333091,-0.1542507654694214,-0.5720560193332225,-0.08205176294073802
2023-12-16,0.14002036659876982,0.12905692844509264,0.2756138031892563,-0.3445838487365238,-0.7591623036649175,1.1625302219235412,0.911582870721861,0.6452218389995545
2023-12-18,0.09745349773315759,0.13366431162880055,-0.30290281867900726,-0.5807252415994335,-0.10174473376795001,1.9677163189884217,2.4436160632131942,2.384837747109292
2023-12-19,0.06772773450727243,0.06674294431732175,-0.0703294230174123,0.08917822267802133,0.10939268200678143,0.1475202372305029,-0.4698324786107433,0.12523053803592532
2023-12-20,0.16920473773265332,0.14292520247736196,0.06756376330161462,-0.07127901278567439,-0.3768039489053798,-0.024675111037997244,-0.10892854718546063,-0.6481102469641176
2023-12-23,0.09712837837838606,0.12844909609894817,0.9030551960839572,0.053497392002133104,0.2836718484057643,-0.1697767473168521,0.10177217901989888,0.3318913227585929
2023-12-24,0.06750200396574702,0.06651779350976827,-0.12267543981933082,0.18268502428373523,-0.07543184732594632,-0.8300993422136971,-0.4866201423841088,-0.4174841447278421
2023-12-25,0.06745646949701811,0.06647357675324539,-0.33358456857326413,-0.2624088240526623,-0.041518834453080355,-0.13749338974087255,-0.02190988376525871,0.022908982612079853
2023-12-26,0.0674109964187819,0.06642941874257513,0.4859467559202857,-0.17391304347825765,-0.23788845674583836,-0.5900686900475072,-0.6131295454910313,-1.0306681019674357
2023-12-27,0.16841396151741073,0.1327706387216132,0.2383142403211025,0.4869114625212223,0.23088569265707903,0.2640630707415159,-0.06614963872121349,-0.18976649464256257
2023-12-30,0.09667521331595541,0.13259459203485147,1.117831074035447,0.42676150255611667,1.43499112571277,0.6823270464118902,0.734997571291296,0.49850448654038537
2023-12-31,0.07978500041991854,0.0662095057933243,-0.11137235490656927,6.529148776061255,4.500949331744919,-0.29173639694242137,-0.5034592262212811,-0.23994093761535717
2024-01-01,0.06713380606722108,0.0708918190840846,0.11424953198986287,2.908667830133793,1.563947274670463,-0.30317463917681753,-0.2566724350093752,-0.4463459759481925
2024-01-02,0.07547486267767134,0.06139605176158636,1.1961886953293588,-3.7914883307760605,-2.251920446174893,-0.3814478334066451,-0.5292990082616633,-0.46228540897158554
2024-01-03,0.1675954246449063,0.1368763864634026,0.7160228801239121,-2.5265455155915606,-0.7499910288154443,-0.144637378866197,-0.42125470995764136,-0.032673637042568426
2024-01-06,0.09620613209520013,0.13197586726998445,-0.4640621627455266,1.9978471474703996,0.6110347819799022,0.19211270612091713,0.1929498224355619,-0.18209833309987822
2024-01-07,0.07521938988717114,0.07531538316700725,1.0788246774368515,2.427286926421557,-0.262335142128145,0.2579417918965099,0.20740448681237922,-0.16839741790626306
2024-01-08,0.07516285284783208,0.06114769520226826,0.11397157414856363,-0.06594131223210953,-0.2846436549686526,0.09562551227952909,0.9536630791505463,-0.22490863086871427
2024-01-09,0.07510640073438157,0.07051191651388233,0.4968860912073936,-1.0557571758495587,-1.3333333333333308,0.09250132686329238,-0.04396737073512069,0.49779280548511995
2024-01-10,0.1459306204136146,0.13622698233746178,4.142011834319526,0.7044014671557131,0.9045630996850518,1.0461170196648828,1.0256315234869584,1.432242990654209
2024-01-13,0.0957575252924725,0.13604165689355963,4.221693284193284,3.956789867969035,1.8727543280223635,0.9813108633886403,-0.0216903306579197,0.4123188906548725
2024-01-14,0.07902836702438076,0.06558605827788888,0.1903171543288007,1.8831866863080693,1.275428408564605,0.8633873290671223,0.39162731117940996,1.2043494219122763
2024-01-15,0.07896596151448776,0.0702247191011196,-4.105492781685827,-1.1684251660805,-1.231223836493478,-0.7235123100136187,-0.20950969012111242,-0.9180134641974758
2024-01-16,0.08305647840531893,0.070175438596487,2.4971884265412525,-0.4586611838203303,-0.11753392456459455,-0.3959016028825202,-0.4778601546477135,-0.5879392386530014
2024-01-17,0.14522821576763434,0.13557737260401215,-0.2705668187825694,0.21449851042700807,0.2817001854229062,0.24563074999255363,-0.029119673859645534,0.13577263836153097
2024-01-20,0.09529728609902754,0.13539380923479616,0.3825717321997768,1.5854770304015275,0.3484692244781762,-1.1880188300984584,-0.5239066938742765,-1.3420967964333341
2024-01-21,0.07864889477606773,0.06993659082432657,2.738787659887154,1.3773459752624007,1.4032103752524616,-0.8213228332256239,-0.9290461047877785,-0.7337526205450695
2024-01-22,0.09099557430616301,0.06988771373992453,0.6982664565401864,0.4849511200061496,1.3418597337247151,-0.24548244118649531,0.0,-0.030505690484572412
2024-01-23,0.07851564114218501,0.06983890492597844,3.951075048756403,0.9575609008732888,1.3965035688424443,-1.60791730276999,-1.4398881413238973,-0.9577015163607316
2024-01-24,0.14864976463786483,0.13492765086307035,0.20498448140084946,3.8280597920934856,2.4008705706318523,0.7703946149570706,0.5844354315834188,0.6707114755652555
2024-01-27,0.09895275006184256,0.13474584146455637,0.6795723779254637,3.566339021449183,2.1918172157279425,0.10571310382865295,0.29789133559667835,-0.10358546978365135
2024-01-28,0.07826015322514035,0.06960233863857468,-1.9021271222435243,0.39163109056910006,0.8936695697387309,0.07881848790940449,0.8762388204012428,-0.03299318926307526
2024-01-29,0.07819895460345894,0.06491699897988035,2.6118704362478873,1.9962044000843449,3.626759429252413,-0.5612350229005303,-0.8391606127183926,-0.3489002569603272
2024-01-30,0.07813785162034126,0.06950880444855922,-0.5109022899370541,1.3472538074564167,-0.0683803189009402,-0.8158463348430178,-0.09649641281523902,-0.38087577771994674
2024-01-31,0.14793507294021957,0.13429034498726455,-2.4633195781751493,-2.4138986162581144,-2.852166340082729,0.29072471857847226,-0.7133903282902976,-0.2612206126810679
2024-02-03,0.09847769890443114,0.13411024787273185,-4.005123926149656,0.972023830261648,2.129090094128183,0.37646003880553724,0.26938182919562514,0.557142857142856
2024-02-04,0.07788481246155943,0.07389276312750326,-1.5021485498818654,0.8626043751293944,0.12226088592119932,-0.7015787447054334,-0.5598070061242244,-0.4451389875455791
2024-02-05,0.07782419922994777,0.05999353915733252,-1.044048921149443,-3.2396004378763,-2.7772559333709035,0.190787891948907,-0.3152402437725854,-0.4043190791038431
2024-02-06,0.07776368026848335,0.07379393044921745,2.589931672025725,1.322255612515466,1.3815980161669517,-0.5852072609049075,0.007535370698841248,-0.4680485242143484
2024-02-07,0.14722722067723737,0.13826159093004442,2.4682288988466805,0.8130081300812941,0.5304955527319022,-0.1051164456625786,0.2258784876408404,0.2879078694817627
2024-02-10,0.15926167918980383,0.13346833578793404,-0.6774679188472299,1.4433061054963225,1.6241665876702394,0.12861084696089709,-0.19538075288919599,0.4114832535885071
2024-02-12,0.09785134749460411,0.13329043526222328,1.8309333910762948,0.08529803132144576,1.0074313609651497,-1.0174452549062352,-0.7300768484519438,-0.8577146669208058
2024-02-13,0.07738992301740133,0.06885155604516857,-0.5587780127349395,-0.8488443444467197,-0.8988764044943864,-0.2170630426576059,-0.1137356663042155,-0.43977698740748083
2024-02-14,0.146520146520146,0.1376083665886929,-0.18057403535449712,1.052088705518317,1.1555307054328612,-0.22620511365427642,-0.9868871399139056,-0.04586159453522365
2024-02-17,0.09753718605218786,0.13741926618111577,0.8747500714081591,0.990099009900991,1.6121602947950286,-1.094091903719907,-0.6363788123289638,-1.1011832890606144
2024-02-18,0.07714169711734442,0.06861534239055445,1.5243219009190678,1.000606428138262,0.2055001511030552,0.7292099293952248,0.70986255852592,0.6812521365434421
2024-02-19,0.07708223457341123,0.06856829402084319,-0.4741374301286405,3.3957103305647385,1.812533928463722,0.33460992570391035,0.7815290874409353,0.56993185070211
2024-02-20,0.08107669855683675,0.06395322278562876,-1.621848837616613,0.2935767977546133,-0.9864036256998165,-0.09404215301211938,-0.06846795632763358,-0.21944632005401754
2024-02-21,0.1579714841218438,0.13695503309747448,1.424264723336588,-3.686309830159551,-1.271465326392629,-0.48410061699097895,0.14455884038377942,-0.26826497812794114
2024-02-24,0.157722327819787,0.13676772281741023,0.9467081704776836,0.033397902611720376,0.10302718099450825,-0.5540188223324471,-1.0482929840638366,-0.5016236126593299
2024-02-26,0.09690704998788213,0.13202822672433445,-0.46717596188400323,2.7076655982905873,1.7405781746632432,-1.2940508828160557,-1.5968223951913774,-1.0984193477678428
2024-02-27,0.08067769261799196,0.06820041829589396,-0.33892382948986777,0.6306277021096873,-0.07735792918773798,0.3441518478929817,-0.2964932975871304,-0.0049251379038661725
2024-02-28,0.1652559451833957,0.1408514698532315,-0.8425948649627757,-0.5103853732596808,0.16376846117198696,0.5261586384434747,0.625984688973813,0.8052997094025516
2024-03-02,0.09657559051949871,0.1315789473684159,2.2628700735432883,0.7792460794181721,1.2901691489045408,3.956040427393659,2.776105568116116,3.447096474726985
2024-03-03,0.07638190954772917,0.07249988671893526,-1.8566752719896717,-0.14175714423789731,0.4108825169488961,2.9668640972377647,2.3757206244399365,2.704043075760443
2024-03-04,0.08837470876517095,0.06791940230925775,1.7438378524372578,2.658493305371845,3.086546049747163,-1.9356677341213047,-0.7686537506613411,-1.51532571454851
2024-03-05,0.08829667683416531,0.0633484162895881,2.252948916230002,5.078726547031653,3.1018741671156036,2.182658040043428,1.3778813354572872,2.267102498248885
2024-03-06,0.16841767583606337,0.1401826896988423,0.5903334311578634,1.641991924629882,0.9020157852762445,-0.14519653923300568,-0.15430241172246228,0.4999885847355001
2024-03-09,0.08807045636509692,0.13547076089410748,1.7325538337242152,4.334392655367236,3.8292769343980737,0.0,0.882905756768837,0.0
2024-03-10,0.08799296056316575,0.072153325817359,-2.7475981954754536,-3.4295061623938805,-0.67461150776984,-1.5515147881095537,-0.21879468829375526,-0.8859609268514257
2024-03-11,0.08791560102301421,0.06308863953854438,0.5852330724736232,-2.4531993808592056,-1.6675916382568268,0.6364771446843553,-0.23390346297694764,-0.25441210176484486
2024-03-12,0.0878383773856184,0.07205584327854009,-0.29316915860451154,0.9820065267506894,-0.2096323371318043,-0.6468256369908665,0.2344518539824314,-0.1102966520370452
2024-03-13,0.15956598053294968,0.1350074254083955,-1.0008368579377147,-1.6573275223101813,-1.8071640183140336,-1.0645021282428058,-0.2996536460405652,-0.8051344574543928
2024-03-16,0.08762147522702879,0.13033122106871353,0.7436515461326731,1.0551703346397323,2.024191557640087,-0.09543526948918579,-0.1979240149148409,-0.3409011850374566
2024-03-17,0.0875447672105123,0.0763016157989238,2.0659470246734424,1.2291169451073891,1.7125036965346618,1.1571024675094632,0.896180690189996,1.8197049378694041
2024-03-18,0.23059796437658875,0.2870341301520307,3.0984069144799786,2.0364257927619978,1.8475445366601395,2.6860306605030804,2.388043688861785,1.6843404333120038
2024-03-24,0.2776675922253169,0.2101873798130649,4.341454478842288,1.6578574935736334,1.8192198894454004,3.7082084903141688,3.1572337765210845,2.4925269143460715
2024-03-25,0.09098101265823111,0.06694037843626433,-1.8537260409781875,1.5399039690882743,2.7068359076311443,-0.6235876312251531,0.22748342387945986,-0.2872681022762169
2024-03-26,0.08694621191163154,0.07135530482094143,-1.6604059471574284,0.19026833431265988,0.5707762557077611,-0.7786189228864981,-0.45393422264710104,-0.5366057487189657
2024-03-27,0.18163869693978985,0.14260885066179618,2.4609721910142435,-0.1480157511101199,0.05181858559937247,0.5432181140395453,0.41452162866884024,0.9087491984876239
2024-03-30,0.1852508769855321,0.21360865115036543,2.722459507722519,0.6181126587234909,-0.03699410560583649,-0.07718331397739142,-0.12385826438026104,-0.780051711293217
2024-04-02,0.09835549610512917,0.14210222478796553,5.994957607303331,0.34190410006949,0.0493437284121212,-1.3932603736536597,-1.3777664986155735,-0.9540214654829682
2024-04-03,0.17686593562080688,0.1419005809055074,1.9920777265185263,-0.6177627569394439,-1.1664036299072755,0.8455715477985848,1.4808948510117936,0.5774804905239739
2024-04-06,0.09808537350910473,0.1372713988398333,4.160240737257848,-0.6411149825783946,-1.4571221836872206,-1.2530036515691623,-1.362927258318103,-1.13502848655479
2024-04-07,0.08623054913181605,0.0751746705580647,-5.3410855512621485,4.903913592369191,4.0511457146474195,0.0823390161957871,-0.013966469729209674,0.6368141354799572
2024-04-08,0.08615625611905209,0.07069948301003937,-2.96715244925988,0.9333297676035635,-0.30417325708723686,1.0922980864582987,1.2912346625590265,1.9496000534747537
2024-04-09,0.1878154712994462,0.21194860246389613,5.316649793093964,-1.9633299772137125,0.12448132780082943,-0.16276467425265784,-0.16540848622063065,-0.334382376081821
2024-04-13,0.12888107791446668,0.14100022031284798,6.895264405577439,2.910732142374539,2.213500402233004,-3.3785062373542507,-2.7607431806797367,-3.0063811591342637
2024-04-14,0.0975115063577503,0.07040084481013675,-0.6216494665339578,2.3845790220074603,2.2299601707648664,-1.7445539184669623,-1.987347848314669,-1.9782058238379419
2024-04-15,0.09741651404746587,0.06595435958316465,-4.542179894923648,-0.3078028010054856,0.25662560656960487,1.9740877031585446,1.4266454202810586,1.9650806098207907
2024-04-16,0.09732170663345752,0.07030494771069762,2.6488237676250748,0.4888591571039047,-0.30483548191929666,-1.4359282787655525,-1.242327218138617,-1.8955416317944285
2024-04-17,0.178897833780578,0.1492930534820358,0.9046893212588447,-0.012802130274480739,-0.5438461358915125,1.9122077723961795,1.821860577897727,1.8883585806183767
2024-04-20,0.09705345704413837,0.13591722202734857,-4.761904761904767,-2.442959207190598,-1.13823046233279,6.074304703170363,5.140577676691249,5.799954740891611
2024-04-21,0.08532423208191808,0.07443408205263236,0.4674379548423202,-1.4384334724518943,-1.0611275964391709,-0.42193497403476554,1.1007813074368045,0.6224199516608575
2024-04-22,0.08912655971480277,0.07437871893594128,-1.4784409505855245,1.0226637194066468,0.7629924660492282,-0.7064408701197511,-0.6479302371361517,-1.1032225150922503
2024-04-23,0.08904719501334757,0.06995147116688472,-2.787282376118161,-2.4727809558959257,-1.9811410610534375,-0.6879179065601981,-0.625244438267003,-1.145620634067701
2024-04-24,0.15859507968436493,0.1441740574074979,-1.1480432843346433,-0.773077442897685,-1.0057331649013679,0.3175994653981773,0.5141600465429885,0.7566533310140899
2024-04-27,0.08882709612636486,0.13960387400751006,-1.8960646604151088,0.49034296766461427,1.7325153374233127,-0.1625946379583243,-0.013471053887925688,-0.463962019853259
2024-04-28,0.08874826362093025,0.07841770497516443,-0.15097735339698604,-0.5557212177071724,-1.3460054033191837,-1.1758881937668608,-1.0165353555467882,-2.3089430894308927
2024-04-29,0.08866957091637762,0.06965000870624571,3.7300728991428445,-1.5156471486206469,-1.0269450828891413,0.15318160368797962,0.1360375311020512,0.4793608521970638
2024-04-30,0.09244280101687874,0.0739516269357976,2.803386459952306,-1.7437998228520768,-2.0801422995207264,-0.5110325031169372,-0.767467045072634,-0.7001501899461138
2024-05-01,0.24628646194104764,0.21734405564006742,-2.0621073685594404,0.7803256521494273,0.6105560601473492,0.3140232129456244,-0.12997921235758936,0.15569741319869657
2024-05-05,0.08829174664106709,0.14313597918023113,-0.7296470655915321,-0.31586303284416584,-0.5717438186468748,-0.408186981595271,-0.404386912212773,-0.4597037464744935
2024-05-06,0.08821386108235352,0.06930006930006005,1.6854041106475037,-1.149683136111268,-1.3240857503152625,-1.4031505250875154,-0.7086966292644936,-0.9169604212217242
2024-05-07,0.09196811771918778,0.07358033240996154,-1.6688671270219668,-0.7375468058549828,-0.2121405750798777,-0.03920234326458827,-0.13862057665855465,-0.09006777600144567
2024-05-08,0.16845329249617347,0.14705246312876064,-1.6798037170124847,-2.0004572473708238,-1.5598586138005244,-0.8635297425689803,-0.13881300003967256,-0.11944738680669253
2024-05-11,0.08790704785202053,0.13819909306844735,-0.7476543695043469,-5.0594890936661585,-2.599328701896808,-0.7568519734877932,-0.9311641577071872,-1.010875942055145
2024-05-12,0.08782983923321108,0.07331694483978524,-1.722363002850813,-4.3277943299444015,-2.815622161671205,-0.7460778267474932,-1.150423637294884,-0.4422156371096442
2024-05-13,0.08775276611980853,0.07757283227030065,-1.6739857378832435,3.2040580454603784,1.9021440351841612,-1.6534060771387415,-1.071497130656951,-1.808773697225019
2024-05-14,0.09148782068386652,0.06890018086298522,0.07272950769294795,-1.048341939899211,-1.6966983167889471,0.22112984251241308,0.18647253750156967,0.20519516858648057
2024-05-15,0.1675743611227576,0.14631207504949284,0.6223577943148539,0.6601905121192075,0.3786735449880618,0.004612723428798482,0.5727845833946699,0.463070693907941
2024-05-18,0.08744914642029311,0.13750429700927214,-1.1363058361562928,2.486023923295533,2.9742215904431157,-0.34901330709327105,-0.5267789062977091,-1.0955921525027223
2024-05-19,0.08737273970520487,0.07723995880535295,0.19756338491931924,1.7522474478135042,2.3573760917465325,-2.622138906246385,-2.8984218400402217,-2.6604215456674463
2024-05-21,0.18977492693665887,0.28728239430579894,-0.09447913243509909,3.306379155435768,1.3019685141478776,0.12437810945273853,0.4569518603889655,-0.2983350976806798
2024-05-25,0.26518164942985756,0.14536748043951775,-2.2120800953908115,-1.2291992810343877,0.09728871706904396,-1.293666178739561,-1.1592088851166582,-1.0666023166023164
2024-05-26,0.09067895870329412,0.07257823506809924,-0.7147962830593269,-1.4147343704138504,-1.468143335805816,-2.315030060120238,-1.65529614773674,-2.402556222254748
2024-05-27,0.08682193952662676,0.06399317406142746,1.39647651717274,-0.3662022150768163,-0.2258391091036538,0.4784100047594775,-0.24908305728910118,-0.21992852322995082
2024-05-28,0.09051821679113559,0.07247921551907233,4.245544058222217,1.849693709846112,1.753564366739524,2.8339254359099897,2.2094027548264172,3.5917345021916125
2024-05-29,0.16579998492727288,0.14911383776414766,-0.9575608241433553,-0.7158784180260502,-0.09716185118895382,0.8172179644998501,0.3775732250272945,2.7176672550109915
2024-06-01,0.10157249266420365,0.14038371548901196,-2.471657851356679,-0.2393617021276606,0.3762285012284927,-1.7188681623393043,-0.4793963385506528,-2.3585904950215397
2024-06-02,0.1766319666278271,0.14868309260833712,1.457946638738239,2.369738440119673,3.2050791708100768,-0.3695035347301312,-1.578439537836418,-0.8051879173597509
2024-06-05,0.22884153661464346,0.216330858960756,-0.23609251556064859,-0.3211898492433196,0.024705998616458835,0.039420439095416704,0.8959791476399026,-0.6148686416992732
2024-06-08,0.11603099150354623,0.1439092525184149,-1.314387575298115,0.307710171853226,-0.46682803932223127,-1.535987133092076,-1.4626400229781233,-2.0858805692766658
2024-06-09,0.08972633467922986,0.07607776838545188,0.08720115437719222,-0.9260867048677457,-1.8760701789215073,0.9139170205815006,-0.26508940000515846,0.8091706001348564
2024-06-10,0.0859106529209619,0.07601993411605612,-1.08699034362586,-0.674767774726881,-0.5437394097266179,2.3543408412175504,1.7692878090491915,2.712746191007054
2024-06-11,0.08583690987125081,0.07174206617150958,-0.1583390132648299,-0.9734435196894431,0.23394192137518033,-1.0129044501375861,-0.36562591283398893,-1.0926193921852345
2024-06-12,0.17525542546050765,0.1518154598743271,-0.18589703194907825,-1.0631979092420973,-1.2380130904662834,-0.3163267751443821,-0.18718973281197648,-1.28026922232789
2024-06-15,0.0967801972827198,0.14316392269149159,0.33460652167049965,-0.6693882451822009,-0.9838171076290814,-0.9055140194405009,0.2175737188769178,-0.7163677683908909
2024-06-16,0.13759250306795145,0.07988899634192581,0.2810550049813898,-0.8310416729624404,0.10895789555607216,-0.40433119576908094,0.1721497727721788,-0.6543590764331197
2024-06-18,0.1374034462269691,0.13864381144441662,-0.19451387218556437,-0.9080936128717743,-0.09069942211511473,-0.11935596495643574,-1.7563454863893435,-0.27799343835307466
2024-06-19,0.1780085295753686,0.15523389972729174,0.12259396250930976,-1.7067470324128142,-0.5654406806038237,1.4770676508364833,1.4150536950762183,2.458687025968165
2024-06-22,0.09624995372599088,0.14661528150134995,0.8487347468447259,0.7696398961299034,0.49300918196995,-0.19946968301143286,-1.110225724175029,-0.691227296124719
2024-06-23,0.08506231739340286,0.07529175555276435,2.3504384371919373,-0.6333633456487298,-0.5191434133679396,0.4117769822285622,0.7282179014812096,-0.04936443292608006
2024-06-24,0.12933264355923235,0.10867293625913543,2.1403224171144597,0.5124199343852442,0.9132420091324311,1.682721131939724,1.2124579830019133,2.4645017903444977
2024-06-26,0.18821271727498257,0.18788359567449842,-1.406577262484987,-0.991637912275789,-0.6464124111182912,1.6454402515723165,0.803558863284537,1.2845540211601891
2024-06-29,0.09945484013555994,0.14169028171362452,1.1709153880230305,-0.22605965463108335,-0.8562134027325974,0.40682790251598266,-0.20665433450568482,-0.9184790367867457
2024-06-30,0.09199632014720294,0.07490636704119424,2.65805527083105,0.3241236075272269,-0.8557328853422974,-2.327856477095036,-1.0207708568700347,-1.8443804034582123
2024-07-01,0.09191176470588758,0.07900864936793983,-0.9490296438472989,1.703208807753831,-0.1641514429441382,1.0520753645590908,0.6576476707866652,0.9297318457623716
2024-07-02,0.09182736455464191,0.0706361407736722,0.2358605975787631,-0.943745373797189,-0.12729394292988472,2.0307341704973725,1.1284039068801377,1.2217589450208566
2024-07-03,0.15779816513761258,0.1494768310911887,-1.8346026166764284,-1.1364343981567937,0.07700477960701502,0.31820580878585414,0.8736310664563485,0.49334227416419907
2024-07-06,0.09526252152567416,0.14510779436152088,-4.17640564545807,1.2534248732403164,1.1143835071240948,7.342030819907119,8.463699222126198,8.76507316143178
2024-07-07,0.08785094622789646,0.07865866280272193,2.1475576591725387,-1.7044570930919711,-0.1338266551208389,-3.381210132264989,-1.3553266795492513,-2.4255039439088466
2024-07-08,0.09143107925246863,0.07446016381236209,-0.8606761439269972,1.7308483371831773,1.282253402701139,0.12351306444735588,-1.4420135382774313,-1.800911683470685
2024-07-09,0.08769365682548269,0.07440476190476719,-1.5579517034971957,-0.07465007776049637,-0.48513464432107245,-0.04405739209610848,-0.2967356798472376,-0.5853970867348068
2024-07-10,0.1569801401869242,0.14869888475836923,0.17491982841197906,-0.971175994521567,-0.5865637790349099,-0.45986806341183906,-0.8998592590281018,-0.662449683726285
2024-07-13,0.09841443411700013,0.1443537078281043,-0.673512659543507,-0.07543848620104043,0.052446635548331066,0.3586715867158752,-0.3980985284256833,0.03473267418436787
2024-07-14,0.2002767460490773,0.14826407479098247,1.2682600142313039,0.5410506448568775,1.2449546574408998,0.3213566102392873,0.23142364484913802,0.3194296560344423
2024-07-17,0.1962423229276533,0.2220668668009962,1.048813755476563,0.4786934484700689,-0.27440523958683904,0.6281931932298868,-0.18895839760816324,-0.004614674665437413
2024-07-20,0.09792898335208022,0.14771654835665782,-1.6126228385025199,0.4950957496496988,-0.2803519975079771,-0.9200174825174878,0.09111223995048601,-0.3530389035027004
2024-07-21,0.08696282339299977,0.07784651944113818,0.5300683892156988,-0.7529280535415461,-1.5801119354418858,-0.8146040568458357,-1.4146507886510729,-0.8938288757670443
2024-07-22,0.08688726377525935,0.07369196757553986,-0.18299491336173368,0.3028316318566482,0.9892086330935301,0.3135446856770141,-0.33387651412295494,0.002336503189326322
2024-07-23,0.08681183534688941,0.06954671903125487,1.3071353848384648,0.1805278884462247,0.20690377664869253,1.200750746312762,0.9052075495359801,0.5280373831775709
2024-07-24,0.16624503071918095,0.15126119128408,0.3721538917686562,0.07145964083763445,-0.4024986278455822,-0.06279343151499583,0.19776462281408946,1.9639287872449174
2024-07-27,0.10102467888584155,0.1428688056167804,0.5704216026809705,-0.34462417336769136,0.595691080378935,0.06356350139913314,-0.6203413350285181,-1.0530874609651075
2024-07-29,0.19824106113033313,0.1548934088778431,2.036806336280672,0.9346376721291128,0.7173788281942928,-1.118591100921451,-1.695408418380684,-1.1034578082885993
2024-07-30,0.0863340407928348,0.07325709169345718,0.6710077026919725,1.9322180381505127,1.5385013856872742,-0.7945298539423717,-1.320505729650634,-0.8129513160959667
2024-07-31,0.16533084139020993,0.1464069299280224,2.211595346085593,0.545058139534893,-0.36986965283268836,-4.746557499069592,-3.3784511860323274,-3.966557854442121
2024-08-03,0.0968818400373106,0.15025380710660396,2.2949364768528824,-1.039031441994942,-0.45829279533001754,-4.133684449063479,-0.8552322218477015,-1.9857184779419002
2024-08-04,0.08603383997705105,0.07298678128293545,-1.8973614228324664,1.6129523113910915,1.1522930116515395,1.2740151447225845,0.7175541376464922,1.1726546906187574
2024-08-05,0.08954154727793817,0.072933549432741,0.5498413919061917,-1.0272844349935584,0.24410710199100905,0.39598860325482654,-0.8488794541167577,-0.40197287299630347
2024-08-06,0.08946144211845475,0.07288039517370226,0.752375671593275,-1.095442716213768,-1.5270273698094972,0.02565377030254723,0.15290442758768563,0.09408968232351711
2024-08-10,0.29674651412228137,0.29940119760478723,-2.6055850231048727,-0.7434830498103007,-0.6826202313180985,1.654243808607836,0.9387712965115647,1.249226963512684
2024-08-11,0.08555234734253236,0.07260992335618166,-2.01767290511774,0.08631053296754843,-0.44091710758377145,0.2112998091994278,-0.31755244313325104,-0.18568287319814525
2024-08-12,0.08547921786514756,0.0765881973556981,1.2448792904585781,-0.9177985155070956,-0.13807117178137318,-0.4335100942550074,-0.6978546350276948,-1.6155088852988664
2024-08-13,0.08540621330201947,0.07250171184598475,-0.7129949717158968,-1.0848279506387781,-0.22695849529126289,-0.4322368057146919,-0.9167113976131791,-0.2736726874657869
2024-08-14,0.16711111111111787,0.14892332461260427,-0.11276187461670695,-0.09113192131230408,-0.028761177639491375,1.9999365099520716,1.9890838616475337,1.9733559524997446
2024-08-17,0.09583984097685239,0.14468290330358347,-0.2554860175869478,0.1415405906960654,-0.7898522296325372,1.9840652329526032,0.0,1.9963302752293632
2024-08-18,0.08510940104258236,0.07625010032907831,-0.5946826042928288,-0.7381116904328189,0.3664355574302114,1.9775088881090142,0.0,1.8301312033772277
2024-08-19,0.08858023597775322,0.07619200384969549,1.9894733688216037,-0.8796633231022422,-0.07091826013868596,-1.6720781649783745,1.413133832086455,-0.9421962594808542
2024-08-20,0.08850184083828427,0.07212694342042525,0.43772461539968166,-1.0023942537909059,-1.3142331449599198,-0.2906468032655929,-0.3278688524590123,-1.3411328292195712
2024-08-21,0.16623633855621378,0.1521582445743519,-0.2846947331474392,-0.48692399471155223,-1.2784658409908056,1.0263336614548813,0.5756578947368363,0.8797300554350462
2024-08-24,0.15183615819209795,0.18391172237326447,0.5328822574652392,2.459494491250802,1.8508026440037684,1.9827182500717466,1.7170891251022002,1.9137498506749395
2024-08-26,0.14808024539012532,0.11174076143347644,1.4005193592623977,2.8527151396312345,1.2794363063230119,-0.901354624164008,-0.562700964630225,-0.7290885221305277
2024-08-27,0.09153318077803618,0.07573945627044054,-0.9543540605607137,1.1869253712985417,-0.33478056180362703,0.4080656492429169,0.3233629749393785,0.08973904829376878
2024-08-28,0.16882979845942447,0.14738099980082797,0.2488766656337127,-1.0666423557297855,-0.9814727339526597,1.4626194658647673,0.966962127316684,1.2434230705707483
2024-08-31,0.09831805892059897,0.14318669954658247,0.30428608688091163,0.7034033665069384,2.3242870772818724,1.9998092625061359,1.9952114924181918,1.9972034490794766
2024-09-01,0.18241133756620176,0.11517991897689317,0.6240610192996598,-0.10065578770779293,0.5413245616307183,-0.9321125727313917,-0.8607198748043832,-0.9984691662668244
2024-09-03,0.2591127140306071,0.22216051096917155,0.321580337659344,-1.7678309721543717,-1.0665155340306098,-0.7557552833900805,-0.7103393843725381,-0.6554350334641135
2024-09-07,0.0977892641357947,0.17812611328820172,-0.7546269795840499,-0.18649177882075207,0.572856994063109,-0.1521557841143495,-0.31796502384737746,0.21604794870604405
2024-09-08,0.08722654478210412,0.07507507507507061,-0.4469907429659026,-0.12767415065549903,-0.8336785418392667,-0.7685319501223531,-1.1961722488038284,-1.372308120262411
2024-09-09,0.09063654744474459,0.07501875468867159,0.17477115600015303,0.9790471439261594,0.6161558143177981,1.5150060910332552,1.2106537530266248,1.7839095588408016
2024-09-10,0.09403733630537481,0.07496251874063997,0.29688177743505406,-1.043660841104177,-0.3373293891743234,-0.511283882557434,-0.15948963317384823,-0.6465616773657201
2024-09-11,0.13570409548000484,0.14587029371180282,0.7207865222530918,0.16849725411882677,-0.18746094563633076,-0.33188590142843033,-0.07987220447284171,-1.0900385813229163
2024-09-14,0.12509555910764636,0.14959452011653607,1.3301145959562222,-0.6292442838452428,-0.34171535893154914,-0.4503447264192495,-0.47961630695443347,-0.1903329651996133
2024-09-15,0.0902339140695485,0.07075471698112512,-0.6591523301034852,0.3040752351097131,0.7250359900536685,-0.5953170357926973,-0.08032128514056103,-0.03531405970430557
2024-09-16,0.086685159500699,0.07856076675307744,0.32702351725641954,-0.2969028346407443,-0.22088249051505082,0.8086393216620413,0.562700964630225,0.9090694990697257
2024-09-17,0.08661008141348514,0.07457414239735449,0.6179021560439146,-0.24763337721772638,0.03385681173009303,1.6998875074443642,1.8385291766586764,1.0992601582374473
2024-09-18,0.2665282104534539,0.1882574420519978,0.8272611177884581,-0.07541715111711866,-1.2418640978911766,0.6983755178172402,0.47095761381474865,0.17775520568816816
2024-09-22,0.08630510581006945,0.18007437854765662,1.8169626642577041,0.3647913456398033,0.18717211926291277,-0.29363831513350425,0.07812499999999556,-0.3640972462265246
2024-09-23,0.08623068432671577,0.08206009925364466,1.4424484121176695,0.6861977126742858,0.18155983580676605,1.7072538487017397,1.4051522248243575,1.0685292689132098
2024-09-24,0.08615639108109363,0.07418397626113293,2.2289346738199267,-0.12447874525425284,0.06828986420823746,2.7037359556527862,2.617397998460347,2.3844939243460983
2024-09-25,0.14117485021691856,0.15606101985876641,-1.5911516445134333,0.7041814669408675,0.632562534449721,-0.5673201533074157,-0.9752438109527417,-0.6012382378578929
2024-09-28,0.1272220885053077,0.15581784893459183,4.255509845571948,3.725247524752473,3.8628064684402608,-0.9996880307809652,-0.9848484848484884,-0.9983810037776597
2024-09-29,0.0858516483516425,0.07389833145345914,-2.3658668684072515,-1.1543968500179025,-0.37417443057683464,-0.9866739494268306,0.38255547054322214,-0.9902789134187295
2024-09-30,0.0892091267798989,0.07773027594248916,0.2703202458417264,0.5431994447294475,1.724137931034475,-0.7857476271977637,-0.838414634146345,-0.5299137456413971
2024-10-01,0.08912961502862693,0.07766990291262488,1.2188696476869598,2.197076567518086,7.0819704628803715,-0.9594890328835315,-0.768639508070712,-0.9478563686261876
2024-10-02,0.1370003767510397,0.15521924718664426,1.343003886729588,3.4538459279273903,6.194751700837697,-0.9982941908922793,-0.9295120061967421,-0.9941792782305003
2024-10-05,0.10945035400349301,0.15110422316930716,0.49738040612266055,-2.464158977998576,-2.3163583273408728,-0.9465648854961817,-0.9382329945269774,-0.9430190720316034
2024-10-06,0.08541460248043808,0.07737243220240497,3.866499706115367,0.7829554384841453,-2.19728740965468,-0.9974458340672898,-0.9471191791633804,-0.9994777076112293
2024-10-07,0.08875537652761611,0.08117824423055087,-1.5672670012794043,-2.7898111245884594,-5.216340122710584,0.5404443653670876,-0.6374501992031822,0.06474664876141567
2024-10-08,0.08526603001364208,0.07724990343762617,-1.6197165496038224,1.0041592394533616,0.19973048416594974,0.9401406892890263,0.721732157177235,0.9969325153374342
2024-10-09,0.13630942238882504,0.150521034349671,-0.7368073375847994,-2.097182187187485,-1.7147385864213827,0.683015201653836,0.4777070063694211,0.6264236902050024
2024-10-12,0.1259145822698704,0.15029480904851233,0.1134744511846586,-0.44764909118221174,-1.067806963958462,2.2709463969585286,2.1394611727416857,2.183550273533297
2024-10-13,0.0883692475018627,0.0846544559027329,0.9238111470939225,1.1196281989377166,0.6594546532305845,1.3855190907930082,1.4740108611326574,0.7015276688050909
2024-10-14,0.08829122521054611,0.07689350249904248,1.9151523339863585,2.548721162742118,1.359342411973996,-2.076817039975931,-1.834862385321101,-2.211375406755578
2024-10-15,0.08821334057134145,0.07683442182098155,-0.665329930732772,-0.8963650650446686,0.4260572756542125,-2.102284501547058,-2.8037383177570097,-1.284184378881259
2024-10-16,0.1355932203389809,0.15355086372361715,1.6473571386866226,-0.023492790649870532,-0.9858985175364543,0.7832059620002774,0.4006410256410353,1.0089020771513413
2024-10-19,0.12525389302640022,0.14948256036795282,2.552845795312808,1.4715817300631429,0.8934657707663884,-1.4810898503700876,0.7182761372705571,-1.330199764982376
2024-10-20,0.09466815430909659,0.07654330437445456,2.2692538507701476,1.4849765530017933,0.8855536520039564,-1.851075873526964,-2.456418383518222,-1.6768292682926789
2024-10-21,0.0979564262793442,0.08030899843205486,0.14474497500214234,-2.0508286032117296,-2.99449892370246,0.5392814075244834,0.08123476848092004,0.9253875968992187
2024-10-22,0.09786056556657652,0.0802445548337749,0.19688115253602145,-0.48340128130459625,-0.645988460969471,-0.14974186290797054,-0.8116883116883078,-0.6552733906197483
2024-10-23,0.13821933047903912,0.1527242182429056,2.3828831638700088,-2.3936325861766306,-1.6229898749255511,-1.96075505483847,-1.9639934533551506,-2.1261687888086245
2024-10-26,0.13802854834366052,0.14867904387938502,-7.877140071894228,-3.165847223887752,-1.8667070278997056,2.999954338594546,2.9215358931552693,2.999333481448563
2024-10-27,0.09749537737435698,0.08374571754854454,2.168467522589923,0.6222910216718169,1.4703614210066274,2.9997635654332555,2.9197080291970767,2.998274374460741
2024-10-28,0.10411768657216935,0.07606876616461644,3.0918241843604255,1.461493492507926,2.0798500278664367,2.4805600987059195,1.812450748620953,2.789994182664346
2024-10-29,0.08723368562322253,0.07601094557616594,3.6230917153957876,0.2668607472100959,1.4567564213922246,-2.5206142991138325,-1.6253869969040213,-1.4556073708516304
2024-10-30,0.14414535215043767,0.1557040862828485,0.6915566462911249,-0.5927897411081573,-0.9564111344846138,1.355727734254386,0.7081038552321006,-0.07580804484160764
2024-11-02,0.13054830287206887,0.15167026883555756,-1.3487896249266607,-2.017159547280034,-2.3906547133931033,-0.08218265804220692,0.31250000000000444,1.1586739620212505
2024-11-03,0.08691873098651826,0.07572028925151297,2.7908891955986226,0.8694302126998954,0.3466336057485586,-2.9461189934270715,-2.492211838006231,-2.7748738693695763
2024-11-04,0.08684324793746256,0.07944614686188345,-2.7425612569639712,-2.0040018470063092,-2.236510337871911,-0.28200295153347765,-0.6389776357827448,0.26881092073585133
2024-11-05,0.08676789587851452,0.07560293339381463,-1.308884549670486,-1.215681346987496,-0.5441931240811937,1.7876505582744784,2.1704180064308742,1.7787206266318467
2024-11-06,0.1467106798706208,0.15486892800482543,2.7699632114261075,0.9508061182306848,1.2577148488148948,-1.7540955287478788,-0.9441384736427971,-1.3674156531299442
2024-11-09,0.13317795904776997,0.15462945502546788,-2.7073368829528044,0.6426006426006436,0.6965964094552746,2.9664090259716502,2.9388403494837068,2.9701360828572776
2024-11-10,0.0864505403158855,0.07907817442385223,-3.2943759082336155,0.05633802816902289,-0.4705104402451754,2.999772313296911,2.1604938271605034,2.7175751561759887
2024-11-11,0.0863758679113591,0.07525303834141628,-4.046838781871953,-2.424299299299304,-2.672867583175753,-0.23694390715667257,-0.6042296072507503,-0.8167566855486807
2024-11-12,0.08630132439340077,0.0789562732639082,1.5493931543478778,-3.234700092969578,-1.2392354547363982,-0.45839478731728445,-0.1519756838905817,-0.8013459069376228
2024-11-13,0.14923888170330635,0.15403110676985854,2.399370011566204,2.196527961834094,1.6056997022543706,0.7846683593614179,1.21765601217656,1.0064268499509144
2024-11-16,0.1324591032518807,0.1500431374020117,-1.275314022045626,-0.8007261646189257,-0.16221873364730133,2.82296749791211,2.857142857142847,2.8964054525771665
2024-11-17,0.08598452278589797,0.0749091726281792,0.04706264199934029,-1.9640522875816968,-1.467582158394043,-1.104226940452302,0.07309941520468044,0.18035813973462655
2024-11-18,0.0859106529209619,0.08233841086866533,0.47608233710199066,-0.21334044468148683,0.2579924464067185,2.171345569070371,2.1913805697589384,2.396159286724675
2024-11-19,0.08583690987125081,0.07853109457387486,2.699277555797708,1.1859027893769802,2.0347526197108445,-0.6656613099311093,-0.786275911365264,-0.34536168787675514
2024-11-20,0.14843646919118214,0.15320230177116034,2.3343734525933524,0.36315615714757055,3.2629608444698643,-1.4719946497241287,-1.0086455331412059,-0.7687299153556926
2024-11-23,0.1284542669872435,0.15296795134873697,2.496946981159609,1.078947368421046,0.4884558249615978,2.3960793896445898,1.6739446870451147,2.125092602391798
2024-11-24,0.08552631578946368,0.07822977201610293,-2.0914200074934386,0.03905233012235776,-1.9543484252461774,2.920704787410333,2.863278453829632,2.911977450309844
2024-11-25,0.08545323078945621,0.07816862088219079,-2.0059850450409034,-0.07156798959011557,-1.5537553346451682,2.9189746232126668,2.8531663187195466,2.984653804325932
2024-11-26,0.08538027058977438,0.07438815740534732,0.17963417110544722,0.6901490982485825,0.16873036887055104,-1.311705216781811,-0.6765899864682012,-0.25226846057572194
2024-11-27,0.14764748343067957,0.15609901137292326,0.595627904075835,-0.40413837698027866,-1.6144915517777525,0.08307122564934488,0.47683923705721387,-0.42347128825455105
2024-11-30,0.12777249942665936,0.08906041264657993,2.2738545477090977,0.2986528161012858,1.1589622020281798,-1.1575966089452328,-0.9491525423728775,-1.0277411352405008
2024-12-01,0.08507296642890072,0.09268871422216662,-1.4791688768319156,-0.8382690876136856,-0.4114047650045527,-0.761538461538458,-0.8898015058179332,-0.08553979589807081
2024-12-02,0.08500065385117495,0.10001111234581028,0.8791360930361369,-0.5385469025393275,-0.135958375820322,2.9267757021419483,2.900552486187835,2.8809779795325063
2024-12-03,0.0947279022669445,0.0962107756068642,0.9263706855143106,0.3051881993896277,-0.15708862416546898,1.558901238209387,1.8120805369127524,1.5152981247460007
2024-12-04,0.15337923832523526,0.1552680221811542,0.3822560662375629,-0.7328404109140929,0.11800183558410282,0.09825307272581796,0.7251153592616966,-0.30883025773982276
2024-12-07,0.13359400456174342,0.09596928982724684,-0.5335721488884504,-0.7184760398127987,-0.40073336825563466,-1.9915301322336543,-2.0942408376963373,-2.1264389796152527
2024-12-08,0.0943672513097571,0.09587727708533222,1.1349106068745396,-0.9527287212853564,-0.5285718042443488,-0.45351473922902175,0.06684491978610207,0.05666054472275306
2024-12-09,0.09427828348504974,0.09578544061301653,0.542384546903163,2.0578476388376954,2.455982657431388,2.991014932928371,2.9392117568470377,2.9837339634062987
2024-12-10,0.09418948325701226,0.0956937799043045,1.2909802520945979,-0.3875077994154541,-0.5986324345245819,0.9350789779255075,0.6489292667099189,0.6124499895712843
2024-12-11,0.14926341748329186,0.1544344756581939,2.906067039352389,5.030824514555099,2.6140227915790515,1.5034481919057319,1.1605415860735047,0.552184237307296
2024-12-14,0.1328408501814371,0.0954548792128751,2.428525538066184,5.715810289086276,4.454844421958004,2.9995382558062778,2.9955385595920925,2.9987817449161236
2024-12-15,0.09383594887557578,0.09903169014084945,0.1644748304724386,-2.3663895486935815,-1.9931704245477189,2.8091359505359126,2.722772277227725,2.9988172140842595
2024-12-16,0.09374797956940295,0.09526950276648183,1.5439421665286668,-2.445032387555879,-2.6415933577147332,0.4094322313207055,-0.5421686746987953,0.8303446813773041
2024-12-17,0.09366017504763846,0.09883955046308124,1.0648065669923712,1.4308426073131875,0.9188050458133423,-2.2294412579169753,-1.3930950938824904,-2.22346818986211
2024-12-18,0.148425400103247,0.15359859566999035,-1.6800455605575748,-2.4310037494621684,-1.6548879555343121,-1.1525415907150616,-0.8599508599508643,-0.8852412013475752
2024-12-21,0.14176171145048322,0.09493901993720133,-3.1209918768704603,0.5921819384508753,-0.20203053474158184,2.988480257706083,2.973977695167296,2.9940336286385927
2024-12-22,0.09330158934430788,0.09849700860937727,-1.3708965635053971,-1.0959762016596208,-1.5990159901599021,0.016432550048439687,0.5415162454873723,0.7671242495523645
2024-12-23,0.09321461862363822,0.09475563978278423,3.223012860297625,-1.4183948076618602,0.3385416666666696,0.9002424819271715,1.376421304608022,1.341393306970029
2024-12-24,0.09955041746949611,0.09830693610048957,0.38173275910284854,-0.9313678260590263,-0.8694523747729055,1.9534298724852128,2.5383707201888983,2.5321025217884596
2024-12-25,0.14757306470758458,0.15277171540812873,-1.175667581384332,-1.546341621551528,-0.020945149888729198,-1.420892628981807,-0.9786989061600471,-0.2531603125104809
2024-12-28,0.13774545920492987,0.09806057964698578,2.2087532595672643,1.208429371089892,1.6314452562390391,0.6340923819526667,0.05813953488371659,-1.2269938650306789
2024-12-29,0.08637236084452216,0.09433619970247165,-2.0058748896734313,-0.05856134300680216,-0.5720175212574063,-1.7354036784340332,-2.730970366066243,-1.2643580362460605
2024-12-30,0.08629782337712388,0.09787218617465232,-0.8155367132252067,1.9206354373514811,0.2202757333886085,-1.0084460890935287,-1.0155316606929476,-0.9117231394988101
2024-12-31,0.08622341444721737,0.0977764901861411,1.0123726552966783,-0.5301989843176091,-1.05499961213249,1.3445953658258292,0.9656004828002329,1.8367453429113167
2025-01-01,0.14677259819406707,0.1519481929018518,-0.14116853837887744,-1.2908197668818011,-0.5801646413171269,1.5458170022976114,1.3150029886431547,1.0452783138909183
2025-01-04,0.1401854270876468,0.09392045659790682,-1.419307647944179,-0.28626264597768625,0.1892595221197002,2.9303298007442358,2.9498525073746285,2.7213874004834215
2025-01-05,0.08908402532532556,0.10105020029593792,-0.1583858908136171,-0.5317587185593609,-0.6034369670733342,0.09590258883112046,-1.2034383954154682,0.3406229945204231
2025-01-06,0.0858259957404961,0.09013231423729007,-0.6331194351945846,0.347654968842237,0.3431437244291846,0.5323414951852401,0.11600928074246841,-0.1951523500278829
2025-01-07,0.09210442736453661,0.09725524097687899,1.691404901622362,0.6896326317165746,0.6760489280547066,2.607992632728684,1.91193511008112,2.397344681969793
2025-01-08,0.1523084245597328,0.15833603224297832,1.478699932111338,1.9443632940565392,0.8465719063545096,1.2601556018221327,0.17055144968731728,1.3575531949035602
2025-01-11,0.15207679878339597,0.12934286638164316,2.7136077603328257,1.5474750047761665,0.9223753756866016,-1.2635397664615744,-1.6458569807037415,-0.666518903172697
2025-01-12,0.08857676125400005,0.12917578671642893,-0.6730306052526225,2.837702245077134,2.551858697884568,-2.737388181998479,-2.3081361800346256,-2.124539789299207
2025-01-13,0.14855083915421563,0.12900913814728465,0.8688465242723709,1.8873677470500283,0.9913383067140735,1.6301694023964197,0.945067926757237,1.4720729522879061
2025-01-15,0.17673420438049092,0.1503167388425597,-0.9331428223168792,2.292315058654526,1.5938723910564612,0.7930348101098827,1.8724400234054972,0.3434220239432628
2025-01-18,0.17012160544389587,0.10006075117034996,-0.35134488533442587,-2.2555731086536746,-1.383432963279252,-2.309574072424969,-1.7231476163124593,-2.760363357215967
2025-01-19,0.09120644106177522,0.09282067759095458,0.6626377923048876,-1.065517344587108,0.019793161462722253,0.4847392917658677,0.8766803039158333,-0.12335120555244661
2025-01-20,0.08798114689709813,0.09986803152977064,0.49949913797215917,-1.0164876720617166,-1.3605105625092762,-1.6072915110247776,-1.1008111239860896,-1.210334776952593
2025-01-21,0.08790380811853904,0.09620523784072965,1.8246541903987001,1.509826094929556,0.7172233925168081,0.25436046511628785,-1.1716461628588193,-0.1250166688891885
2025-01-22,0.14428656566607412,0.14950875694148547,2.8048025251213637,2.5351518983530497,1.61097554902645,2.9520754329115606,2.9638411381149865,2.995810871705862
2025-01-25,0.13781438907507493,0.11729579867776341,1.8240350297636487,1.309646160622524,1.5119213898894923,1.20855446376964,0.28785261945882823,0.4423774954627868
2025-01-26,0.08757936880297024,0.09940710760818483,0.6030572713566773,2.599924639865514,3.3819340510790274,-0.6676704220964669,-0.6888633754305373,-0.7792207792207795
2025-01-27,0.16250507828370342,0.14541585387479739,-0.4603312108354851,0.20622634047120503,0.8896257034114008,-0.5143108026175458,-0.6358381502890142,-0.8861500439010128
2025-01-29,0.19344170228698943,0.2089531095055941,-0.47834124216263874,-1.4518902765639496,-1.265969264950939,0.72186613428602,-0.17452006980802626,0.4265301770100205
2025-02-01,0.11833213963192701,0.09895741297047955,2.2046902327244045,-0.1830873097608432,-0.6422728018564916,-2.2684832615249784,-1.3986013986013957,-1.244752274694938
2025-02-02,0.09019937171472758,0.0988595840835993,1.569447914064459,-0.8569299552906084,-0.5449784131927204,0.5459931150428199,0.8865248226950451,0.4581920436688369
2025-02-03,0.08701056556867925,0.0987619484321467,0.44209969686348494,1.913681958777791,2.5026093557263485,0.11678026201245029,0.17574692442883233,0.11855364552459946
2025-02-04,0.08693492300049233,0.09866450544415706,0.22038297663939943,-0.5417671252304634,-0.7798940084700612,1.856230912792678,1.3450292397660712,1.1693309650680828
2025-02-05,0.1364933614592445,0.15489140000704005,3.1378274042220378,-0.04563084645220483,-0.10029388440546683,-1.2966597088111431,-0.9809578765147098,-0.33975453141510403
2025-02-09,0.22614622057002265,0.25306667603950395,9.812909759607692,5.178612188997955,4.6368284653638625,2.473921252201805,0.9906759906759932,0.7862199458454233
2025-02-11,0.18236330479399765,0.14724958805174548,-2.1961190391439844,0.5940916366003801,0.05578240399848333,-2.2700955694280767,-2.2504327755337616,-1.3578688418463103
2025-02-15,0.26841910403554436,0.2555575004375976,1.550626978262537,0.1348363087212201,0.28321662726906727,-2.996345406481371,-2.5383707201888983,-2.32981673202185
2025-02-16,0.11384965691252358,0.10126405475243683,-0.6293508834804951,-1.260368415382962,-1.454335208699331,-2.9238686701989036,-2.9073288915808626,-0.8903223638898727
2025-02-17,0.11372018686992558,0.09767328286880428,1.4792430559729786,-1.1264455596770695,-1.6157057429764143,1.5070852579660121,1.6219588271989993,1.2508686587908269
2025-02-18,0.10745095631350399,0.10106290294475961,2.402722583007555,-0.6372238007227415,-0.6215738893093903,0.8423453450640883,0.798035604665448,0.3297788640206134
2025-02-19,0.13800294406280944,0.1566634173513437,4.687434268646662,2.5957801221543564,1.9663958641063406,0.4004457895829372,0.3045066991473888,0.6440417792905606
2025-02-22,0.1194377239457367,0.10080294761722897,4.744778533468619,1.5180625084562305,1.07967406066094,-0.9799813906920862,0.6678809957498588,-0.8255968169761263
2025-02-23,0.11929524042579853,0.0972289742343202,-4.246911685720867,-2.3136794967480556,-1.7197751752244916,2.140368615986543,1.7490952955367955,1.181839457055922
2025-02-24,0.11609788885154071,0.1006036217303885,0.46275892463640833,-1.307029032962237,-0.8703775433479888,2.2961914855842425,2.19324244220509,2.607014819342801
2025-02-25,0.11596325795721896,0.09357130479985543,-3.8226086262936443,-0.06911996461057557,-0.15859516859355605,0.6647698287060688,0.2900232018561377,0.6987940167775042
2025-02-26,0.13716584875178572,0.16273111280382668,2.0002280643556247,0.19090305444886546,-0.347621897877437,-1.6054961991588512,-0.5205320994794649,-1.909147599174943
2025-03-01,0.12175818823816353,0.10024542846278628,-4.581095295929105,-0.9361279098666242,-1.1181186037378388,0.3323917337467952,0.9883720930232487,-0.11410500920990829
2025-03-02,0.10640885321657745,0.1001450376407309,-1.1434079628485638,-1.003512293025588,-0.5093100950867901,0.45353994009251775,0.5757052389176787,0.24805391908873098
2025-03-03,0.10629574513316697,0.09659502535619424,-2.537373737373738,-1.9851326237540157,-1.8386755899964746,-2.9997629270605564,-2.6903262736119093,-2.9855605658565154
2025-03-04,0.1061828772525919,0.09994830260209309,1.899787192880642,-0.6693671176994487,-0.5143294579206703,-0.38290037529667975,0.5294117647058894,0.07550969041028033
2025-03-05,0.12122314149771718,0.1583803883762558,-2.200138864780421,-1.6022674687644622,-1.6567677399187297,-0.8145418066035637,-0.702165008777067,-0.984238765928902
2025-03-08,0.12107636891969253,0.09625300790649938,4.266317611039616,0.30568455705131115,-0.24695584136144033,-2.102549444267321,-1.00176782557454,-2.006671972634755
2025-03-09,0.10581370740998519,0.10302905419328212,3.1108368619273463,1.0695657270116676,1.019682819815193,-2.654171603115152,-2.5595238095238115,-1.6503075965991543
2025-03-10,0.10570186035274709,0.10292301358583167,-0.6985286530881818,-0.24644110057696622,-1.300560502753989,1.517563592317006,1.3439218081856996,1.073568429005678
2025-03-11,0.10559024949468032,0.09938995133320638,-1.0873744038403577,2.3251758414229995,1.5758290926076057,-0.9153357083198421,-0.7233273056057921,-0.19991655656769192
2025-03-12,0.12054728467241205,0.16776800082172194,-0.4606358560631074,-0.1192978469578998,-0.32431385836680926,0.4174551293078643,-0.06071645415908211,0.3588287550732483
2025-03-15,0.1234121967371049,0.10596117035821528,0.15777365021740763,-0.9213968831759733,-0.2331002331002363,2.958005459176105,2.6123936816524918,2.843009632908089
2025-03-16,0.11424104861257334,0.10243452726466096,3.000879822560343,0.6486796785304172,0.7763823987538832,-0.5224683579407419,-0.1776198934280604,-0.3847906435117232
2025-03-17,0.09609321041410546,0.10574069652420359,6.0366124998081805,3.6559630411224564,4.803535634071543,-0.5753919578938005,-0.059311981020171434,-1.0639559508682783
2025-03-18,0.3270032700326997,0.3850347553495892,7.328673622466941,2.841972047980623,3.0463637201585403,-2.8184652654718367,-1.1275964391691429,-1.7226912341387401
2025-03-25,0.3498594581663683,0.31227724788702726,-1.5847048565855615,-0.508279607287121,-0.2840019678876482,2.9734907500374996,2.881152460984393,2.925545817288433
2025-03-26,0.11621323638963954,0.16918756133048607,3.543310682449219,1.0647737355811815,1.1414859500796126,1.6032412258827344,0.4667444574095736,0.9615710174369463
2025-03-29,0.2023929995833118,0.10471911630578479,6.400864445277521,1.8729880011706168,2.1662971175166357,-0.17373367454994737,0.4645760743321681,0.24481035581340738
2025-03-30,0.29406522901442855,0.415063778092728,-1.7882013529645802,-0.5301506881512652,-1.5083447273043005,2.1895390531334824,2.0809248554913395,1.6057808109193106
